Workbook

Sheet Sayfa1
A1: STOK KODU | B1: AÇIKLAMA | C1: 04 TEMMUZ HOROZ | D1: 15 HAZİRAN Studioline HOROZ | E1: 26 HAZİRAN YILDIZ DEPO | F1: CAM OFİS | G1: İNTERNET DEPO | H1: STUDIO LINE CEPA | I1: ANKAMALL | J1: CEPA | K1: ONE TOWER | L1: PANORA | M1: OPTIMUM TEŞHİR | N1: TOPLAM STOK | O1: 23 HAZİRAN BEKLEYEN | P1: PRİM HARİÇ ÜRÜN | Q1: TEMMUZ TOPTAN | R1: HAVALE FİYATI | S1: TEK ÇEKİM FİYATI | T1: TAKSİTLİ FİYATI 3/6 TAKSİT | U1: WEB TAHSİLAT BONUS 9 | V1: TEMMUZ BİP | W1: 31.08.2026 montaj zorunlu phase out | X1: Hakedişler LİSTE FİYATINDAN SATILIRSA geçerli olacak
A2: KA93NVL30N | B2: =IFERROR(HYPERLINK(VLOOKUP(A2,ÜRÜNLER!A:C,3,FALSE),VLOOKUP(A2,ÜRÜNLER!A:B,2,FALSE)),"") -> iQ300 Gardırop Tipi Buzdolabı, 90.8cm, Inox | J2: 1 | K2: 1 | N2: =L2+M2+K2+J2+I2+H2+G2+F2+E2+D2+C2 -> 2 | Q2: devamı yok | R2: 80000 | S2: 83200 | T2: 86400 | U2: 88000 | X2: 250
A3: KF96RSBEA | B3: =IFERROR(HYPERLINK(VLOOKUP(A3,ÜRÜNLER!A:C,3,FALSE),VLOOKUP(A3,ÜRÜNLER!A:B,2,FALSE)),"") -> iQ700 Gardırop Tipi Buzdolabı, Cam Kapı, Alkol Çekmeceli, 90.5cm, Siyah | C3: 8 | I3: 1 | J3: 1 | L3: 1 | N3: =L3+M3+K3+J3+I3+H3+G3+F3+E3+D3+C3 -> 11 | Q3: 210521.14 | R3: 199995.08 | S3: 207994.89 | T3: 215994.69 | U3: 219994.59
A4: KF96NAXEA | B4: =IFERROR(HYPERLINK(VLOOKUP(A4,ÜRÜNLER!A:C,3,FALSE),VLOOKUP(A4,ÜRÜNLER!A:B,2,FALSE)),"") -> iQ300 Gardırop Tipi Buzdolabı, 90.5cm, BlackSteel | C4: 22 | I4: 1 | J4: 1 | K4: 2 | L4: 1 | N4: =L4+M4+K4+J4+I4+H4+G4+F4+E4+D4+C4 -> 27 | Q4: 128387.15 | R4: 119400.05 | S4: 124176.05 | T4: 128952.05 | U4: 131340.05 | V4: 32818.515
A5: KF96NVPEA | B5: =IFERROR(HYPERLINK(VLOOKUP(A5,ÜRÜNLER!A:C,3,FALSE),VLOOKUP(A5,ÜRÜNLER!A:B,2,FALSE)),"") -> iQ300 Gardırop Tipi Buzdolabı, 90.5cm, Inox | C5: 39 | I5: 1 | K5: 2 | N5: =L5+M5+K5+J5+I5+H5+G5+F5+E5+D5+C5 -> 42 | Q5: 113545.45 | R5: 105597.27 | S5: 109821.16 | T5: 114045.05 | U5: 116157 | V5: 18996.614
A6: KD43NNWE0N | B6: =IFERROR(HYPERLINK(VLOOKUP(A6,ÜRÜNLER!A:C,3,FALSE),VLOOKUP(A6,ÜRÜNLER!A:B,2,FALSE)),"") -> iQ100 Üstten Donduruculu Kulpsuz Buzdolabı, 70cm, Beyaz | C6: 3 | N6: =L6+M6+K6+J6+I6+H6+G6+F6+E6+D6+C6 -> 3 | P6: PRİM HARİÇ | Q6: 31769.317 | R6: 31769.317 | S6: 33040.09 | T6: 34310.863 | U6: 34946.249
A7: KD55NNWE0N | B7: =IFERROR(HYPERLINK(VLOOKUP(A7,ÜRÜNLER!A:C,3,FALSE),VLOOKUP(A7,ÜRÜNLER!A:B,2,FALSE)),"") -> iQ300 Üstten Donduruculu Kulpsuz Buzdolabı, 70cm, Beyaz | C7: 6 | N7: =L7+M7+K7+J7+I7+H7+G7+F7+E7+D7+C7 -> 6 | P7: PRİM HARİÇ | Q7: 35726.773 | R7: 35000 | S7: 36400 | T7: 37800 | U7: 38500 | V7: 979.09857
A8: KD55NNLE0N | B8: =IFERROR(HYPERLINK(VLOOKUP(A8,ÜRÜNLER!A:C,3,FALSE),VLOOKUP(A8,ÜRÜNLER!A:B,2,FALSE)),"") -> iQ300 Üstten Donduruculu Kulpsuz Buzdolabı, 70cm, Inox Görünümlü | C8: 8 | N8: =L8+M8+K8+J8+I8+H8+G8+F8+E8+D8+C8 -> 8 | P8: PRİM HARİÇ | Q8: 41958.595 | R8: 41000 | S8: 42640 | T8: 44280 | U8: 45100 | V8: 5859.7582
A9: KD56NXWF1N | B9: =IFERROR(HYPERLINK(VLOOKUP(A9,ÜRÜNLER!A:C,3,FALSE),VLOOKUP(A9,ÜRÜNLER!A:B,2,FALSE)),"") -> iQ300 Üstten Donduruculu Kulpsuz Buzdolabı, 70cm, Beyaz | K9: 1 | N9: =L9+M9+K9+J9+I9+H9+G9+F9+E9+D9+C9 -> 1 | Q9: devamı yok | R9: 40000 | S9: 41600 | T9: 43200 | U9: 44000 | X9: 250
A10: KD76NAIE1N | B10: =IFERROR(HYPERLINK(VLOOKUP(A10,ÜRÜNLER!A:C,3,FALSE),VLOOKUP(A10,ÜRÜNLER!A:B,2,FALSE)),"") -> iQ500 Üstten Donduruculu Kulplu Buzdolabı, 75cm, Inox | C10: 12 | N10: =L10+M10+K10+J10+I10+H10+G10+F10+E10+D10+C10 -> 12 | Q10: 82878.063 | R10: 77000 | S10: 80080 | T10: 83160 | U10: 84700 | V10: 14278.063
A11: KD76NAWE1N | B11: =IFERROR(HYPERLINK(VLOOKUP(A11,ÜRÜNLER!A:C,3,FALSE),VLOOKUP(A11,ÜRÜNLER!A:B,2,FALSE)),"") -> iQ500 Üstten Donduruculu Kulplu Buzdolabı, 75cm, Beyaz | C11: 5 | N11: =L11+M11+K11+J11+I11+H11+G11+F11+E11+D11+C11 -> 5 | Q11: 60820.823 | R11: 57779.782 | S11: 60090.973 | T11: 62402.164 | U11: 63557.76
A12: KD76NXIE1N | B12: =IFERROR(HYPERLINK(VLOOKUP(A12,ÜRÜNLER!A:C,3,FALSE),VLOOKUP(A12,ÜRÜNLER!A:B,2,FALSE)),"") -> iQ500 Üstten Donduruculu Kulpsuz Buzdolabı, 75cm, Inox | C12: 13 | N12: =L12+M12+K12+J12+I12+H12+G12+F12+E12+D12+C12 -> 13 | Q12: 66166.491 | R12: 61000 | S12: 63440 | T12: 65880 | U12: 67100 | V12: 4802.538
A13: KD76NXWE1N | B13: =IFERROR(HYPERLINK(VLOOKUP(A13,ÜRÜNLER!A:C,3,FALSE),VLOOKUP(A13,ÜRÜNLER!A:B,2,FALSE)),"") -> iQ300 Üstten Donduruculu, Kulpsuz Buzdolabı, 75cm, Beyaz | C13: 5 | I13: 1 | J13: 1 | L13: 1 | N13: =L13+M13+K13+J13+I13+H13+G13+F13+E13+D13+C13 -> 8 | O13: 1 | Q13: 61265.27 | R13: 58202.006 | S13: 60530.087 | T13: 62858.167 | U13: 64022.207 | V13: 3669.921
A14: KD76NXWE0N | B14: =IFERROR(HYPERLINK(VLOOKUP(A14,ÜRÜNLER!A:C,3,FALSE),VLOOKUP(A14,ÜRÜNLER!A:B,2,FALSE)),"") -> iQ300 Üstten Donduruculu Kulpsuz Buzdolabı, 75cm, Beyaz | K14: 1 | N14: =L14+M14+K14+J14+I14+H14+G14+F14+E14+D14+C14 -> 1 | Q14: devamı yok | R14: 55000 | S14: 57200 | T14: 59400 | U14: 60500 | X14: 250
A15: KD86NAID1N | B15: =IFERROR(HYPERLINK(VLOOKUP(A15,ÜRÜNLER!A:C,3,FALSE),VLOOKUP(A15,ÜRÜNLER!A:B,2,FALSE)),"") -> iQ500 Üstten Donduruculu Kulplu Buzdolabı, 86cm, Inox | C15: 11 | E15: 1 | I15: 1 | J15: 1 | M15: 1 | N15: =L15+M15+K15+J15+I15+H15+G15+F15+E15+D15+C15 -> 15 | O15: 2 | Q15: 95662.202 | R15: 90879.092 | S15: 94514.256 | T15: 98149.42 | U15: 99967.001 | V15: 20501.737
A16: KD86NAWE1N | B16: =IFERROR(HYPERLINK(VLOOKUP(A16,ÜRÜNLER!A:C,3,FALSE),VLOOKUP(A16,ÜRÜNLER!A:B,2,FALSE)),"") -> iQ500 Üstten Donduruculu Kulplu Buzdolabı, 86cm, Beyaz | C16: 8 | N16: =L16+M16+K16+J16+I16+H16+G16+F16+E16+D16+C16 -> 8 | Q16: 83239.542 | R16: 79077.565 | S16: 82240.667 | T16: 85403.77 | U16: 86985.321 | V16: 13182.565
A17: KD86NHID1N | B17: =IFERROR(HYPERLINK(VLOOKUP(A17,ÜRÜNLER!A:C,3,FALSE),VLOOKUP(A17,ÜRÜNLER!A:B,2,FALSE)),"") -> iQ500 Üstten Donduruculu Kulplu Buzdolabı, 86cm, Inox | K17: 1 | N17: =L17+M17+K17+J17+I17+H17+G17+F17+E17+D17+C17 -> 1 | Q17: devamı yok | R17: 55000 | S17: 57200 | T17: 59400 | U17: 60500 | X17: 250
A18: KG36NNLE0N | B18: =IFERROR(HYPERLINK(VLOOKUP(A18,ÜRÜNLER!A:C,3,FALSE),VLOOKUP(A18,ÜRÜNLER!A:B,2,FALSE)),"") -> iQ100 Alttan Donduruculu Kulpsuz Buzdolabı, 60cm, Inox | F18: 1 | N18: =L18+M18+K18+J18+I18+H18+G18+F18+E18+D18+C18 -> 1 | Q18: devamı yok | R18: 40000 | S18: 41600 | T18: 43200 | U18: 44000 | X18: 250
A19: KG55NCIE0N | B19: =IFERROR(HYPERLINK(VLOOKUP(A19,ÜRÜNLER!A:C,3,FALSE),VLOOKUP(A19,ÜRÜNLER!A:B,2,FALSE)),"") -> iQ300 Alttan Donduruculu Kulpsuz Buzdolabı, 70cm, Inox | C19: 112 | E19: 4 | F19: 1 | I19: 1 | J19: 1 | K19: 1 | L19: 1 | N19: =L19+M19+K19+J19+I19+H19+G19+F19+E19+D19+C19 -> 121 | Q19: 63469.622 | R19: 59026.749 | S19: 61387.819 | T19: 63748.889 | U19: 64929.423 | V19: 15763.808
A20: KG55NCWE0N | B20: =IFERROR(HYPERLINK(VLOOKUP(A20,ÜRÜNLER!A:C,3,FALSE),VLOOKUP(A20,ÜRÜNLER!A:B,2,FALSE)),"") -> iQ300 Alttan Donduruculu Kulpsuz Buzdolabı, 70cm, Beyaz | C20: 93 | I20: 1 | K20: 2 | N20: =L20+M20+K20+J20+I20+H20+G20+F20+E20+D20+C20 -> 96 | Q20: 57039.061 | R20: 53046.327 | S20: 55168.18 | T20: 57290.033 | U20: 58350.96 | V20: 11099.526
A21: KG55NVIE0N | B21: =IFERROR(HYPERLINK(VLOOKUP(A21,ÜRÜNLER!A:C,3,FALSE),VLOOKUP(A21,ÜRÜNLER!A:B,2,FALSE)),"") -> iQ300 Alttan Donduruculu Kulpsuz Buzdolabı, 70cm, Inox | C21: 15 | E21: 1 | K21: 1 | N21: =L21+M21+K21+J21+I21+H21+G21+F21+E21+D21+C21 -> 17 | Q21: 51274.363 | R21: 47685.157 | S21: 49592.564 | T21: 51499.97 | U21: 52453.673 | V21: 7695.2929
A22: KG55NVWE0N | B22: =IFERROR(HYPERLINK(VLOOKUP(A22,ÜRÜNLER!A:C,3,FALSE),VLOOKUP(A22,ÜRÜNLER!A:B,2,FALSE)),"") -> iQ300 Alttan Donduruculu Kulpsuz Buzdolabı, 70cm, Beyaz | E22: 1 | I22: 1 | K22: 1 | N22: =L22+M22+K22+J22+I22+H22+G22+F22+E22+D22+C22 -> 3 | Q22: 46796.713 | R22: 44456.877 | S22: 46235.152 | T22: 48013.427 | U22: 48902.565 | V22: 6481.5964
A23: KG56NLBE0N | B23: =IFERROR(HYPERLINK(VLOOKUP(A23,ÜRÜNLER!A:C,3,FALSE),VLOOKUP(A23,ÜRÜNLER!A:B,2,FALSE)),"") -> iQ500 Alttan Donduruculu Kulpsuz Buzdolabı, 70cm, Parlak Siyah | C23: 10 | I23: 2 | J23: 1 | L23: 2 | M23: 1 | N23: =L23+M23+K23+J23+I23+H23+G23+F23+E23+D23+C23 -> 16 | Q23: 58065.822 | R23: 55162.531 | S23: 57369.032 | T23: 59575.533 | U23: 60678.784
A24: KG56NQWF0N | B24: =IFERROR(HYPERLINK(VLOOKUP(A24,ÜRÜNLER!A:C,3,FALSE),VLOOKUP(A24,ÜRÜNLER!A:B,2,FALSE)),"") -> iQ500 Alttan Donduruculu Kulpsuz Buzdolabı, 70cm, Seramik Desen | J24: 1 | N24: =L24+M24+K24+J24+I24+H24+G24+F24+E24+D24+C24 -> 1 | Q24: devamı yok | R24: 48000 | S24: 49920 | T24: 51840 | U24: 52800 | X24: 250
A25: KG56NTEE0N | B25: =IFERROR(HYPERLINK(VLOOKUP(A25,ÜRÜNLER!A:C,3,FALSE),VLOOKUP(A25,ÜRÜNLER!A:B,2,FALSE)),"") -> iQ500 Alttan Donduruculu Kulpsuz Buzdolabı, 70cm, Mat Siyah | F25: 1 | N25: =L25+M25+K25+J25+I25+H25+G25+F25+E25+D25+C25 -> 1 | Q25: devamı yok | R25: 48000 | S25: 49920 | T25: 51840 | U25: 52800 | X25: 250
A26: KG56NTWE0N | B26: =IFERROR(HYPERLINK(VLOOKUP(A26,ÜRÜNLER!A:C,3,FALSE),VLOOKUP(A26,ÜRÜNLER!A:B,2,FALSE)),"") -> iQ500 Alttan Donduruculu Kulpsuz Buzdolabı, 70cm, Seramik Desen | I26: 1 | K26: 1 | N26: =L26+M26+K26+J26+I26+H26+G26+F26+E26+D26+C26 -> 2 | Q26: devamı yok | R26: 48000 | S26: 49920 | T26: 51840 | U26: 52800 | X26: 250
A27: KG56NNWD0N | B27: =IFERROR(HYPERLINK(VLOOKUP(A27,ÜRÜNLER!A:C,3,FALSE),VLOOKUP(A27,ÜRÜNLER!A:B,2,FALSE)),"") -> iQ100 Alttan Donduruculu Kulpsuz Buzdolabı, 70cm, Beyaz (Wi-Fi) | C27: 5 | N27: =L27+M27+K27+J27+I27+H27+G27+F27+E27+D27+C27 -> 5 | Q27: 38507.814 | R27: 38507.814 | S27: 40048.127 | T27: 41588.439 | U27: 42358.595
A28: KG56NVPD0N | B28: =IFERROR(HYPERLINK(VLOOKUP(A28,ÜRÜNLER!A:C,3,FALSE),VLOOKUP(A28,ÜRÜNLER!A:B,2,FALSE)),"") -> iQ300 Alttan Donduruculu Kulpsuz Buzdolabı, 70cm, Inox (Wi-Fi) | C28: 1 | N28: =L28+M28+K28+J28+I28+H28+G28+F28+E28+D28+C28 -> 1 | Q28: 45794.451 | R28: 45794.451 | S28: 47626.229 | T28: 49458.007 | U28: 50373.897 | V28: 367.70719
A29: KG56NVWD0N | B29: =IFERROR(HYPERLINK(VLOOKUP(A29,ÜRÜNLER!A:C,3,FALSE),VLOOKUP(A29,ÜRÜNLER!A:B,2,FALSE)),"") -> iQ300 Alttan Donduruculu Kulpsuz Buzdolabı, 70cm, Beyaz (Wi-Fi) | N29: =L29+M29+K29+J29+I29+H29+G29+F29+E29+D29+C29 -> 0 | O29: 5 | Q29: 42393.399 | R29: 42393.399 | S29: 44089.134 | T29: 45784.87 | U29: 46632.738
A30: KG76APIE0N | B30: =IFERROR(HYPERLINK(VLOOKUP(A30,ÜRÜNLER!A:C,3,FALSE),VLOOKUP(A30,ÜRÜNLER!A:B,2,FALSE)),"") -> iQ700 Alttan Donduruculu Kulplu Buzdolabı, 75cm, Inox | C30: 16 | N30: =L30+M30+K30+J30+I30+H30+G30+F30+E30+D30+C30 -> 16 | Q30: 82180.742 | R30: 78071.705 | S30: 81194.573 | T30: 84317.441 | U30: 85878.876 | V30: 2991.2073 | X30: 250
A31: KG76NCIE0N | B31: =IFERROR(HYPERLINK(VLOOKUP(A31,ÜRÜNLER!A:C,3,FALSE),VLOOKUP(A31,ÜRÜNLER!A:B,2,FALSE)),"") -> iQ500 Alttan Donduruculu Kulplu Buzdolabı, 75cm, Inox | C31: 34 | I31: 1 | J31: 1 | K31: 3 | L31: 1 | N31: =L31+M31+K31+J31+I31+H31+G31+F31+E31+D31+C31 -> 40 | O31: 1 | Q31: 84280.726 | R31: 80066.69 | S31: 83269.357 | T31: 86472.025 | U31: 88073.359 | V31: 13930.726
A32: KG76NCWE0N | B32: =IFERROR(HYPERLINK(VLOOKUP(A32,ÜRÜNLER!A:C,3,FALSE),VLOOKUP(A32,ÜRÜNLER!A:B,2,FALSE)),"") -> iQ500 Alttan Donduruculu Kulplu Buzdolabı, 75cm, Beyaz | C32: 46 | I32: 1 | K32: 1 | N32: =L32+M32+K32+J32+I32+H32+G32+F32+E32+D32+C32 -> 48 | Q32: 77045.044 | R32: 73192.792 | S32: 76120.503 | T32: 79048.215 | U32: 80512.071 | V32: 9714.8112
A33: KG76NCXE0N | B33: =IFERROR(HYPERLINK(VLOOKUP(A33,ÜRÜNLER!A:C,3,FALSE),VLOOKUP(A33,ÜRÜNLER!A:B,2,FALSE)),"") -> iQ500 Alttan Donduruculu Kulpsuz Buzdolabı, 75cm, darkSteel | I33: 1 | J33: 1 | L33: 1 | N33: =L33+M33+K33+J33+I33+H33+G33+F33+E33+D33+C33 -> 3 | O33: 39 | Q33: 95152.057 | R33: 95152.057 | S33: 98958.14 | T33: 102764.22 | U33: 104667.26 | V33: 23157.871
A34: KG76NVIE0N | B34: =IFERROR(HYPERLINK(VLOOKUP(A34,ÜRÜNLER!A:C,3,FALSE),VLOOKUP(A34,ÜRÜNLER!A:B,2,FALSE)),"") -> iQ300 Alttan Donduruculu Kulpsuz Buzdolabı, 75cm, Inox | C34: 37 | F34: 1 | I34: 1 | K34: 2 | N34: =L34+M34+K34+J34+I34+H34+G34+F34+E34+D34+C34 -> 41 | O34: 1 | Q34: 76173.043 | R34: 72364.391 | S34: 75258.967 | T34: 78153.542 | U34: 79600.83 | V34: 12090.485
A35: KG76NVWE0N | B35: =IFERROR(HYPERLINK(VLOOKUP(A35,ÜRÜNLER!A:C,3,FALSE),VLOOKUP(A35,ÜRÜNLER!A:B,2,FALSE)),"") -> iQ300 Alttan Donduruculu Kulpsuz Buzdolabı, 75cm, Beyaz | C35: 48 | I35: 1 | J35: 1 | L35: 1 | N35: =L35+M35+K35+J35+I35+H35+G35+F35+E35+D35+C35 -> 51 | Q35: 68727.331 | R35: 63916.418 | S35: 66473.075 | T35: 69029.731 | U35: 70308.06 | V35: 7119.1916
A36: KG76PAIC0N | B36: =IFERROR(HYPERLINK(VLOOKUP(A36,ÜRÜNLER!A:C,3,FALSE),VLOOKUP(A36,ÜRÜNLER!A:B,2,FALSE)),"") -> iQ700 Alttan Donduruculu Kulplu Buzdolabı, 75cm, Inox | C36: 59 | E36: 2 | F36: 1 | I36: 1 | J36: 1 | L36: 1 | N36: =L36+M36+K36+J36+I36+H36+G36+F36+E36+D36+C36 -> 65 | O36: 1 | Q36: 89108.337 | R36: 82870.754 | S36: 86185.584 | T36: 89500.414 | U36: 91157.829 | V36: 11562.989
A37: KG76PAWC0N | B37: =IFERROR(HYPERLINK(VLOOKUP(A37,ÜRÜNLER!A:C,3,FALSE),VLOOKUP(A37,ÜRÜNLER!A:B,2,FALSE)),"") -> iQ700 Alttan Donduruculu Kulplu Buzdolabı, 75cm, Beyaz | C37: 33 | E37: 1 | I37: 1 | K37: 3 | N37: =L37+M37+K37+J37+I37+H37+G37+F37+E37+D37+C37 -> 38 | O37: 1 | Q37: 82556.235 | R37: 76777.298 | S37: 79848.39 | T37: 82919.482 | U37: 84455.028 | V37: 9308.5602
A38: KG86NAID2N | B38: =IFERROR(HYPERLINK(VLOOKUP(A38,ÜRÜNLER!A:C,3,FALSE),VLOOKUP(A38,ÜRÜNLER!A:B,2,FALSE)),"") -> iQ500 Alttan Donduruculu Kulplu Buzdolabı, 86cm, Inox | C38: 189 | E38: 1 | F38: 2 | I38: 1 | J38: 1 | K38: 1 | L38: 1 | N38: =L38+M38+K38+J38+I38+H38+G38+F38+E38+D38+C38 -> 196 | Q38: 97945.234 | R38: 91089.067 | S38: 94732.63 | T38: 98376.193 | U38: 100197.97 | V38: 22125.466
A39: KG86NCWE0N | B39: =IFERROR(HYPERLINK(VLOOKUP(A39,ÜRÜNLER!A:C,3,FALSE),VLOOKUP(A39,ÜRÜNLER!A:B,2,FALSE)),"") -> iQ500 Alttan Donduruculu Kulplu Buzdolabı, 86cm, Beyaz | C39: 23 | F39: 1 | I39: 1 | N39: =L39+M39+K39+J39+I39+H39+G39+F39+E39+D39+C39 -> 25 | Q39: 84927.533 | R39: 78982.606 | S39: 82141.91 | T39: 85301.214 | U39: 86880.866 | V39: 13169.393
A40: KG86NVWE0N | B40: =IFERROR(HYPERLINK(VLOOKUP(A40,ÜRÜNLER!A:C,3,FALSE),VLOOKUP(A40,ÜRÜNLER!A:B,2,FALSE)),"") -> iQ500 Alttan Donduruculu Kulpsuz Buzdolabı, 86cm, Beyaz | C40: 47 | F40: 1 | J40: 1 | N40: =L40+M40+K40+J40+I40+H40+G40+F40+E40+D40+C40 -> 49 | O40: 1 | Q40: 75297.093 | R40: 70026.296 | S40: 72827.348 | T40: 75628.4 | U40: 77028.926 | V40: 7901.7438
A41: KG86PAXB0N | B41: =IFERROR(HYPERLINK(VLOOKUP(A41,ÜRÜNLER!A:C,3,FALSE),VLOOKUP(A41,ÜRÜNLER!A:B,2,FALSE)),"") -> iQ700 Alttan Donduruculu Kulpsuz Buzdolabı, 86cm, darkSteel | C41: 76 | I41: 1 | L41: 1 | N41: =L41+M41+K41+J41+I41+H41+G41+F41+E41+D41+C41 -> 78 | O41: 2 | Q41: 113177.54 | R41: 110913.99 | S41: 115350.55 | T41: 119787.11 | U41: 122005.39 | V41: 22340.331
A42: KG86PAIC0N | B42: =IFERROR(HYPERLINK(VLOOKUP(A42,ÜRÜNLER!A:C,3,FALSE),VLOOKUP(A42,ÜRÜNLER!A:B,2,FALSE)),"") -> iQ700 Alttan Donduruculu Kulplu Buzdolabı, 86cm, Inox | C42: 2 | N42: =L42+M42+K42+J42+I42+H42+G42+F42+E42+D42+C42 -> 2 | Q42: devamı yok | R42: 80000 | S42: 83200 | T42: 86400 | U42: 88000
A43: KG86PFIC0N | B43: =IFERROR(HYPERLINK(VLOOKUP(A43,ÜRÜNLER!A:C,3,FALSE),VLOOKUP(A43,ÜRÜNLER!A:B,2,FALSE)),"") -> iQ700 Alttan Donduruculu Kulplu Buzdolabı, 86cm, Inox | C43: 185 | F43: 1 | I43: 1 | K43: 1 | L43: 1 | N43: =L43+M43+K43+J43+I43+H43+G43+F43+E43+D43+C43 -> 189 | O43: 1 | Q43: 106366.38 | R43: 101048.06 | S43: 105089.98 | T43: 109131.91 | U43: 111152.87 | V43: 23351.265
A44: KG86PFWC0N | B44: =IFERROR(HYPERLINK(VLOOKUP(A44,ÜRÜNLER!A:C,3,FALSE),VLOOKUP(A44,ÜRÜNLER!A:B,2,FALSE)),"") -> iQ700 Alttan Donduruculu Kulplu Buzdolabı, 86cm, Beyaz | C44: 72 | F44: 1 | I44: 1 | J44: 1 | N44: =L44+M44+K44+J44+I44+H44+G44+F44+E44+D44+C44 -> 75 | O44: 1 | Q44: 98399.959 | R44: 91511.962 | S44: 95172.44 | T44: 98832.919 | U44: 100663.16 | V44: 18892.982
A45: DONDURUCU | B45: =IFERROR(HYPERLINK(VLOOKUP(A45,ÜRÜNLER!A:C,3,FALSE),VLOOKUP(A45,ÜRÜNLER!A:B,2,FALSE)),"") | N45: =SUM(N2:N44) -> 1343 | O45: =SUM(O2:O44) -> 56
A46: GS24VVWE0N | B46: =IFERROR(HYPERLINK(VLOOKUP(A46,ÜRÜNLER!A:C,3,FALSE),VLOOKUP(A46,ÜRÜNLER!A:B,2,FALSE)),"") -> iQ300 Derin Dondurucu, 146x60cm, Statik, Beyaz | C46: 93 | J46: 1 | N46: =L46+M46+K46+J46+I46+H46+G46+F46+E46+D46+C46 -> 94 | P46: PRİM HARİÇ | Q46: 24592.565 | R46: 22754 | S46: 23664.16 | T46: 24574.32 | U46: 25029.4
A47: GS24VVWF0N | B47: =IFERROR(HYPERLINK(VLOOKUP(A47,ÜRÜNLER!A:C,3,FALSE),VLOOKUP(A47,ÜRÜNLER!A:B,2,FALSE)),"") -> iQ300 Derin Dondurucu, 146x60cm, Statik, Beyaz | E47: 1 | K47: 1 | N47: =L47+M47+K47+J47+I47+H47+G47+F47+E47+D47+C47 -> 2 | P47: PRİM HARİÇ | Q47: devamı yok | R47: 18000 | S47: 18720 | T47: 19440 | U47: 19800 | X47: 250
A48: GS29NVWE0N | B48: =IFERROR(HYPERLINK(VLOOKUP(A48,ÜRÜNLER!A:C,3,FALSE),VLOOKUP(A48,ÜRÜNLER!A:B,2,FALSE)),"") -> iQ300 Derin Dondurucu, 161x60cm, No-Frost, Beyaz | C48: 16 | N48: =L48+M48+K48+J48+I48+H48+G48+F48+E48+D48+C48 -> 16 | P48: PRİM HARİÇ | Q48: 37824.325 | R48: 39715.541 | S48: 41304.163 | T48: 42892.785 | U48: 43687.095
A49: GS29VVWE0N | B49: =IFERROR(HYPERLINK(VLOOKUP(A49,ÜRÜNLER!A:C,3,FALSE),VLOOKUP(A49,ÜRÜNLER!A:B,2,FALSE)),"") -> iQ300 Derin Dondurucu, 161x60cm, Statik, Beyaz | C49: 112 | F49: 1 | I49: 1 | J49: 1 | N49: =L49+M49+K49+J49+I49+H49+G49+F49+E49+D49+C49 -> 115 | P49: PRİM HARİÇ | Q49: 25437.803 | R49: 26709.694 | S49: 27778.081 | T49: 28846.469 | U49: 29380.663
A50: GS33VVIE0N | B50: =IFERROR(HYPERLINK(VLOOKUP(A50,ÜRÜNLER!A:C,3,FALSE),VLOOKUP(A50,ÜRÜNLER!A:B,2,FALSE)),"") -> iQ300 Derin Dondurucu, 176x60cm, Statik, Inox | C50: 100 | E50: 2 | F50: 3 | I50: 1 | K50: 1 | L50: 1 | N50: =L50+M50+K50+J50+I50+H50+G50+F50+E50+D50+C50 -> 108 | P50: PRİM HARİÇ | Q50: 31580.843 | R50: 33159.885 | S50: 34486.28 | T50: 35812.676 | U50: 36475.873
A51: GS33VVWE0N | B51: =IFERROR(HYPERLINK(VLOOKUP(A51,ÜRÜNLER!A:C,3,FALSE),VLOOKUP(A51,ÜRÜNLER!A:B,2,FALSE)),"") -> iQ300 Derin Dondurucu, 176x60cm, Statik, Beyaz | C51: 107 | E51: 5 | I51: 1 | J51: 1 | N51: =L51+M51+K51+J51+I51+H51+G51+F51+E51+D51+C51 -> 114 | P51: PRİM HARİÇ | Q51: 28432.702 | R51: 29854.337 | S51: 31048.511 | T51: 32242.684 | U51: 32839.771
A52: GS36NVIEP | B52: =IFERROR(HYPERLINK(VLOOKUP(A52,ÜRÜNLER!A:C,3,FALSE),VLOOKUP(A52,ÜRÜNLER!A:B,2,FALSE)),"") -> iQ300 Derin Dondurucu, 186x60cm, No-Frost, Inox | N52: =L52+M52+K52+J52+I52+H52+G52+F52+E52+D52+C52 -> 0 | O52: 29 | P52: PRİM HARİÇ | Q52: 34578.683 | R52: 36307.617 | S52: 37759.922 | T52: 39212.226 | U52: 39938.379
A53: GS36NVIE0N | B53: =IFERROR(HYPERLINK(VLOOKUP(A53,ÜRÜNLER!A:C,3,FALSE),VLOOKUP(A53,ÜRÜNLER!A:B,2,FALSE)),"") -> iQ300 Derin Dondurucu, 186x60cm, No-Frost Inox | C53: 1 | F53: 1 | N53: =L53+M53+K53+J53+I53+H53+G53+F53+E53+D53+C53 -> 2 | P53: PRİM HARİÇ | Q53: devamı yok | R53: 37000 | S53: 38480 | T53: 39960 | U53: 40700
A54: GS36NVWF0N | B54: =IFERROR(HYPERLINK(VLOOKUP(A54,ÜRÜNLER!A:C,3,FALSE),VLOOKUP(A54,ÜRÜNLER!A:B,2,FALSE)),"") -> iQ300 Derin Dondurucu, 186x60cm, No-Frost, Beyaz | K54: 1 | N54: =L54+M54+K54+J54+I54+H54+G54+F54+E54+D54+C54 -> 1 | P54: PRİM HARİÇ | Q54: devamı yok | R54: 30000 | S54: 31200 | T54: 32400 | U54: 33000 | X54: 250
A55: GS54NVWE0N | B55: =IFERROR(HYPERLINK(VLOOKUP(A55,ÜRÜNLER!A:C,3,FALSE),VLOOKUP(A55,ÜRÜNLER!A:B,2,FALSE)),"") -> iQ300 Derin Dondurucu, 176x70cm, No-Frost, Beyaz | C55: 89 | E55: 3 | N55: =L55+M55+K55+J55+I55+H55+G55+F55+E55+D55+C55 -> 92 | P55: PRİM HARİÇ | Q55: 41328.219 | R55: 43394.63 | S55: 45130.416 | T55: 46866.201 | U55: 47734.093
A56: A.DOLAP | B56: =IFERROR(HYPERLINK(VLOOKUP(A56,ÜRÜNLER!A:C,3,FALSE),VLOOKUP(A56,ÜRÜNLER!A:B,2,FALSE)),"") | N56: =SUM(N46:N55) -> 544 | U56: 0
A57: CI24WP03 | B57: =IFERROR(HYPERLINK(VLOOKUP(A57,ÜRÜNLER!A:C,3,FALSE),VLOOKUP(A57,ÜRÜNLER!A:B,2,FALSE)),"") -> iQ700 studioLine Ankastre Şarap Soğutucu, 212.5x60.3cm | D57: 4 | H57: 1 | N57: =L57+M57+K57+J57+I57+H57+G57+F57+E57+D57+C57 -> 5 | Q57: 320728.46 | R57: 288655.61 | S57: 300201.84 | T57: 311748.06 | U57: 317521.17 | X57: 250
A58: CI30BP02 | B58: =IFERROR(HYPERLINK(VLOOKUP(A58,ÜRÜNLER!A:C,3,FALSE),VLOOKUP(A58,ÜRÜNLER!A:B,2,FALSE)),"") -> iQ700 studioLine Alttan Donduruculu Ankastre Buzdolabı, 212.5x75.6cm, Düz Menteşe | D58: 3 | H58: 1 | N58: =L58+M58+K58+J58+I58+H58+G58+F58+E58+D58+C58 -> 4 | Q58: devamı yok | R58: 290000 | S58: 301600 | T58: 313200 | U58: 319000 | X58: 250
A59: CI30RP02 | B59: =IFERROR(HYPERLINK(VLOOKUP(A59,ÜRÜNLER!A:C,3,FALSE),VLOOKUP(A59,ÜRÜNLER!A:B,2,FALSE)),"") -> iQ700 studioLine Ankastre Buzdolabı, 212.5x75.6cm, Düz Menteşe | D59: 6 | F59: 1 | J59: 1 | K59: 1 | N59: =L59+M59+K59+J59+I59+H59+G59+F59+E59+D59+C59 -> 9 | Q59: devamı yok | R59: 300000 | S59: 312000 | T59: 324000 | U59: 330000 | X59: 250
A60: CI36TP02 | B60: =IFERROR(HYPERLINK(VLOOKUP(A60,ÜRÜNLER!A:C,3,FALSE),VLOOKUP(A60,ÜRÜNLER!A:B,2,FALSE)),"") -> iQ700 Alttan Donduruculu Ankastre Buzdolabı, 212.5x90.8cm, Düz Menteşe | E60: 1 | H60: 1 | K60: 1 | N60: =L60+M60+K60+J60+I60+H60+G60+F60+E60+D60+C60 -> 3 | Q60: devamı yok | R60: 325000 | S60: 338000 | T60: 351000 | U60: 357500 | X60: 250
A61: FI24NP32 | B61: =IFERROR(HYPERLINK(VLOOKUP(A61,ÜRÜNLER!A:C,3,FALSE),VLOOKUP(A61,ÜRÜNLER!A:B,2,FALSE)),"") -> iQ700 Ankastre Derin Dondurucu, 212.5x60.3cm, Düz Menteşe | F61: 1 | J61: 1 | K61: 1 | N61: =L61+M61+K61+J61+I61+H61+G61+F61+E61+D61+C61 -> 3 | Q61: devamı yok | R61: 255000 | S61: 265200 | T61: 275400 | U61: 280500 | X61: 250
A62: FI24NP33 | B62: =IFERROR(HYPERLINK(VLOOKUP(A62,ÜRÜNLER!A:C,3,FALSE),VLOOKUP(A62,ÜRÜNLER!A:B,2,FALSE)),"") -> iQ700 Ankastre Derin Dondurucu, 212.5x60.3cm, Düz Menteşe | C62: 1 | N62: =L62+M62+K62+J62+I62+H62+G62+F62+E62+D62+C62 -> 1 | Q62: 323156.5 | R62: 306998.68 | S62: 319278.62 | T62: 331558.57 | U62: 337698.54
A63: KU21RADE0 | B63: =IFERROR(HYPERLINK(VLOOKUP(A63,ÜRÜNLER!A:C,3,FALSE),VLOOKUP(A63,ÜRÜNLER!A:B,2,FALSE)),"") -> iQ500 Tezgah Altı Ankastre Buzdolabı, 82x59.8cm, softClosing Düz Menteşe | C63: 1 | N63: =L63+M63+K63+J63+I63+H63+G63+F63+E63+D63+C63 -> 1 | Q63: 64012.591 | R63: 60811.962 | S63: 63244.44 | T63: 65676.919 | U63: 66893.158
A64: KU21WAHG0 | B64: =IFERROR(HYPERLINK(VLOOKUP(A64,ÜRÜNLER!A:C,3,FALSE),VLOOKUP(A64,ÜRÜNLER!A:B,2,FALSE)),"") -> iQ500 Ankastre Şarap Soğutucu, 81.8x59.8cm | C64: 2 | J64: 1 | L64: 1 | N64: =L64+M64+K64+J64+I64+H64+G64+F64+E64+D64+C64 -> 4 | Q64: 92991.579 | R64: 88342 | S64: 91875.68 | T64: 95409.36 | U64: 97176.2
A65: KI82LADD0 | B65: =IFERROR(HYPERLINK(VLOOKUP(A65,ÜRÜNLER!A:C,3,FALSE),VLOOKUP(A65,ÜRÜNLER!A:B,2,FALSE)),"") -> iQ500 Derin Donduruculu Ankastre Buzdolabı, 177.2x55.8cm, softClosing Düz Menteşe | C65: 11 | N65: =L65+M65+K65+J65+I65+H65+G65+F65+E65+D65+C65 -> 11 | O65: 1 | Q65: 95992.544 | R65: 91192.917 | S65: 94840.633 | T65: 98488.35 | U65: 100312.21
A66: KI86NHDF0 | B66: =IFERROR(HYPERLINK(VLOOKUP(A66,ÜRÜNLER!A:C,3,FALSE),VLOOKUP(A66,ÜRÜNLER!A:B,2,FALSE)),"") -> iQ500 Alttan Donduruculu Ankastre Buzdolabı, 177.2x55.8cm, softClosing Düz Menteşe | F66: 1 | N66: =L66+M66+K66+J66+I66+H66+G66+F66+E66+D66+C66 -> 1 | Q66: devamı yok | R66: 72499 | S66: 75398.96 | T66: 78298.92 | U66: 79748.9 | X66: 250
A67: KI87SAFE0N | B67: =IFERROR(HYPERLINK(VLOOKUP(A67,ÜRÜNLER!A:C,3,FALSE),VLOOKUP(A67,ÜRÜNLER!A:B,2,FALSE)),"") -> iQ500 Alttan Donduruculu Ankastre Buzdolabı, 177.2x55.8cm, Düz Menteşe | C67: 10 | E67: 2 | H67: 1 | K67: 1 | N67: =L67+M67+K67+J67+I67+H67+G67+F67+E67+D67+C67 -> 14 | Q67: 91843.554 | R67: 87251.376 | S67: 90741.432 | T67: 94231.487 | U67: 95976.514
A68: KB96NADD0 | B68: =IFERROR(HYPERLINK(VLOOKUP(A68,ÜRÜNLER!A:C,3,FALSE),VLOOKUP(A68,ÜRÜNLER!A:B,2,FALSE)),"") -> iQ500 Alttan Donduruculu Ankastre Buzdolabı, 193.5x70.8cm, softClosing Düz Menteşe | C68: 4 | N68: =L68+M68+K68+J68+I68+H68+G68+F68+E68+D68+C68 -> 4 | O68: 1 | Q68: 109622.92 | R68: 109622.92 | S68: 114007.84 | T68: 118392.76 | U68: 120585.22
A69: KB96NSDD0 | B69: =IFERROR(HYPERLINK(VLOOKUP(A69,ÜRÜNLER!A:C,3,FALSE),VLOOKUP(A69,ÜRÜNLER!A:B,2,FALSE)),"") -> iQ500 studioLine Alttan Donduruculu Ankastre Buzdolabı, 193.5x70.8cm, Düz Menteşe | D69: 2 | N69: =L69+M69+K69+J69+I69+H69+G69+F69+E69+D69+C69 -> 2 | Q69: 128044.86 | R69: 115240.38 | S69: 119849.99 | T69: 124459.61 | U69: 126764.41
A70: ÇAMAŞIR MAKİNASI | B70: =IFERROR(HYPERLINK(VLOOKUP(A70,ÜRÜNLER!A:C,3,FALSE),VLOOKUP(A70,ÜRÜNLER!A:B,2,FALSE)),"") | N70: =SUM(N57:N69) -> 62 | U70: 0
A71: WG42A2X3TR | B71: =IFERROR(HYPERLINK(VLOOKUP(A71,ÜRÜNLER!A:C,3,FALSE),VLOOKUP(A71,ÜRÜNLER!A:B,2,FALSE)),"") -> iQ300 Çamaşır Makinesi, 9kg/1200devir, Beyaz | C71: 98 | F71: 6 | I71: 1 | J71: 1 | L71: 1 | N71: =L71+M71+K71+J71+I71+H71+G71+F71+E71+D71+C71 -> 107 | Q71: 32029.313 | R71: 31388.727 | S71: 32644.276 | T71: 33899.825 | U71: 34527.6 | V71: 2092.104
A72: WG42K2Z0TR | B72: =IFERROR(HYPERLINK(VLOOKUP(A72,ÜRÜNLER!A:C,3,FALSE),VLOOKUP(A72,ÜRÜNLER!A:B,2,FALSE)),"") -> iQ500 Çamaşır Makinesi, 9kg/1200devir, Beyaz | C72: 27 | I72: 1 | K72: 1 | N72: =L72+M72+K72+J72+I72+H72+G72+F72+E72+D72+C72 -> 29 | Q72: 39086.165 | R72: 36350.134 | S72: 37804.139 | T72: 39258.145 | U72: 39985.147
A73: WG42K2ZXTR | B73: =IFERROR(HYPERLINK(VLOOKUP(A73,ÜRÜNLER!A:C,3,FALSE),VLOOKUP(A73,ÜRÜNLER!A:B,2,FALSE)),"") -> iQ500 Çamaşır Makinesi, 9kg/1200devir, Gümüş | C73: 79 | I73: 1 | J73: 1 | L73: 1 | M73: 1 | N73: =L73+M73+K73+J73+I73+H73+G73+F73+E73+D73+C73 -> 83 | O73: 10 | Q73: 40758.945 | R73: 38720.997 | S73: 40269.837 | T73: 41818.677 | U73: 42593.097
A74: WG44A2Z1TR | B74: =IFERROR(HYPERLINK(VLOOKUP(A74,ÜRÜNLER!A:C,3,FALSE),VLOOKUP(A74,ÜRÜNLER!A:B,2,FALSE)),"") -> iQ300 Çamaşır Makinesi, 9kg/1400devir, Beyaz | I74: 1 | N74: =L74+M74+K74+J74+I74+H74+G74+F74+E74+D74+C74 -> 1 | Q74: devamı yok | R74: 32000 | S74: 33280 | T74: 34560 | U74: 35200 | X74: 250
A75: WG44A2ZRTR | B75: =IFERROR(HYPERLINK(VLOOKUP(A75,ÜRÜNLER!A:C,3,FALSE),VLOOKUP(A75,ÜRÜNLER!A:B,2,FALSE)),"") -> iQ300 Çamaşır Makinesi, 9kg/1400devir, Antrasit/Dark | I75: 1 | L75: 1 | N75: =L75+M75+K75+J75+I75+H75+G75+F75+E75+D75+C75 -> 2 | Q75: devamı yok | R75: 33000 | S75: 34320 | T75: 35640 | U75: 36300 | W75: 4166.64 | X75: 250
A76: WG44B2A0TR | B76: =IFERROR(HYPERLINK(VLOOKUP(A76,ÜRÜNLER!A:C,3,FALSE),VLOOKUP(A76,ÜRÜNLER!A:B,2,FALSE)),"") -> iQ700 Çamaşır Makinesi, 9kg/1400devir, i-dos, Beyaz | C76: 1 | J76: 1 | K76: 1 | L76: 1 | N76: =L76+M76+K76+J76+I76+H76+G76+F76+E76+D76+C76 -> 4 | O76: 2 | Q76: 50877.594 | R76: 50878 | S76: 52913.12 | T76: 54948.24 | U76: 55965.8
A77: WG44B200TR | B77: =IFERROR(HYPERLINK(VLOOKUP(A77,ÜRÜNLER!A:C,3,FALSE),VLOOKUP(A77,ÜRÜNLER!A:B,2,FALSE)),"") -> iQ700 Çamaşır Makinesi, 9kg/1400devir, Beyaz | I77: 1 | N77: =L77+M77+K77+J77+I77+H77+G77+F77+E77+D77+C77 -> 1 | Q77: devamı yok | R77: 46000 | S77: 47840 | T77: 49680 | U77: 50600
A78: WG44K2Z0TR | B78: =IFERROR(HYPERLINK(VLOOKUP(A78,ÜRÜNLER!A:C,3,FALSE),VLOOKUP(A78,ÜRÜNLER!A:B,2,FALSE)),"") -> iQ500 Çamaşır Makinesi, 9kg/1400devir, Beyaz | C78: 22 | J78: 1 | N78: =L78+M78+K78+J78+I78+H78+G78+F78+E78+D78+C78 -> 23 | Q78: 40815.965 | R78: 37958.848 | S78: 39477.202 | T78: 40995.556 | U78: 41754.732
A79: WG52A202TR | B79: =IFERROR(HYPERLINK(VLOOKUP(A79,ÜRÜNLER!A:C,3,FALSE),VLOOKUP(A79,ÜRÜNLER!A:B,2,FALSE)),"") -> iQ300 Çamaşır Makinesi, 10kg/1200devir, Beyaz | I79: 1 | J79: 1 | K79: 1 | N79: =L79+M79+K79+J79+I79+H79+G79+F79+E79+D79+C79 -> 3 | Q79: devamı yok | R79: 35189 | S79: 36596.56 | T79: 38004.12 | U79: 38707.9 | V79: 1528.7632
A80: WG52A203TR | B80: =IFERROR(HYPERLINK(VLOOKUP(A80,ÜRÜNLER!A:C,3,FALSE),VLOOKUP(A80,ÜRÜNLER!A:B,2,FALSE)),"") -> iQ300 Çamaşır Makinesi, 10kg/1200devir, Beyaz | C80: 36 | M80: 1 | N80: =L80+M80+K80+J80+I80+H80+G80+F80+E80+D80+C80 -> 37 | Q80: 36136.41 | R80: 35052.317 | S80: 36454.41 | T80: 37856.503 | U80: 38557.549 | V80: 1266.648
A81: WG52K2ZSTR | B81: =IFERROR(HYPERLINK(VLOOKUP(A81,ÜRÜNLER!A:C,3,FALSE),VLOOKUP(A81,ÜRÜNLER!A:B,2,FALSE)),"") -> iQ500 Çamaşır Makinesi, 10kg/1200devir, Gümüş | I81: 1 | N81: =L81+M81+K81+J81+I81+H81+G81+F81+E81+D81+C81 -> 1 | Q81: 44174.738 | R81: 44174.738 | S81: 45941.727 | T81: 47708.717 | U81: 48592.211
A82: WG52A2A0TR | B82: =IFERROR(HYPERLINK(VLOOKUP(A82,ÜRÜNLER!A:C,3,FALSE),VLOOKUP(A82,ÜRÜNLER!A:B,2,FALSE)),"") -> iQ500 Çamaşır Makinesi, 10kg/1200devir, i-dos, Beyaz | K82: 1 | N82: =L82+M82+K82+J82+I82+H82+G82+F82+E82+D82+C82 -> 1 | Q82: devamı yok | R82: 27000 | S82: 28080 | T82: 29160 | U82: 29700 | X82: 250
A83: WG52A2F0TR | B83: =IFERROR(HYPERLINK(VLOOKUP(A83,ÜRÜNLER!A:C,3,FALSE),VLOOKUP(A83,ÜRÜNLER!A:B,2,FALSE)),"") -> iQ500 Çamaşır Makinesi, 10kg/1200devir, i-dos, Beyaz | E83: 1 | I83: 1 | J83: 1 | K83: 2 | L83: 1 | N83: =L83+M83+K83+J83+I83+H83+G83+F83+E83+D83+C83 -> 6 | Q83: devamı yok | R83: 35000 | S83: 36400 | T83: 37800 | U83: 38500 | X83: 250
A84: WG52A2ZXTR | B84: =IFERROR(HYPERLINK(VLOOKUP(A84,ÜRÜNLER!A:C,3,FALSE),VLOOKUP(A84,ÜRÜNLER!A:B,2,FALSE)),"") -> iQ300 Çamaşır Makinesi, 10kg/1200devir, Gümüş | E84: 1 | I84: 1 | N84: =L84+M84+K84+J84+I84+H84+G84+F84+E84+D84+C84 -> 2 | Q84: devamı yok | R84: 35000 | S84: 36400 | T84: 37800 | U84: 38500 | X84: 250
A85: WG52K2Z0TR | B85: =IFERROR(HYPERLINK(VLOOKUP(A85,ÜRÜNLER!A:C,3,FALSE),VLOOKUP(A85,ÜRÜNLER!A:B,2,FALSE)),"") -> iQ500 Çamaşır Makinesi, 10kg/1200devir, Beyaz | C85: 6 | I85: 1 | N85: =L85+M85+K85+J85+I85+H85+G85+F85+E85+D85+C85 -> 7 | Q85: devamı yok | R85: 37000 | S85: 38480 | T85: 39960 | U85: 40700
A86: WG52K2ZXTR | B86: =IFERROR(HYPERLINK(VLOOKUP(A86,ÜRÜNLER!A:C,3,FALSE),VLOOKUP(A86,ÜRÜNLER!A:B,2,FALSE)),"") -> iQ500 Çamaşır Makinesi, 10kg/1200devir, Gümüş | J86: 1 | N86: =L86+M86+K86+J86+I86+H86+G86+F86+E86+D86+C86 -> 1 | Q86: devamı yok | R86: 39000 | S86: 40560 | T86: 42120 | U86: 42900
A87: WG54A2Z0TR | B87: =IFERROR(HYPERLINK(VLOOKUP(A87,ÜRÜNLER!A:C,3,FALSE),VLOOKUP(A87,ÜRÜNLER!A:B,2,FALSE)),"") -> iQ300 Çamaşır Makinesi, 10kg/1400devir, Beyaz | K87: 1 | N87: =L87+M87+K87+J87+I87+H87+G87+F87+E87+D87+C87 -> 1 | Q87: devamı yok | R87: 35000 | S87: 36400 | T87: 37800 | U87: 38500 | X87: 250
A88: WG54B2A1TR | B88: =IFERROR(HYPERLINK(VLOOKUP(A88,ÜRÜNLER!A:C,3,FALSE),VLOOKUP(A88,ÜRÜNLER!A:B,2,FALSE)),"") -> iQ700 Çamaşır Makinesi, 10kg/1400devir, i-dos, Beyaz | I88: 2 | J88: 1 | K88: 3 | N88: =L88+M88+K88+J88+I88+H88+G88+F88+E88+D88+C88 -> 6 | O88: 1 | Q88: devamı yok | R88: 53000 | S88: 55120 | T88: 57240 | U88: 58300 | X88: 250
A89: WG54B2ASTR | B89: =IFERROR(HYPERLINK(VLOOKUP(A89,ÜRÜNLER!A:C,3,FALSE),VLOOKUP(A89,ÜRÜNLER!A:B,2,FALSE)),"") -> iQ700 Çamaşır Makinesi, 10kg/1400devir, i-dos, Gümüş | J89: 1 | L89: 1 | N89: =L89+M89+K89+J89+I89+H89+G89+F89+E89+D89+C89 -> 2 | O89: 1 | Q89: devamı yok | R89: 56000 | S89: 58240 | T89: 60480 | U89: 61600 | X89: 250
A90: WG52K2Z1TR | B90: =IFERROR(HYPERLINK(VLOOKUP(A90,ÜRÜNLER!A:C,3,FALSE),VLOOKUP(A90,ÜRÜNLER!A:B,2,FALSE)),"") -> iQ500 Çamaşır Makinesi, 10kg/1200devir, Beyaz | C90: 20 | J90: 1 | M90: 1 | N90: =L90+M90+K90+J90+I90+H90+G90+F90+E90+D90+C90 -> 22 | Q90: 42441.25 | R90: 40319.187 | S90: 41931.955 | T90: 43544.722 | U90: 44351.106
A91: WG54K2Y0TR | B91: =IFERROR(HYPERLINK(VLOOKUP(A91,ÜRÜNLER!A:C,3,FALSE),VLOOKUP(A91,ÜRÜNLER!A:B,2,FALSE)),"") -> iQ500 Çamaşır Makinesi, 10kg/1400devir, i-dos, Beyaz | C91: 1 | I91: 1 | N91: =L91+M91+K91+J91+I91+H91+G91+F91+E91+D91+C91 -> 2 | O91: 1 | Q91: 42978.239 | R91: 42978.239 | S91: 44697.368 | T91: 46416.498 | U91: 47276.063
A92: WG64K2Y0TR | B92: =IFERROR(HYPERLINK(VLOOKUP(A92,ÜRÜNLER!A:C,3,FALSE),VLOOKUP(A92,ÜRÜNLER!A:B,2,FALSE)),"") -> iQ500 Çamaşır Makinesi, 11kg/1400devir, i-dos, Beyaz | C92: 8 | N92: =L92+M92+K92+J92+I92+H92+G92+F92+E92+D92+C92 -> 8 | O92: 1 | Q92: 46571.564 | R92: 46571.564 | S92: 48434.427 | T92: 50297.289 | U92: 51228.72
A93: WG64K2F0TR | B93: =IFERROR(HYPERLINK(VLOOKUP(A93,ÜRÜNLER!A:C,3,FALSE),VLOOKUP(A93,ÜRÜNLER!A:B,2,FALSE)),"") -> iQ500 Çamaşır Makinesi, 11kg/1400devir, i-dos, Beyaz | I93: 1 | K93: 1 | N93: =L93+M93+K93+J93+I93+H93+G93+F93+E93+D93+C93 -> 2 | Q93: devamı yok | R93: 37000 | S93: 38480 | T93: 39960 | U93: 40700
A94: WG64K2Z0TR | B94: =IFERROR(HYPERLINK(VLOOKUP(A94,ÜRÜNLER!A:C,3,FALSE),VLOOKUP(A94,ÜRÜNLER!A:B,2,FALSE)),"") -> iQ500 Çamaşır Makinesi, 11kg/1400devir, Beyaz | C94: 11 | F94: 1 | I94: 1 | J94: 1 | K94: 1 | L94: 1 | N94: =L94+M94+K94+J94+I94+H94+G94+F94+E94+D94+C94 -> 16 | Q94: 45300.333 | R94: 44394.327 | S94: 46170.1 | T94: 47945.873 | U94: 48833.759
A95: WG64K2ZRTR | B95: =IFERROR(HYPERLINK(VLOOKUP(A95,ÜRÜNLER!A:C,3,FALSE),VLOOKUP(A95,ÜRÜNLER!A:B,2,FALSE)),"") -> iQ500 Çamaşır Makinesi, 11kg/1400devir, Antrasit/Dark | C95: 113 | I95: 1 | J95: 1 | L95: 1 | N95: =L95+M95+K95+J95+I95+H95+G95+F95+E95+D95+C95 -> 116 | Q95: 49893.289 | R95: 47398.624 | S95: 49294.569 | T95: 51190.514 | U95: 52138.487
A96: WM12N200TR | B96: =IFERROR(HYPERLINK(VLOOKUP(A96,ÜRÜNLER!A:C,3,FALSE),VLOOKUP(A96,ÜRÜNLER!A:B,2,FALSE)),"") -> iQ300 Çamaşır Makinesi, 9kg/1200devir, Beyaz | K96: 2 | N96: =L96+M96+K96+J96+I96+H96+G96+F96+E96+D96+C96 -> 2 | P96: PRİM HARİÇ | Q96: devamı yok | R96: 27000 | S96: 28080 | T96: 29160 | U96: 29700 | X96: 250
A97: WM14UP91TR | B97: =IFERROR(HYPERLINK(VLOOKUP(A97,ÜRÜNLER!A:C,3,FALSE),VLOOKUP(A97,ÜRÜNLER!A:B,2,FALSE)),"") -> iQ500 Çamaşır Makinesi, 9kg/1400devir, i-dos, Beyaz | I97: 1 | K97: 1 | N97: =L97+M97+K97+J97+I97+H97+G97+F97+E97+D97+C97 -> 2 | Q97: devamı yok | R97: 30000 | S97: 31200 | T97: 32400 | U97: 33000 | X97: 250
A98: WM14XE50TR | B98: =IFERROR(HYPERLINK(VLOOKUP(A98,ÜRÜNLER!A:C,3,FALSE),VLOOKUP(A98,ÜRÜNLER!A:B,2,FALSE)),"") -> iQ700 Çamaşır Makinesi, 10kg/1400devir, i-dos, Beyaz | I98: 1 | N98: =L98+M98+K98+J98+I98+H98+G98+F98+E98+D98+C98 -> 1 | Q98: devamı yok | R98: 32000 | S98: 33280 | T98: 34560 | U98: 35200 | X98: 250
A99: WN54C2A0TR | B99: =IFERROR(HYPERLINK(VLOOKUP(A99,ÜRÜNLER!A:C,3,FALSE),VLOOKUP(A99,ÜRÜNLER!A:B,2,FALSE)),"") -> iQ700 Kurutmalı Çamaşır Makinesi, 10.5kg/6kg/1400devir, i-dos, Beyaz | C99: 2 | I99: 1 | N99: =L99+M99+K99+J99+I99+H99+G99+F99+E99+D99+C99 -> 3 | Q99: 80702.412 | R99: 76667.291 | S99: 79733.983 | T99: 82800.675 | U99: 84334.02
A100: KURUTMA MAKİNASI | B100: =IFERROR(HYPERLINK(VLOOKUP(A100,ÜRÜNLER!A:C,3,FALSE),VLOOKUP(A100,ÜRÜNLER!A:B,2,FALSE)),"") | N100: =SUM(N71:N99) -> 491 | U100: 0
...

Sheet HESAPLAYICI
A1: =Sayfa1!A1 -> STOK KODU | B1: =Sayfa1!B1 -> AÇIKLAMA | C1: =Sayfa1!C1 -> 04 TEMMUZ HOROZ | D1: =Sayfa1!$R$1 -> HAVALE FİYATI | E1: =Sayfa1!$S$1 -> TEK ÇEKİM FİYATI | F1: =Sayfa1!$T$1 -> TAKSİTLİ FİYATI 3/6 TAKSİT | G1: =Sayfa1!$U$1 -> WEB TAHSİLAT BONUS 9 | H1: =Sayfa1!$V$1 -> TEMMUZ BİP | I1: Toplam Bundle İndirim Tutarını Aşağıya Yaz | J1: =Sayfa1!$X$1 -> Hakedişler LİSTE FİYATINDAN SATILIRSA geçerli olacak | K1: =Sayfa1!$W$1 -> 31.08.2026 montaj zorunlu phase out | L1: BİP KOŞULU
A2: HB534FER0T | B2: =IFERROR(VLOOKUP(A2,Sayfa1!A:B,2,FALSE),"?") -> iQ300 Ankastre Fırın, 1 Teleskopik Ray, Arkası Kendini Temizler, Siyah/Inox | C2: =IFERROR(VLOOKUP(A2,Sayfa1!A:C,3,FALSE),"?") -> 0 | D2: =IFERROR(VLOOKUP(A2,Sayfa1!$A:$R,17,FALSE),"?") -> devamı yok | E2: =IFERROR(VLOOKUP(A2,Sayfa1!$A:$S,18,FALSE),"?") -> 17000 | F2: =IFERROR(VLOOKUP(A2,Sayfa1!$A:$T,19,FALSE),"?") -> 17680 | G2: =IFERROR(VLOOKUP(A2,Sayfa1!$A:$U,20,FALSE),"?") -> 18360 | H2: =IFERROR(VLOOKUP(A2,Sayfa1!$A:$V,21,FALSE),"?") -> 18700 | J2: =IFERROR(VLOOKUP(A2,Sayfa1!$A:$X,23,FALSE),"?") -> 1656.58 | K2: =IFERROR(VLOOKUP(A2,Sayfa1!$A:$W,22,FALSE),"?") -> 0 | L2: =IFERROR(VLOOKUP(A2,Sayfa1!$A:$Y,24,FALSE),"?") -> 250
B3: =IFERROR(VLOOKUP(A3,Sayfa1!A:B,2,FALSE),"?") -> ? | C3: =IFERROR(VLOOKUP(A3,Sayfa1!A:C,3,FALSE),"?") -> ? | D3: =IFERROR(VLOOKUP(A3,Sayfa1!$A:$R,17,FALSE),"?") -> ? | E3: =IFERROR(VLOOKUP(A3,Sayfa1!$A:$S,18,FALSE),"?") -> ? | F3: =IFERROR(VLOOKUP(A3,Sayfa1!$A:$T,19,FALSE),"?") -> ? | G3: =IFERROR(VLOOKUP(A3,Sayfa1!$A:$U,20,FALSE),"?") -> ? | H3: =IFERROR(VLOOKUP(A3,Sayfa1!$A:$V,21,FALSE),"?") -> ? | J3: =IFERROR(VLOOKUP(A3,Sayfa1!$A:$X,23,FALSE),"?") -> ? | K3: =IFERROR(VLOOKUP(A3,Sayfa1!$A:$W,22,FALSE),"?") -> ? | L3: =IFERROR(VLOOKUP(A3,Sayfa1!$A:$Y,24,FALSE),"?") -> ?
B4: =IFERROR(VLOOKUP(A4,Sayfa1!A:B,2,FALSE),"?") -> ? | C4: =IFERROR(VLOOKUP(A4,Sayfa1!A:C,3,FALSE),"?") -> ? | D4: =IFERROR(VLOOKUP(A4,Sayfa1!$A:$R,17,FALSE),"?") -> ? | E4: =IFERROR(VLOOKUP(A4,Sayfa1!$A:$S,18,FALSE),"?") -> ? | F4: =IFERROR(VLOOKUP(A4,Sayfa1!$A:$T,19,FALSE),"?") -> ? | G4: =IFERROR(VLOOKUP(A4,Sayfa1!$A:$U,20,FALSE),"?") -> ? | H4: =IFERROR(VLOOKUP(A4,Sayfa1!$A:$V,21,FALSE),"?") -> ? | J4: =IFERROR(VLOOKUP(A4,Sayfa1!$A:$X,23,FALSE),"?") -> ? | K4: =IFERROR(VLOOKUP(A4,Sayfa1!$A:$W,22,FALSE),"?") -> ? | L4: =IFERROR(VLOOKUP(A4,Sayfa1!$A:$Y,24,FALSE),"?") -> ?
B5: =IFERROR(VLOOKUP(A5,Sayfa1!A:B,2,FALSE),"?") -> ? | C5: =IFERROR(VLOOKUP(A5,Sayfa1!A:C,3,FALSE),"?") -> ? | D5: =IFERROR(VLOOKUP(A5,Sayfa1!$A:$R,17,FALSE),"?") -> ? | E5: =IFERROR(VLOOKUP(A5,Sayfa1!$A:$S,18,FALSE),"?") -> ? | F5: =IFERROR(VLOOKUP(A5,Sayfa1!$A:$T,19,FALSE),"?") -> ? | G5: =IFERROR(VLOOKUP(A5,Sayfa1!$A:$U,20,FALSE),"?") -> ? | H5: =IFERROR(VLOOKUP(A5,Sayfa1!$A:$V,21,FALSE),"?") -> ? | J5: =IFERROR(VLOOKUP(A5,Sayfa1!$A:$X,23,FALSE),"?") -> ? | K5: =IFERROR(VLOOKUP(A5,Sayfa1!$A:$W,22,FALSE),"?") -> ? | L5: =IFERROR(VLOOKUP(A5,Sayfa1!$A:$Y,24,FALSE),"?") -> ?
B6: =IFERROR(VLOOKUP(A6,Sayfa1!A:B,2,FALSE),"?") -> ? | C6: =IFERROR(VLOOKUP(A6,Sayfa1!A:C,3,FALSE),"?") -> ? | D6: =IFERROR(VLOOKUP(A6,Sayfa1!$A:$R,17,FALSE),"?") -> ? | E6: =IFERROR(VLOOKUP(A6,Sayfa1!$A:$S,18,FALSE),"?") -> ? | F6: =IFERROR(VLOOKUP(A6,Sayfa1!$A:$T,19,FALSE),"?") -> ? | G6: =IFERROR(VLOOKUP(A6,Sayfa1!$A:$U,20,FALSE),"?") -> ? | H6: =IFERROR(VLOOKUP(A6,Sayfa1!$A:$V,21,FALSE),"?") -> ? | J6: =IFERROR(VLOOKUP(A6,Sayfa1!$A:$X,23,FALSE),"?") -> ? | K6: =IFERROR(VLOOKUP(A6,Sayfa1!$A:$W,22,FALSE),"?") -> ? | L6: =IFERROR(VLOOKUP(A6,Sayfa1!$A:$Y,24,FALSE),"?") -> ?
B7: =IFERROR(VLOOKUP(A7,Sayfa1!A:B,2,FALSE),"?") -> ? | C7: =IFERROR(VLOOKUP(A7,Sayfa1!A:C,3,FALSE),"?") -> ? | D7: =IFERROR(VLOOKUP(A7,Sayfa1!$A:$R,17,FALSE),"?") -> ? | E7: =IFERROR(VLOOKUP(A7,Sayfa1!$A:$S,18,FALSE),"?") -> ? | F7: =IFERROR(VLOOKUP(A7,Sayfa1!$A:$T,19,FALSE),"?") -> ? | G7: =IFERROR(VLOOKUP(A7,Sayfa1!$A:$U,20,FALSE),"?") -> ? | H7: =IFERROR(VLOOKUP(A7,Sayfa1!$A:$V,21,FALSE),"?") -> ? | J7: =IFERROR(VLOOKUP(A7,Sayfa1!$A:$X,23,FALSE),"?") -> ? | K7: =IFERROR(VLOOKUP(A7,Sayfa1!$A:$W,22,FALSE),"?") -> ? | L7: =IFERROR(VLOOKUP(A7,Sayfa1!$A:$Y,24,FALSE),"?") -> ?
B8: =IFERROR(VLOOKUP(A8,Sayfa1!A:B,2,FALSE),"?") -> ? | C8: =IFERROR(VLOOKUP(A8,Sayfa1!A:C,3,FALSE),"?") -> ? | D8: =IFERROR(VLOOKUP(A8,Sayfa1!$A:$R,17,FALSE),"?") -> ? | E8: =IFERROR(VLOOKUP(A8,Sayfa1!$A:$S,18,FALSE),"?") -> ? | F8: =IFERROR(VLOOKUP(A8,Sayfa1!$A:$T,19,FALSE),"?") -> ? | G8: =IFERROR(VLOOKUP(A8,Sayfa1!$A:$U,20,FALSE),"?") -> ? | H8: =IFERROR(VLOOKUP(A8,Sayfa1!$A:$V,21,FALSE),"?") -> ? | J8: =IFERROR(VLOOKUP(A8,Sayfa1!$A:$X,23,FALSE),"?") -> ? | K8: =IFERROR(VLOOKUP(A8,Sayfa1!$A:$W,22,FALSE),"?") -> ? | L8: =IFERROR(VLOOKUP(A8,Sayfa1!$A:$Y,24,FALSE),"?") -> ?
B9: =IFERROR(VLOOKUP(A9,Sayfa1!A:B,2,FALSE),"?") -> ? | C9: =IFERROR(VLOOKUP(A9,Sayfa1!A:C,3,FALSE),"?") -> ? | D9: =IFERROR(VLOOKUP(A9,Sayfa1!$A:$R,17,FALSE),"?") -> ? | E9: =IFERROR(VLOOKUP(A9,Sayfa1!$A:$S,18,FALSE),"?") -> ? | F9: =IFERROR(VLOOKUP(A9,Sayfa1!$A:$T,19,FALSE),"?") -> ? | G9: =IFERROR(VLOOKUP(A9,Sayfa1!$A:$U,20,FALSE),"?") -> ? | H9: =IFERROR(VLOOKUP(A9,Sayfa1!$A:$V,21,FALSE),"?") -> ? | J9: =IFERROR(VLOOKUP(A9,Sayfa1!$A:$X,23,FALSE),"?") -> ? | K9: =IFERROR(VLOOKUP(A9,Sayfa1!$A:$W,22,FALSE),"?") -> ? | L9: =IFERROR(VLOOKUP(A9,Sayfa1!$A:$Y,24,FALSE),"?") -> ?
B10: =IFERROR(VLOOKUP(A10,Sayfa1!A:B,2,FALSE),"?") -> ? | C10: =IFERROR(VLOOKUP(A10,Sayfa1!A:C,3,FALSE),"?") -> ? | D10: =IFERROR(VLOOKUP(A10,Sayfa1!$A:$R,17,FALSE),"?") -> ? | E10: =IFERROR(VLOOKUP(A10,Sayfa1!$A:$S,18,FALSE),"?") -> ? | F10: =IFERROR(VLOOKUP(A10,Sayfa1!$A:$T,19,FALSE),"?") -> ? | G10: =IFERROR(VLOOKUP(A10,Sayfa1!$A:$U,20,FALSE),"?") -> ? | H10: =IFERROR(VLOOKUP(A10,Sayfa1!$A:$V,21,FALSE),"?") -> ? | J10: =IFERROR(VLOOKUP(A10,Sayfa1!$A:$X,23,FALSE),"?") -> ? | K10: =IFERROR(VLOOKUP(A10,Sayfa1!$A:$W,22,FALSE),"?") -> ? | L10: =IFERROR(VLOOKUP(A10,Sayfa1!$A:$Y,24,FALSE),"?") -> ?
B11: =IFERROR(VLOOKUP(A11,Sayfa1!A:B,2,FALSE),"?") -> ? | C11: =IFERROR(VLOOKUP(A11,Sayfa1!A:C,3,FALSE),"?") -> ? | D11: =IFERROR(VLOOKUP(A11,Sayfa1!$A:$R,17,FALSE),"?") -> ? | E11: =IFERROR(VLOOKUP(A11,Sayfa1!$A:$S,18,FALSE),"?") -> ? | F11: =IFERROR(VLOOKUP(A11,Sayfa1!$A:$T,19,FALSE),"?") -> ? | G11: =IFERROR(VLOOKUP(A11,Sayfa1!$A:$U,20,FALSE),"?") -> ? | H11: =IFERROR(VLOOKUP(A11,Sayfa1!$A:$V,21,FALSE),"?") -> ? | J11: =IFERROR(VLOOKUP(A11,Sayfa1!$A:$X,23,FALSE),"?") -> ? | K11: =IFERROR(VLOOKUP(A11,Sayfa1!$A:$W,22,FALSE),"?") -> ? | L11: =IFERROR(VLOOKUP(A11,Sayfa1!$A:$Y,24,FALSE),"?") -> ?
A12: Toplam Satış Fiyatı | E12: =SUM(E2:E11) -> 17000 | F12: =SUM(F2:F11) -> 17680
A13: BİP İndirimi | E13: =SUM(G:G)*-1 -> -18360 | F13: =SUM(G:G)*-1 -> -18360
A14: PhaseOut İndirimi | E14: =SUM(H:H)*-1 -> -18700 | F14: =SUM(H:H)*-1 -> -18700
A15: Toplam Bundle İndirimi | E15: =I2*-1 -> 0 | F15: =I2*-1 -> 0
A16: Satılabilir Minimum Fiyat | E16: =SUM(E12:E15) -> -20060 | F16: =SUM(F12:F15) -> -19380
A17: Satılabilir Minimum Taksitli Fiyat | E17: =E16*1.08 -> -21664.8

Sheet Bundle Kampanya
K3: Seçili Ankastre Set Alımına perakende de 5.000 TL İndirim! | L3: Geçerli Ankastre Fırınlar
C5: 2'li LDA alımında perakende de 5.000 TL İndirim! | D5: 2’li LDA alımında 5.000 ₺ indirim uygulanır.“diğer kampanyalar ile birleşemez” 4.000 ₺ kdv dahil fiyat farkı hak edişi ödenecektir. (Buzdolabı – Bulaşık – Çamaşır – Kurutma – Derin Dondurucu) | L5: HB012FBH1T, HB012FBB1T, HB012FBW1T + (phase out iQ300 ve iQ500 segment modeller) Ankastre fırınlarda geçerlidir. (HB011* ve giriş segment muadili modeller dahil değildir.)
L9: Uygulama koşulları : Seçili ankastre fırınlar ile set (fırın+ocak+dav.) set alana perakende de 5.000 ₺ indirim uygulanır. Diğer fırınlarda geçerli değildir. KDV dahil 3.700 ₺ hak ediş ödenir. Giriş setlerde geçerli değildir.
C17: XL - XXL Buzdolabı alana VSX21A300 Toz Torbasız Süpürge Hediye! “diğer kampanyalar ile birleşemez” | D17: XL veya XXL Buzdolabı alana perakende de VSX21A300 Toz Torbasız Süpürge Hediye verilir veya "Diğer Süpürgelerde perakende de 11.500 ₺ indirim uygulanır" (Dik şarjlı süpürgelerde dahildir.) 8.200 ₺ kdv dahil fiyat farkı hak edişi ödenecektir. “Diğer kampanyalar ile birleşemez” (Süpürge almak istemeyen tüketiciler için Buzdolaplarında indirim yapılabilir.)
K21: Seçili Ankastre Set Alımına perakende de 9.000 TL İndirim! | L21: Geçerli Ankastre Setler
L23: HB778G3B1, HR776G3B1, HS736G1B2, HB776G1B1, HB734G1B1, HR232GEB3, HB557JEB6T, HJ852GYN0T, HJ852GYB0T, HJ852GYW0T, HU736AEG0T, HU736AEV0T, HU736AEA0T, HU736AEN0T, HU717ABN0T, HU717ABA0T, HU717ABV0T
L27: Uygulama koşulları : Seçili ankastre fırınlar ile set (fırın+ocak+dav.) set alana perakende de 9.000 ₺ indirim uygulanır. KDV dahil 6.900 ₺ hak ediş ödenir. Giriş setlerde geçerli değildir.

Sheet ÜRÜNLER
A1: Ürün No | B1: Ürün Adı | C1: Ürün Linki | D1: Ürün Grubu | E1: Marka
A2: 50PUS8009/62 | B2: Philips 50" 4K Ambilight LED TV (Titan OS) (50PUS8009/62) | C2: https://www.philips.com.tr/c-p/50PUS8009_62/led-50pus8009-4k-ambilight-tv | D2: Televizyon | E2: Philips
A3: 55PUS8349/62 | B3: Philips 55" 4K Ambilight LED TV (Titan OS) (55PUS8349/62) | C3: https://www.philips.com.tr/c-p/55PUS8349_62/led-55pus8349-4k-ambilight-tv | D3: Televizyon | E3: Philips
A4: AS09IVW32N | B4: Siemens Ev Tipi Klima İç Ünite, 9.000BTU, Beyaz | C4: https://www.siemens-home.bsh-group.com/tr/tr/product/klimalar/AS09XVW32N | D4: Klima | E4: Siemens
A5: AS09OVW32N | B5: Siemens Ev Tipi Klima Dış Ünite, 9.000BTU, Beyaz | C5: https://www.siemens-home.bsh-group.com/tr/tr/product/klimalar/AS09XVW32N | D5: Klima | E5: Siemens
A6: AS12IVW30N | B6: Siemens Ev Tipi Klima İç Ünite, 12.000BTU, Beyaz | C6: https://www.siemens-home.bsh-group.com/tr/tr/product/klimalar/AS12XVW32N | D6: Klima | E6: Siemens
A7: AS12IVW32N | B7: Siemens Ev Tipi Klima İç Ünite, 12.000BTU, Beyaz | C7: https://www.siemens-home.bsh-group.com/tr/tr/product/klimalar/AS12XVW32N | D7: Klima | E7: Siemens
A8: AS12IXB32N | B8: Siemens Ev Tipi Klima İç Ünite, 12.000BTU, Siyah | C8: https://www.siemens-home.bsh-group.com/tr/tr/product/klimalar/AS12XXB32N | D8: Klima | E8: Siemens
A9: AS12OVW30N | B9: Siemens Ev Tipi Klima Dış Ünite, 12.000BTU, Beyaz | C9: https://www.siemens-home.bsh-group.com/tr/tr/product/klimalar/AS12XVW32N | D9: Klima | E9: Siemens
A10: AS12OVW32N | B10: Siemens Ev Tipi Klima Dış Ünite, 12.000BTU, Beyaz | C10: https://www.siemens-home.bsh-group.com/tr/tr/product/klimalar/AS12XVW32N | D10: Klima | E10: Siemens
A11: AS12OXB32N | B11: Siemens Ev Tipi Klima Dış Ünite, 12.000BTU, Beyaz | C11: https://www.siemens-home.bsh-group.com/tr/tr/product/klimalar/AS12XXB32N | D11: Klima | E11: Siemens
A12: AS18IVW30N | B12: Siemens Ev Tipi Klima İç Ünite, 18.000BTU, Beyaz | C12: https://www.siemens-home.bsh-group.com/tr/tr/product/klimalar/AS18XVW32N | D12: Klima | E12: Siemens
... A617: WT47XK8XTR | B617: iQ700 Isı Pompalı Kurutma Makinesi, 9kg, Beyaz | C617: https://www.siemens-home.bsh-group.com/tr/tr/product/prsiemensdryer/WT47XK8XTR | D617: Kurutma Makinesi | E617: Siemens
