Workbook
Name __DAT1: #REF!
Name __DAT10: #REF!
Name __DAT11: #REF!
Name __DAT2: #REF!
Name __DAT3: #REF!
Name __DAT4: #REF!
Name __DAT5: #REF!
Name __DAT6: #REF!
Name __DAT7: #REF!
Name __DAT8: #REF!
Name __DAT9: #REF!
Name _DAT1: #REF!
Name _DAT10: #REF!
Name _DAT11: #REF!
Name _DAT2: #REF!
Name _DAT3: #REF!
Name _DAT4: #REF!
Name _DAT5: #REF!
Name _DAT6: #REF!
Name _DAT7: #REF!
Name _DAT8: #REF!
Name _DAT9: #REF!
Name A: #REF!
Name ddd: #REF!
Name e: #REF!
Name Print_Area_MI: #REF!
Name Print_Area_MIe: #REF!
Name Query1: #REF!
Name Query11: #REF!
Name sss: #REF!
Name sssssss: #REF!
Name TEST0: #REF!
Name TEST1: #REF!
Name TEST122: #REF!
Name TEST2: #REF!
Name TEST33939: #REF!
Name TESTHKEY: #REF!
Name tt: #REF!
Name tttt: #REF!
Name xx: #REF!

Sheet Sayfa1
A1: STOK KODU | B1: AÇIKLAMA | C1: 21 EKİM HOROZ | D1: 21 EKİM studioLine HOROZ | E1: 16 EKİM YILDIZ DEPO | F1: CAM OFİS KAPALI KUTU | G1: CAM OFİS TEŞHİR | H1: STUDIO LINE CEPA | I1: ANKAMALL | J1: CEPA | K1: OPTIMUM | L1: ONE TOWER | M1: PANORA | N1: TOPLAM STOK | O1: 21 EKİM BEKLEYEN | P1: PRİM HARİÇ ÜRÜN | Q1: EKİM TOPTAN | R1: HAVALE FİYATI | S1: TEK ÇEKİM FİYATI | T1: TAKSİTLİ FİYATI 3/6 TAKSİT | U1: EKİM BİP | V1: 30.11.2026 montaj zorunlu PHASE OUT | W1: Hakedişler LİSTE FİYATINDAN SATILIRSA geçerli olacak | X1: ONLINE FİYATI | Y1: ÜRÜN NOTLARI
A2: KA93NVL30N | B2: =IFERROR(HYPERLINK(VLOOKUP(A2,ÜRÜNLER!A:C,3,FALSE),VLOOKUP(A2,ÜRÜNLER!A:B,2,FALSE)),"") -> iQ300 Gardırop Tipi Buzdolabı, 90.8cm, Inox | E2: 0 | F2: 0 | G2: 0 | H2: 0 | I2: 0 | J2: 1 | K2: 0 | L2: 1 | M2: 0 | N2: =SUM(C2:M2) -> 2 | Q2: devamı yok | R2: 80000 | S2: =R2*1.04 -> 83200 | T2: =R2*1.08 -> 86400 | W2: 1000
A3: KF96RSBEA | B3: =IFERROR(HYPERLINK(VLOOKUP(A3,ÜRÜNLER!A:C,3,FALSE),VLOOKUP(A3,ÜRÜNLER!A:B,2,FALSE)),"") -> iQ700 Gardırop Tipi Buzdolabı, Cam Kapı, Alkol Çekmeceli, 90.5cm, Siyah | C3: 15 | E3: 0 | F3: 1 | G3: 0 | H3: 0 | I3: 1 | J3: 1 | K3: 0 | L3: 0 | M3: 1 | N3: =SUM(C3:M3) -> 19 | Q3: 215784.17 | R3: 204994.96 | S3: =R3*1.04 -> 213194.76 | T3: =R3*1.08 -> 221394.56
A4: KF96NAXEA | B4: =IFERROR(HYPERLINK(VLOOKUP(A4,ÜRÜNLER!A:C,3,FALSE),VLOOKUP(A4,ÜRÜNLER!A:B,2,FALSE)),"") -> iQ300 Gardırop Tipi Buzdolabı, 90.5cm, BlackSteel | E4: 0 | F4: 0 | G4: 0 | H4: 0 | I4: 1 | J4: 0 | K4: 1 | L4: 2 | M4: 1 | N4: =SUM(C4:M4) -> 5 | O4: 16 | Q4: 134806.51 | R4: 134806.51 | S4: =R4*1.04 -> 140198.77 | T4: =R4*1.08 -> 145591.03 | U4: 37017.155
A5: KF96NVPEA | B5: =IFERROR(HYPERLINK(VLOOKUP(A5,ÜRÜNLER!A:C,3,FALSE),VLOOKUP(A5,ÜRÜNLER!A:B,2,FALSE)),"") -> iQ300 Gardırop Tipi Buzdolabı, 90.5cm, Inox | C5: 13 | E5: 0 | F5: 0 | G5: 0 | H5: 0 | I5: 1 | J5: 0 | K5: 0 | L5: 2 | M5: 0 | N5: =SUM(C5:M5) -> 16 | O5: 1 | Q5: 118087.27 | R5: 112182.91 | S5: =R5*1.04 -> 116670.22 | T5: =R5*1.08 -> 121157.54 | U5: 22366.339 | W5: 250
A6: KD43NNWE0N | B6: =IFERROR(HYPERLINK(VLOOKUP(A6,ÜRÜNLER!A:C,3,FALSE),VLOOKUP(A6,ÜRÜNLER!A:B,2,FALSE)),"") -> iQ100 Üstten Donduruculu Kulpsuz Buzdolabı, 70cm, Beyaz | E6: 0 | F6: 0 | G6: 0 | H6: 0 | I6: 0 | J6: 0 | K6: 0 | L6: 0 | M6: 0 | N6: =SUM(C6:M6) -> 0 | P6: PRİM HARİÇ | Q6: 35217.432 | R6: 35569.606 | S6: =R6*1.04 -> 36992.39 | T6: =R6*1.08 -> 38415.175
A7: KD55NNWE0N | B7: =IFERROR(HYPERLINK(VLOOKUP(A7,ÜRÜNLER!A:C,3,FALSE),VLOOKUP(A7,ÜRÜNLER!A:B,2,FALSE)),"") -> iQ300 Üstten Donduruculu Kulpsuz Buzdolabı, 70cm, Beyaz | E7: 0 | F7: 1 | G7: 0 | H7: 0 | I7: 0 | J7: 0 | K7: 0 | L7: 0 | M7: 0 | N7: =SUM(C7:M7) -> 1 | Q7: devamı yok | R7: 36986.142 | S7: =R7*1.04 -> 38465.587 | T7: =R7*1.08 -> 39945.033
A8: KD55NNWE1N | B8: =IFERROR(HYPERLINK(VLOOKUP(A8,ÜRÜNLER!A:C,3,FALSE),VLOOKUP(A8,ÜRÜNLER!A:B,2,FALSE)),"") -> iQ300 Üstten Donduruculu Kulpsuz Buzdolabı, 70cm, Beyaz (TF70 Kahvaltılık Çekmeceli) | C8: 10 | E8: 0 | F8: 0 | G8: 0 | H8: 0 | I8: 0 | J8: 0 | K8: 0 | L8: 0 | M8: 0 | N8: =SUM(C8:M8) -> 10 | P8: PRİM HARİÇ | Q8: 39558.14 | R8: 39558 | S8: =R8*1.04 -> 41140.32 | T8: =R8*1.08 -> 42722.64
A9: KD55NNLE0N | B9: =IFERROR(HYPERLINK(VLOOKUP(A9,ÜRÜNLER!A:C,3,FALSE),VLOOKUP(A9,ÜRÜNLER!A:B,2,FALSE)),"") -> iQ300 Üstten Donduruculu Kulpsuz Buzdolabı, 70cm, Inox Görünümlü | C9: 2 | E9: 0 | F9: 0 | G9: 0 | H9: 0 | I9: 0 | J9: 0 | K9: 0 | L9: 0 | M9: 0 | N9: =SUM(C9:M9) -> 2 | Q9: devamı yok | R9: 43670 | S9: =R9*1.04 -> 45416.8 | T9: =R9*1.08 -> 47163.6 | U9: 2879.6533
A10: KD55NNLE1N | B10: =IFERROR(HYPERLINK(VLOOKUP(A10,ÜRÜNLER!A:C,3,FALSE),VLOOKUP(A10,ÜRÜNLER!A:B,2,FALSE)),"") -> iQ300 Üstten Donduruculu Kulpsuz Buzdolabı, 70cm, Inox Görünümlü (TF70 Kahvaltılık Çekmeceli) | C10: 5 | E10: 0 | F10: 0 | G10: 0 | H10: 0 | I10: 0 | J10: 0 | K10: 0 | L10: 0 | M10: 0 | N10: =SUM(C10:M10) -> 5 | P10: PRİM HARİÇ | Q10: 42427.1 | R10: 42427 | S10: =R10*1.04 -> 44124.08 | T10: =R10*1.08 -> 45821.16
A11: KD56NXWF1N | B11: =IFERROR(HYPERLINK(VLOOKUP(A11,ÜRÜNLER!A:C,3,FALSE),VLOOKUP(A11,ÜRÜNLER!A:B,2,FALSE)),"") -> iQ300 Üstten Donduruculu Kulpsuz Buzdolabı, 70cm, Beyaz | E11: 0 | F11: 0 | G11: 0 | H11: 0 | I11: 0 | J11: 0 | K11: 0 | L11: 1 | M11: 0 | N11: =SUM(C11:M11) -> 1 | Q11: devamı yok | R11: 40000 | S11: =R11*1.04 -> 41600 | T11: =R11*1.08 -> 43200 | W11: 500
A12: KD76NAIE1N | B12: =IFERROR(HYPERLINK(VLOOKUP(A12,ÜRÜNLER!A:C,3,FALSE),VLOOKUP(A12,ÜRÜNLER!A:B,2,FALSE)),"") -> iQ500 Üstten Donduruculu Kulplu Buzdolabı, 75cm, Inox | C12: 11 | E12: 0 | F12: 0 | G12: 0 | H12: 0 | I12: 0 | J12: 0 | K12: 0 | L12: 0 | M12: 0 | N12: =SUM(C12:M12) -> 11 | Q12: 84535.625 | R12: 80308.843 | S12: =R12*1.04 -> 83521.197 | T12: =R12*1.08 -> 86733.551 | U12: 12012.369
A13: KD76NAWE1N | B13: =IFERROR(HYPERLINK(VLOOKUP(A13,ÜRÜNLER!A:C,3,FALSE),VLOOKUP(A13,ÜRÜNLER!A:B,2,FALSE)),"") -> iQ500 Üstten Donduruculu Kulplu Buzdolabı, 75cm, Beyaz | C13: 14 | E13: 0 | F13: 0 | G13: 0 | H13: 0 | I13: 0 | J13: 0 | K13: 0 | L13: 0 | M13: 0 | N13: =SUM(C13:M13) -> 14 | Q13: 62949.551 | R13: 59802.074 | S13: =R13*1.04 -> 62194.157 | T13: =R13*1.08 -> 64586.24
A14: KD76NXIE1N | B14: =IFERROR(HYPERLINK(VLOOKUP(A14,ÜRÜNLER!A:C,3,FALSE),VLOOKUP(A14,ÜRÜNLER!A:B,2,FALSE)),"") -> iQ500 Üstten Donduruculu Kulpsuz Buzdolabı, 75cm, Inox | C14: 11 | E14: 0 | F14: 0 | G14: 0 | H14: 0 | I14: 0 | J14: 0 | K14: 0 | L14: 0 | M14: 0 | N14: =SUM(C14:M14) -> 11 | Q14: 70136.481 | R14: 66629.657 | S14: =R14*1.04 -> 69294.843 | T14: =R14*1.08 -> 71960.029 | U14: 5101.5972
A15: KD76NXWE1N | B15: =IFERROR(HYPERLINK(VLOOKUP(A15,ÜRÜNLER!A:C,3,FALSE),VLOOKUP(A15,ÜRÜNLER!A:B,2,FALSE)),"") -> iQ300 Üstten Donduruculu, Kulpsuz Buzdolabı, 75cm, Beyaz | C15: 30 | E15: 0 | F15: 0 | G15: 0 | H15: 0 | I15: 1 | J15: 1 | K15: 0 | L15: 0 | M15: 1 | N15: =SUM(C15:M15) -> 33 | O15: 9 | Q15: 64328.533 | R15: 61112.107 | S15: =R15*1.04 -> 63556.591 | T15: =R15*1.08 -> 66001.075 | U15: 11177.371
A16: KD76NXWE0N | B16: =IFERROR(HYPERLINK(VLOOKUP(A16,ÜRÜNLER!A:C,3,FALSE),VLOOKUP(A16,ÜRÜNLER!A:B,2,FALSE)),"") -> iQ300 Üstten Donduruculu Kulpsuz Buzdolabı, 75cm, Beyaz | E16: 0 | F16: 0 | G16: 0 | H16: 0 | I16: 0 | J16: 0 | K16: 0 | L16: 1 | M16: 0 | N16: =SUM(C16:M16) -> 1 | Q16: devamı yok | R16: 55000 | S16: =R16*1.04 -> 57200 | T16: =R16*1.08 -> 59400 | W16: 500
A17: KD76NNWE0N | B17: =IFERROR(HYPERLINK(VLOOKUP(A17,ÜRÜNLER!A:C,3,FALSE),VLOOKUP(A17,ÜRÜNLER!A:B,2,FALSE)),"") -> iQ300 Üstten Donduruculu Kulpsuz Buzdolabı, 75cm, Beyaz | C17: 20 | E17: 0 | F17: 0 | G17: 0 | H17: 0 | I17: 0 | J17: 0 | K17: 0 | L17: 0 | M17: 0 | N17: =SUM(C17:M17) -> 20 | Q17: 56792.905 | R17: 56793 | S17: =R17*1.04 -> 59064.72 | T17: =R17*1.08 -> 61336.44 | U17: 5920.8122
A18: KD86NAID1N | B18: =IFERROR(HYPERLINK(VLOOKUP(A18,ÜRÜNLER!A:C,3,FALSE),VLOOKUP(A18,ÜRÜNLER!A:B,2,FALSE)),"") -> iQ500 Üstten Donduruculu Kulplu Buzdolabı, 86cm, Inox | C18: 8 | E18: 1 | F18: 0 | G18: 0 | H18: 0 | I18: 1 | J18: 1 | K18: 1 | L18: 0 | M18: 0 | N18: =SUM(C18:M18) -> 12 | Q18: 98053.757 | R18: 93151.069 | S18: =R18*1.04 -> 96877.112 | T18: =R18*1.08 -> 100603.16 | U18: 19751.432
A19: KD86NAWE1N | B19: =IFERROR(HYPERLINK(VLOOKUP(A19,ÜRÜNLER!A:C,3,FALSE),VLOOKUP(A19,ÜRÜNLER!A:B,2,FALSE)),"") -> iQ500 Üstten Donduruculu Kulplu Buzdolabı, 86cm, Beyaz | C19: 21 | E19: 0 | F19: 0 | G19: 0 | H19: 0 | I19: 0 | J19: 0 | K19: 0 | L19: 0 | M19: 0 | N19: =SUM(C19:M19) -> 21 | Q19: 85320.531 | R19: 81054.504 | S19: =R19*1.04 -> 84296.684 | T19: =R19*1.08 -> 87538.864 | U19: 12797.275
A20: KD86NHID1N | B20: =IFERROR(HYPERLINK(VLOOKUP(A20,ÜRÜNLER!A:C,3,FALSE),VLOOKUP(A20,ÜRÜNLER!A:B,2,FALSE)),"") -> iQ500 Üstten Donduruculu Kulplu Buzdolabı, 86cm, Inox | E20: 0 | F20: 0 | G20: 0 | H20: 0 | I20: 0 | J20: 0 | K20: 0 | L20: 1 | M20: 0 | N20: =SUM(C20:M20) -> 1 | Q20: devamı yok | R20: 55000 | S20: =R20*1.04 -> 57200 | T20: =R20*1.08 -> 59400 | W20: 500
A21: KG36NNLE0N | B21: =IFERROR(HYPERLINK(VLOOKUP(A21,ÜRÜNLER!A:C,3,FALSE),VLOOKUP(A21,ÜRÜNLER!A:B,2,FALSE)),"") -> iQ100 Alttan Donduruculu Kulpsuz Buzdolabı, 60cm, Inox | E21: 0 | F21: 0 | G21: 0 | H21: 0 | I21: 0 | J21: 0 | K21: 0 | L21: 0 | M21: 0 | N21: =SUM(C21:M21) -> 0 | Q21: devamı yok | R21: 40000 | S21: =R21*1.04 -> 41600 | T21: =R21*1.08 -> 43200 | W21: 500
A22: KG55NCIE0N | B22: =IFERROR(HYPERLINK(VLOOKUP(A22,ÜRÜNLER!A:C,3,FALSE),VLOOKUP(A22,ÜRÜNLER!A:B,2,FALSE)),"") -> iQ300 Alttan Donduruculu Kulpsuz Buzdolabı, 70cm, Inox | C22: 41 | E22: 4 | F22: 0 | G22: 0 | H22: 0 | I22: 1 | J22: 1 | K22: 0 | L22: 1 | M22: 1 | N22: =SUM(C22:M22) -> 49 | Q22: 65373.711 | R22: 62105.025 | S22: =R22*1.04 -> 64589.226 | T22: =R22*1.08 -> 67073.427 | U22: 15803.943
A23: KG55NCWE0N | B23: =IFERROR(HYPERLINK(VLOOKUP(A23,ÜRÜNLER!A:C,3,FALSE),VLOOKUP(A23,ÜRÜNLER!A:B,2,FALSE)),"") -> iQ300 Alttan Donduruculu Kulpsuz Buzdolabı, 70cm, Beyaz | C23: 70 | E23: 0 | F23: 0 | G23: 0 | H23: 0 | I23: 1 | J23: 0 | K23: 1 | L23: 2 | M23: 0 | N23: =SUM(C23:M23) -> 74 | Q23: 60461.405 | R23: 57438.335 | S23: =R23*1.04 -> 59735.868 | T23: =R23*1.08 -> 62033.401 | U23: 12845.126
A24: KG55NVIE0N | B24: =IFERROR(HYPERLINK(VLOOKUP(A24,ÜRÜNLER!A:C,3,FALSE),VLOOKUP(A24,ÜRÜNLER!A:B,2,FALSE)),"") -> iQ300 Alttan Donduruculu Kulpsuz Buzdolabı, 70cm, Inox | E24: 1 | F24: 0 | G24: 0 | H24: 0 | I24: 0 | J24: 0 | K24: 0 | L24: 1 | M24: 0 | N24: =SUM(C24:M24) -> 2 | Q24: devamı yok | R24: 55000 | S24: =R24*1.04 -> 57200 | T24: =R24*1.08 -> 59400 | U24: 6001.9872
A25: KG55NVWE0N | B25: =IFERROR(HYPERLINK(VLOOKUP(A25,ÜRÜNLER!A:C,3,FALSE),VLOOKUP(A25,ÜRÜNLER!A:B,2,FALSE)),"") -> iQ300 Alttan Donduruculu Kulpsuz Buzdolabı, 70cm, Beyaz | E25: 1 | F25: 0 | G25: 0 | H25: 0 | I25: 0 | J25: 0 | K25: 0 | L25: 1 | M25: 0 | N25: =SUM(C25:M25) -> 2 | Q25: devamı yok | R25: 44500 | S25: =R25*1.04 -> 46280 | T25: =R25*1.08 -> 48060 | U25: 2497.0134 | W25: 500
A26: KG56NCID0N | B26: =IFERROR(HYPERLINK(VLOOKUP(A26,ÜRÜNLER!A:C,3,FALSE),VLOOKUP(A26,ÜRÜNLER!A:B,2,FALSE)),"") -> iQ300 Alttan Donduruculu Kulpsuz Buzdolabı, 70cm, Inox (Wi-Fi) | C26: 2 | E26: 0 | F26: 0 | G26: 0 | H26: 0 | I26: 0 | J26: 0 | K26: 0 | L26: 0 | M26: 0 | N26: =SUM(C26:M26) -> 2 | Q26: 60254.001 | R26: 57241.301 | S26: =R26*1.04 -> 59530.953 | T26: =R26*1.08 -> 61820.605 | U26: 3277.2569
A27: KG56NCWD0N | B27: =IFERROR(HYPERLINK(VLOOKUP(A27,ÜRÜNLER!A:C,3,FALSE),VLOOKUP(A27,ÜRÜNLER!A:B,2,FALSE)),"") -> iQ300 Alttan Donduruculu Kulpsuz Buzdolabı, 70cm, Beyaz (Wi-Fi) | C27: 1 | E27: 0 | F27: 0 | G27: 0 | H27: 0 | I27: 0 | J27: 0 | K27: 0 | L27: 0 | M27: 0 | N27: =SUM(C27:M27) -> 1 | Q27: 55360.41 | R27: 52592.39 | S27: =R27*1.04 -> 54696.085 | T27: =R27*1.08 -> 56799.781
A28: KG56NCXD0N | B28: =IFERROR(HYPERLINK(VLOOKUP(A28,ÜRÜNLER!A:C,3,FALSE),VLOOKUP(A28,ÜRÜNLER!A:B,2,FALSE)),"") -> iQ300 Alttan Donduruculu Kulpsuz Buzdolabı, 70cm, Black Inox (Wi-Fi) | E28: 0 | F28: 0 | G28: 0 | H28: 0 | I28: 0 | J28: 0 | K28: 0 | L28: 0 | M28: 0 | N28: =SUM(C28:M28) -> 0 | Q28: 63899.365 | R28: 60704.397 | S28: =R28*1.04 -> 63132.573 | T28: =R28*1.08 -> 65560.749 | U28: 3992.3887
A29: KG56NLBE0N | B29: =IFERROR(HYPERLINK(VLOOKUP(A29,ÜRÜNLER!A:C,3,FALSE),VLOOKUP(A29,ÜRÜNLER!A:B,2,FALSE)),"") -> iQ500 Alttan Donduruculu Kulpsuz Buzdolabı, 70cm, Parlak Siyah | C29: 4 | E29: 0 | F29: 0 | G29: 0 | H29: 0 | I29: 2 | J29: 1 | K29: 1 | L29: 0 | M29: 2 | N29: =SUM(C29:M29) -> 10 | Q29: 65451.17 | R29: 62178.612 | S29: =R29*1.04 -> 64665.756 | T29: =R29*1.08 -> 67152.901
A30: KG56NNWD0N | B30: =IFERROR(HYPERLINK(VLOOKUP(A30,ÜRÜNLER!A:C,3,FALSE),VLOOKUP(A30,ÜRÜNLER!A:B,2,FALSE)),"") -> iQ100 Alttan Donduruculu Kulpsuz Buzdolabı, 70cm, Beyaz (Wi-Fi) | C30: 41 | E30: 0 | F30: 0 | G30: 0 | H30: 0 | I30: 1 | J30: 0 | K30: 0 | L30: 0 | M30: 0 | N30: =SUM(C30:M30) -> 42 | P30: PRİM HARİÇ | Q30: 46178.679 | R30: 43869.745 | S30: =R30*1.04 -> 45624.535 | T30: =R30*1.08 -> 47379.324
A31: KG56NQWF0N | B31: =IFERROR(HYPERLINK(VLOOKUP(A31,ÜRÜNLER!A:C,3,FALSE),VLOOKUP(A31,ÜRÜNLER!A:B,2,FALSE)),"") -> iQ500 Alttan Donduruculu Kulpsuz Buzdolabı, 70cm, Seramik Desen | E31: 0 | F31: 0 | G31: 0 | H31: 0 | I31: 0 | J31: 1 | K31: 0 | L31: 0 | M31: 0 | N31: =SUM(C31:M31) -> 1 | Q31: devamı yok | R31: 48000 | S31: =R31*1.04 -> 49920 | T31: =R31*1.08 -> 51840 | W31: 500
A32: KG56NTEE0N | B32: =IFERROR(HYPERLINK(VLOOKUP(A32,ÜRÜNLER!A:C,3,FALSE),VLOOKUP(A32,ÜRÜNLER!A:B,2,FALSE)),"") -> iQ500 Alttan Donduruculu Kulpsuz Buzdolabı, 70cm, Mat Siyah | E32: 0 | F32: 0 | G32: 1 | H32: 0 | I32: 0 | J32: 0 | K32: 0 | L32: 0 | M32: 0 | N32: =SUM(C32:M32) -> 1 | Q32: devamı yok | R32: 48000 | S32: =R32*1.04 -> 49920 | T32: =R32*1.08 -> 51840 | W32: 500
A33: KG56NTWE0N | B33: =IFERROR(HYPERLINK(VLOOKUP(A33,ÜRÜNLER!A:C,3,FALSE),VLOOKUP(A33,ÜRÜNLER!A:B,2,FALSE)),"") -> iQ500 Alttan Donduruculu Kulpsuz Buzdolabı, 70cm, Seramik Desen | E33: 0 | F33: 0 | G33: 0 | H33: 0 | I33: 0 | J33: 0 | K33: 0 | L33: 1 | M33: 0 | N33: =SUM(C33:M33) -> 1 | Q33: devamı yok | R33: 48000 | S33: =R33*1.04 -> 49920 | T33: =R33*1.08 -> 51840 | W33: 500
A34: KG56NVPD0N | B34: =IFERROR(HYPERLINK(VLOOKUP(A34,ÜRÜNLER!A:C,3,FALSE),VLOOKUP(A34,ÜRÜNLER!A:B,2,FALSE)),"") -> iQ300 Alttan Donduruculu Kulpsuz Buzdolabı, 70cm, Inox (Wi-Fi) | C34: 41 | E34: 0 | F34: 0 | G34: 0 | H34: 0 | I34: 1 | J34: 0 | K34: 0 | L34: 0 | M34: 0 | N34: =SUM(C34:M34) -> 42 | Q34: 52906.163 | R34: 50260.855 | S34: =R34*1.04 -> 52271.289 | T34: =R34*1.08 -> 54281.723
A35: KG56NVWD0N | B35: =IFERROR(HYPERLINK(VLOOKUP(A35,ÜRÜNLER!A:C,3,FALSE),VLOOKUP(A35,ÜRÜNLER!A:B,2,FALSE)),"") -> iQ300 Alttan Donduruculu Kulpsuz Buzdolabı, 70cm, Beyaz (Wi-Fi) | C35: 31 | E35: 0 | F35: 0 | G35: 0 | H35: 0 | I35: 0 | J35: 0 | K35: 0 | L35: 0 | M35: 0 | N35: =SUM(C35:M35) -> 31 | O35: 20 | Q35: 50483.32 | R35: 47959.154 | S35: =R35*1.04 -> 49877.52 | T35: =R35*1.08 -> 51795.886
A36: KG76APIE0N | B36: =IFERROR(HYPERLINK(VLOOKUP(A36,ÜRÜNLER!A:C,3,FALSE),VLOOKUP(A36,ÜRÜNLER!A:B,2,FALSE)),"") -> iQ700 Alttan Donduruculu Kulplu Buzdolabı, 75cm, Inox | C36: 13 | E36: 0 | F36: 0 | G36: 0 | H36: 0 | I36: 0 | J36: 0 | K36: 0 | L36: 0 | M36: 0 | N36: =SUM(C36:M36) -> 13 | Q36: 84646.164 | R36: 80413.856 | S36: =R36*1.04 -> 83630.41 | T36: =R36*1.08 -> 86846.965 | U36: 6343.8389
A37: KG76NCIE0N | B37: =IFERROR(HYPERLINK(VLOOKUP(A37,ÜRÜNLER!A:C,3,FALSE),VLOOKUP(A37,ÜRÜNLER!A:B,2,FALSE)),"") -> iQ500 Alttan Donduruculu Kulplu Buzdolabı, 75cm, Inox | C37: 2 | E37: 0 | F37: 1 | G37: 0 | H37: 0 | I37: 1 | J37: 1 | K37: 1 | L37: 3 | M37: 1 | N37: =SUM(C37:M37) -> 10 | Q37: 89337.569 | R37: 84870.691 | S37: =R37*1.04 -> 88265.519 | T37: =R37*1.08 -> 91660.346 | U37: 19093.383
A38: KG76NCWE0N | B38: =IFERROR(HYPERLINK(VLOOKUP(A38,ÜRÜNLER!A:C,3,FALSE),VLOOKUP(A38,ÜRÜNLER!A:B,2,FALSE)),"") -> iQ500 Alttan Donduruculu Kulplu Buzdolabı, 75cm, Beyaz | C38: 33 | E38: 0 | F38: 0 | G38: 0 | H38: 0 | I38: 1 | J38: 0 | K38: 0 | L38: 1 | M38: 0 | N38: =SUM(C38:M38) -> 35 | Q38: 80897.296 | R38: 76852.431 | S38: =R38*1.04 -> 79926.528 | T38: =R38*1.08 -> 83000.626 | U38: 12199.622
A39: KG76NCXE0N | B39: =IFERROR(HYPERLINK(VLOOKUP(A39,ÜRÜNLER!A:C,3,FALSE),VLOOKUP(A39,ÜRÜNLER!A:B,2,FALSE)),"") -> iQ500 Alttan Donduruculu Kulpsuz Buzdolabı, 75cm, darkSteel | C39: 108 | E39: 0 | F39: 0 | G39: 0 | H39: 0 | I39: 1 | J39: 1 | K39: 1 | L39: 0 | M39: 1 | N39: =SUM(C39:M39) -> 112 | Q39: 99433.9 | R39: 94462.205 | S39: =R39*1.04 -> 98240.693 | T39: =R39*1.08 -> 102019.18 | U39: 23492.04
A40: KG76NVIE0N | B40: =IFERROR(HYPERLINK(VLOOKUP(A40,ÜRÜNLER!A:C,3,FALSE),VLOOKUP(A40,ÜRÜNLER!A:B,2,FALSE)),"") -> iQ300 Alttan Donduruculu Kulpsuz Buzdolabı, 75cm, Inox | C40: 29 | E40: 0 | F40: 0 | G40: 2 | H40: 0 | I40: 1 | J40: 0 | K40: 0 | L40: 2 | M40: 0 | N40: =SUM(C40:M40) -> 34 | Q40: 80743.426 | R40: 76706.255 | S40: =R40*1.04 -> 79774.505 | T40: =R40*1.08 -> 82842.755 | U40: 13103.891
A41: KG76NVWE0N | B41: =IFERROR(HYPERLINK(VLOOKUP(A41,ÜRÜNLER!A:C,3,FALSE),VLOOKUP(A41,ÜRÜNLER!A:B,2,FALSE)),"") -> iQ300 Alttan Donduruculu Kulpsuz Buzdolabı, 75cm, Beyaz | C41: 11 | E41: 0 | F41: 0 | G41: 0 | H41: 0 | I41: 1 | J41: 1 | K41: 0 | L41: 0 | M41: 1 | N41: =SUM(C41:M41) -> 14 | Q41: 72507.334 | R41: 68881.968 | S41: =R41*1.04 -> 71637.246 | T41: =R41*1.08 -> 74392.525 | U41: 15693.381
A42: KG76PAIC0N | B42: =IFERROR(HYPERLINK(VLOOKUP(A42,ÜRÜNLER!A:C,3,FALSE),VLOOKUP(A42,ÜRÜNLER!A:B,2,FALSE)),"") -> iQ700 Alttan Donduruculu Kulplu Buzdolabı, 75cm, Inox | C42: 36 | E42: 2 | F42: 0 | G42: 1 | H42: 0 | I42: 1 | J42: 1 | K42: 0 | L42: 0 | M42: 1 | N42: =SUM(C42:M42) -> 42 | Q42: 93563.754 | R42: 88885.567 | S42: =R42*1.04 -> 92440.989 | T42: =R42*1.08 -> 95996.412 | U42: 10784.685
A43: KG76PAWC0N | B43: =IFERROR(HYPERLINK(VLOOKUP(A43,ÜRÜNLER!A:C,3,FALSE),VLOOKUP(A43,ÜRÜNLER!A:B,2,FALSE)),"") -> iQ700 Alttan Donduruculu Kulplu Buzdolabı, 75cm, Beyaz | C43: 16 | E43: 1 | F43: 0 | G43: 0 | H43: 0 | I43: 1 | J43: 0 | K43: 1 | L43: 3 | M43: 0 | N43: =SUM(C43:M43) -> 22 | Q43: 85858.484 | R43: 81565.56 | S43: =R43*1.04 -> 84828.182 | T43: =R43*1.08 -> 88090.805 | U43: 8858.4841
A44: KG86NAID2N | B44: =IFERROR(HYPERLINK(VLOOKUP(A44,ÜRÜNLER!A:C,3,FALSE),VLOOKUP(A44,ÜRÜNLER!A:B,2,FALSE)),"") -> iQ500 Alttan Donduruculu Kulplu Buzdolabı, 86cm, Inox | C44: 57 | E44: 1 | F44: 0 | G44: 0 | H44: 0 | I44: 1 | J44: 1 | K44: 1 | L44: 1 | M44: 1 | N44: =SUM(C44:M44) -> 63 | Q44: 104311.67 | R44: 99096.09 | S44: =R44*1.04 -> 103059.93 | T44: =R44*1.08 -> 107023.78 | U44: 29834.93
A45: KG86NCWE0N | B45: =IFERROR(HYPERLINK(VLOOKUP(A45,ÜRÜNLER!A:C,3,FALSE),VLOOKUP(A45,ÜRÜNLER!A:B,2,FALSE)),"") -> iQ500 Alttan Donduruculu Kulplu Buzdolabı, 86cm, Beyaz | C45: 9 | E45: 0 | F45: 0 | G45: 1 | H45: 0 | I45: 1 | J45: 0 | K45: 1 | L45: 0 | M45: 0 | N45: =SUM(C45:M45) -> 12 | Q45: 89598.547 | R45: 85118.62 | S45: =R45*1.04 -> 88523.365 | T45: =R45*1.08 -> 91928.11 | U45: 19354.361
A46: KG86NVWE0N | B46: =IFERROR(HYPERLINK(VLOOKUP(A46,ÜRÜNLER!A:C,3,FALSE),VLOOKUP(A46,ÜRÜNLER!A:B,2,FALSE)),"") -> iQ500 Alttan Donduruculu Kulpsuz Buzdolabı, 86cm, Beyaz | C46: 34 | E46: 0 | F46: 0 | G46: 1 | H46: 0 | I46: 0 | J46: 1 | K46: 0 | L46: 0 | M46: 0 | N46: =SUM(C46:M46) -> 36 | Q46: 79438.433 | R46: 75466.511 | S46: =R46*1.04 -> 78485.172 | T46: =R46*1.08 -> 81503.832 | U46: 12124.479
A47: KG86PAIC0N | B47: =IFERROR(HYPERLINK(VLOOKUP(A47,ÜRÜNLER!A:C,3,FALSE),VLOOKUP(A47,ÜRÜNLER!A:B,2,FALSE)),"") -> iQ700 Alttan Donduruculu Kulplu Buzdolabı, 86cm, Inox | C47: 1 | E47: 0 | F47: 0 | G47: 0 | H47: 0 | I47: 0 | J47: 0 | K47: 0 | L47: 0 | M47: 0 | N47: =SUM(C47:M47) -> 1 | Q47: devamı yok | R47: 80000 | S47: =R47*1.04 -> 83200 | T47: =R47*1.08 -> 86400
A48: KG86PAXB0N | B48: =IFERROR(HYPERLINK(VLOOKUP(A48,ÜRÜNLER!A:C,3,FALSE),VLOOKUP(A48,ÜRÜNLER!A:B,2,FALSE)),"") -> iQ700 Alttan Donduruculu Kulpsuz Buzdolabı, 86cm, darkSteel | E48: 0 | F48: 0 | G48: 0 | H48: 0 | I48: 1 | J48: 0 | K48: 0 | L48: 0 | M48: 1 | N48: =SUM(C48:M48) -> 2 | Q48: 119402.3 | R48: 113432.19 | S48: =R48*1.04 -> 117969.48 | T48: =R48*1.08 -> 122506.76 | U48: 27669.747
A49: KG86PFIC0N | B49: =IFERROR(HYPERLINK(VLOOKUP(A49,ÜRÜNLER!A:C,3,FALSE),VLOOKUP(A49,ÜRÜNLER!A:B,2,FALSE)),"") -> iQ700 Alttan Donduruculu Kulplu Buzdolabı, 86cm, Inox | C49: 113 | E49: 0 | F49: 1 | G49: 1 | H49: 0 | I49: 1 | J49: 0 | K49: 1 | L49: 1 | M49: 1 | N49: =SUM(C49:M49) -> 119 | Q49: 113812.03 | R49: 108121.43 | S49: =R49*1.04 -> 112446.28 | T49: =R49*1.08 -> 116771.14 | U49: 28102.725
A50: KG86PFWC0N | B50: =IFERROR(HYPERLINK(VLOOKUP(A50,ÜRÜNLER!A:C,3,FALSE),VLOOKUP(A50,ÜRÜNLER!A:B,2,FALSE)),"") -> iQ700 Alttan Donduruculu Kulplu Buzdolabı, 86cm, Beyaz | C50: 44 | E50: 0 | F50: 0 | G50: 1 | H50: 0 | I50: 1 | J50: 1 | K50: 0 | L50: 0 | M50: 0 | N50: =SUM(C50:M50) -> 47 | Q50: 102827.96 | R50: 97686.559 | S50: =R50*1.04 -> 101594.02 | T50: =R50*1.08 -> 105501.48 | U50: 24688.422
A51: DONDURUCU
A52: GS24VVWE0N | B52: =IFERROR(HYPERLINK(VLOOKUP(A52,ÜRÜNLER!A:C,3,FALSE),VLOOKUP(A52,ÜRÜNLER!A:B,2,FALSE)),"") -> iQ300 Derin Dondurucu, 146x60cm, Statik, Beyaz | C52: 90 | E52: 0 | F52: 0 | G52: 1 | H52: 0 | I52: 0 | J52: 0 | K52: 0 | L52: 0 | M52: 0 | N52: =SUM(C52:M52) -> 91 | P52: PRİM HARİÇ | Q52: 24592.565 | R52: 23000 | S52: =R52*1.04 -> 23920 | T52: =R52*1.08 -> 24840
A53: GS24VVWF0N | B53: =IFERROR(HYPERLINK(VLOOKUP(A53,ÜRÜNLER!A:C,3,FALSE),VLOOKUP(A53,ÜRÜNLER!A:B,2,FALSE)),"") -> iQ300 Derin Dondurucu, 146x60cm, Statik, Beyaz | E53: 1 | F53: 0 | G53: 0 | H53: 0 | I53: 0 | J53: 0 | K53: 0 | L53: 0 | M53: 0 | N53: =SUM(C53:M53) -> 1 | P53: PRİM HARİÇ | Q53: devamı yok | R53: 20000 | S53: =R53*1.04 -> 20800 | T53: =R53*1.08 -> 21600 | W53: 500
A54: GS29NVWE0N | B54: =IFERROR(HYPERLINK(VLOOKUP(A54,ÜRÜNLER!A:C,3,FALSE),VLOOKUP(A54,ÜRÜNLER!A:B,2,FALSE)),"") -> iQ300 Derin Dondurucu, 161x60cm, No-Frost, Beyaz | C54: 8 | E54: 0 | F54: 1 | G54: 0 | H54: 0 | I54: 0 | J54: 0 | K54: 0 | L54: 0 | M54: 0 | N54: =SUM(C54:M54) -> 9 | P54: PRİM HARİÇ | Q54: 37824.325 | R54: 41606.758 | S54: =R54*1.04 -> 43271.028 | T54: =R54*1.08 -> 44935.298 | U54: 1794.9133
A55: GS29VVWE0N | B55: =IFERROR(HYPERLINK(VLOOKUP(A55,ÜRÜNLER!A:C,3,FALSE),VLOOKUP(A55,ÜRÜNLER!A:B,2,FALSE)),"") -> iQ300 Derin Dondurucu, 161x60cm, Statik, Beyaz | C55: 101 | E55: 0 | F55: 1 | G55: 1 | H55: 0 | I55: 1 | J55: 0 | K55: 1 | L55: 0 | M55: 0 | N55: =SUM(C55:M55) -> 105 | P55: PRİM HARİÇ | Q55: 25437.803 | R55: 27981.584 | S55: =R55*1.04 -> 29100.847 | T55: =R55*1.08 -> 30220.11
A56: GS33VVIE0N | B56: =IFERROR(HYPERLINK(VLOOKUP(A56,ÜRÜNLER!A:C,3,FALSE),VLOOKUP(A56,ÜRÜNLER!A:B,2,FALSE)),"") -> iQ300 Derin Dondurucu, 176x60cm, Statik, Inox | C56: 88 | E56: 2 | F56: 3 | G56: 2 | H56: 0 | I56: 1 | J56: 0 | K56: 0 | L56: 1 | M56: 1 | N56: =SUM(C56:M56) -> 98 | P56: PRİM HARİÇ | Q56: 31580.843 | R56: 34738.927 | S56: =R56*1.04 -> 36128.484 | T56: =R56*1.08 -> 37518.041
A57: GS33VVWE0N | B57: =IFERROR(HYPERLINK(VLOOKUP(A57,ÜRÜNLER!A:C,3,FALSE),VLOOKUP(A57,ÜRÜNLER!A:B,2,FALSE)),"") -> iQ300 Derin Dondurucu, 176x60cm, Statik, Beyaz | C57: 107 | E57: 5 | F57: 1 | G57: 0 | H57: 0 | I57: 1 | J57: 1 | K57: 0 | L57: 0 | M57: 0 | N57: =SUM(C57:M57) -> 115 | P57: PRİM HARİÇ | Q57: 28432.702 | R57: 31275.972 | S57: =R57*1.04 -> 32527.011 | T57: =R57*1.08 -> 33778.05
A58: GS36NVIE0N | B58: =IFERROR(HYPERLINK(VLOOKUP(A58,ÜRÜNLER!A:C,3,FALSE),VLOOKUP(A58,ÜRÜNLER!A:B,2,FALSE)),"") -> iQ300 Derin Dondurucu, 186x60cm, No-Frost Inox | E58: 0 | F58: 0 | G58: 1 | H58: 0 | I58: 0 | J58: 0 | K58: 0 | L58: 0 | M58: 0 | N58: =SUM(C58:M58) -> 1 | P58: PRİM HARİÇ | Q58: devamı yok | R58: 36000 | S58: =R58*1.04 -> 37440 | T58: =R58*1.08 -> 38880 | W58: 500
A59: GS36NVIEP | B59: =IFERROR(HYPERLINK(VLOOKUP(A59,ÜRÜNLER!A:C,3,FALSE),VLOOKUP(A59,ÜRÜNLER!A:B,2,FALSE)),"") -> iQ300 Derin Dondurucu, 186x60cm, No-Frost, Inox | E59: 0 | F59: 0 | G59: 0 | H59: 0 | I59: 0 | J59: 0 | K59: 0 | L59: 0 | M59: 0 | N59: =SUM(C59:M59) -> 0 | P59: PRİM HARİÇ | Q59: 34578.683 | R59: 38036.551 | S59: =R59*1.04 -> 39558.013 | T59: =R59*1.08 -> 41079.475 | U59: 1658.601
A60: GS36NVWF0N | B60: =IFERROR(HYPERLINK(VLOOKUP(A60,ÜRÜNLER!A:C,3,FALSE),VLOOKUP(A60,ÜRÜNLER!A:B,2,FALSE)),"") -> iQ300 Derin Dondurucu, 186x60cm, No-Frost, Beyaz | E60: 0 | F60: 0 | G60: 0 | H60: 0 | I60: 0 | J60: 0 | K60: 0 | L60: 1 | M60: 0 | N60: =SUM(C60:M60) -> 1 | P60: PRİM HARİÇ | Q60: devamı yok | R60: 30000 | S60: =R60*1.04 -> 31200 | T60: =R60*1.08 -> 32400 | W60: 500
A61: GS54NVWE0N | B61: =IFERROR(HYPERLINK(VLOOKUP(A61,ÜRÜNLER!A:C,3,FALSE),VLOOKUP(A61,ÜRÜNLER!A:B,2,FALSE)),"") -> iQ300 Derin Dondurucu, 176x70cm, No-Frost, Beyaz | C61: 57 | E61: 3 | F61: 0 | G61: 0 | H61: 0 | I61: 0 | J61: 0 | K61: 0 | L61: 0 | M61: 0 | N61: =SUM(C61:M61) -> 60 | P61: PRİM HARİÇ | Q61: 41328.219 | R61: 45461.041 | S61: =R61*1.04 -> 47279.483 | T61: =R61*1.08 -> 49097.925 | U61: 1989.9842
A62: A.DOLAP
A63: CI24WP03 | B63: =IFERROR(HYPERLINK(VLOOKUP(A63,ÜRÜNLER!A:C,3,FALSE),VLOOKUP(A63,ÜRÜNLER!A:B,2,FALSE)),"") -> iQ700 studioLine Ankastre Şarap Soğutucu, 212.5x60.3cm | D63: 4 | E63: 0 | F63: 0 | G63: 0 | H63: 1 | I63: 0 | J63: 0 | K63: 0 | L63: 0 | M63: 0 | N63: =SUM(C63:M63) -> 5 | Q63: devamı yok | R63: 279033.76 | S63: =R63*1.04 -> 290195.11 | T63: =R63*1.08 -> 301356.46 | W63: 250
A64: CI30BP02 | B64: =IFERROR(HYPERLINK(VLOOKUP(A64,ÜRÜNLER!A:C,3,FALSE),VLOOKUP(A64,ÜRÜNLER!A:B,2,FALSE)),"") -> iQ700 studioLine Alttan Donduruculu Ankastre Buzdolabı, 212.5x75.6cm, Düz Menteşe | D64: 2 | E64: 0 | F64: 0 | G64: 0 | H64: 1 | I64: 0 | J64: 0 | K64: 0 | L64: 0 | M64: 0 | N64: =SUM(C64:M64) -> 3 | Q64: devamı yok | R64: 375000 | S64: =R64*1.04 -> 390000 | T64: =R64*1.08 -> 405000 | W64: 1000 | Y64: teşhir fiyatı 300 bin tl
A65: CI30RP02 | B65: =IFERROR(HYPERLINK(VLOOKUP(A65,ÜRÜNLER!A:C,3,FALSE),VLOOKUP(A65,ÜRÜNLER!A:B,2,FALSE)),"") -> iQ700 studioLine Ankastre Buzdolabı, 212.5x75.6cm, Düz Menteşe | D65: 5 | E65: 0 | F65: 0 | G65: 1 | H65: 0 | I65: 0 | J65: 1 | K65: 0 | L65: 0 | M65: 0 | N65: =SUM(C65:M65) -> 7 | Q65: devamı yok | R65: 400000 | S65: =R65*1.04 -> 416000 | T65: =R65*1.08 -> 432000 | W65: 1000
A66: CI36TP02 | B66: =IFERROR(HYPERLINK(VLOOKUP(A66,ÜRÜNLER!A:C,3,FALSE),VLOOKUP(A66,ÜRÜNLER!A:B,2,FALSE)),"") -> iQ700 Alttan Donduruculu Ankastre Buzdolabı, 212.5x90.8cm, Düz Menteşe | E66: 1 | F66: 0 | G66: 0 | H66: 1 | I66: 0 | J66: 0 | K66: 0 | L66: 1 | M66: 0 | N66: =SUM(C66:M66) -> 3 | Q66: devamı yok | R66: 325000 | S66: =R66*1.04 -> 338000 | T66: =R66*1.08 -> 351000 | W66: 1000
A67: FI24NP32 | B67: =IFERROR(HYPERLINK(VLOOKUP(A67,ÜRÜNLER!A:C,3,FALSE),VLOOKUP(A67,ÜRÜNLER!A:B,2,FALSE)),"") -> iQ700 Ankastre Derin Dondurucu, 212.5x60.3cm, Düz Menteşe | E67: 0 | F67: 1 | G67: 0 | H67: 0 | I67: 0 | J67: 1 | K67: 0 | L67: 1 | M67: 0 | N67: =SUM(C67:M67) -> 3 | Q67: devamı yok | R67: 300000 | S67: =R67*1.04 -> 312000 | T67: =R67*1.08 -> 324000 | W67: 1000
A68: FI24NP33 | B68: =IFERROR(HYPERLINK(VLOOKUP(A68,ÜRÜNLER!A:C,3,FALSE),VLOOKUP(A68,ÜRÜNLER!A:B,2,FALSE)),"") -> iQ700 Ankastre Derin Dondurucu, 212.5x60.3cm, Düz Menteşe | C68: 1 | E68: 0 | F68: 0 | G68: 0 | H68: 0 | I68: 0 | J68: 0 | K68: 0 | L68: 0 | M68: 0 | N68: =SUM(C68:M68) -> 1 | Q68: devamı yok | R68: 323156.5 | S68: =R68*1.04 -> 336082.76 | T68: =R68*1.08 -> 349009.02
A69: KU21RADE0 | B69: =IFERROR(HYPERLINK(VLOOKUP(A69,ÜRÜNLER!A:C,3,FALSE),VLOOKUP(A69,ÜRÜNLER!A:B,2,FALSE)),"") -> iQ500 Tezgah Altı Ankastre Buzdolabı, 82x59.8cm, softClosing Düz Menteşe | E69: 0 | F69: 0 | G69: 0 | H69: 0 | I69: 0 | J69: 0 | K69: 0 | L69: 0 | M69: 0 | N69: =SUM(C69:M69) -> 0 | Q69: 69903.35 | R69: 66893.158 | S69: =R69*1.04 -> 69568.884 | T69: =R69*1.08 -> 72244.61
A70: KU21WAHG0 | B70: =IFERROR(HYPERLINK(VLOOKUP(A70,ÜRÜNLER!A:C,3,FALSE),VLOOKUP(A70,ÜRÜNLER!A:B,2,FALSE)),"") -> iQ500 Ankastre Şarap Soğutucu, 81.8x59.8cm | E70: 0 | F70: 0 | G70: 0 | H70: 0 | I70: 0 | J70: 1 | K70: 0 | L70: 0 | M70: 1 | N70: =SUM(C70:M70) -> 2 | O70: 3 | Q70: 107384.56 | R70: 102760.34 | S70: =R70*1.04 -> 106870.76 | T70: =R70*1.08 -> 110981.17
A71: KI82LADD0 | B71: =IFERROR(HYPERLINK(VLOOKUP(A71,ÜRÜNLER!A:C,3,FALSE),VLOOKUP(A71,ÜRÜNLER!A:B,2,FALSE)),"") -> iQ500 Derin Donduruculu Ankastre Buzdolabı, 177.2x55.8cm, softClosing Düz Menteşe | C71: 8 | E71: 0 | F71: 1 | G71: 0 | H71: 0 | I71: 0 | J71: 0 | K71: 0 | L71: 0 | M71: 0 | N71: =SUM(C71:M71) -> 9 | Q71: 100312.21 | R71: 95296.598 | S71: =R71*1.04 -> 99108.462 | T71: =R71*1.08 -> 102920.33
A72: KI86NHDF0 | B72: =IFERROR(HYPERLINK(VLOOKUP(A72,ÜRÜNLER!A:C,3,FALSE),VLOOKUP(A72,ÜRÜNLER!A:B,2,FALSE)),"") -> iQ500 Alttan Donduruculu Ankastre Buzdolabı, 177.2x55.8cm, softClosing Düz Menteşe | E72: 0 | F72: 0 | G72: 1 | H72: 0 | I72: 0 | J72: 0 | K72: 0 | L72: 0 | M72: 0 | N72: =SUM(C72:M72) -> 1 | Q72: devamı yok | R72: 75000 | S72: =R72*1.04 -> 78000 | T72: =R72*1.08 -> 81000 | W72: 1000
A73: KI87SAFE0N | B73: =IFERROR(HYPERLINK(VLOOKUP(A73,ÜRÜNLER!A:C,3,FALSE),VLOOKUP(A73,ÜRÜNLER!A:B,2,FALSE)),"") -> iQ500 Alttan Donduruculu Ankastre Buzdolabı, 177.2x55.8cm, Düz Menteşe | E73: 2 | F73: 0 | G73: 0 | H73: 0 | I73: 0 | J73: 1 | K73: 0 | L73: 1 | M73: 0 | N73: =SUM(C73:M73) -> 4 | O73: 5 | Q73: 101735.1 | R73: 97354.167 | S73: =R73*1.04 -> 101248.33 | T73: =R73*1.08 -> 105142.5
A74: KB96NADD1 | B74: =IFERROR(HYPERLINK(VLOOKUP(A74,ÜRÜNLER!A:C,3,FALSE),VLOOKUP(A74,ÜRÜNLER!A:B,2,FALSE)),"") -> iQ500 Alttan Donduruculu Ankastre Buzdolabı, 193.5x70.8cm, softClosing Düz Menteşe | E74: 0 | F74: 0 | G74: 0 | H74: 0 | I74: 0 | J74: 0 | K74: 0 | L74: 0 | M74: 0 | N74: =SUM(C74:M74) -> 0 | O74: 4 | Q74: 125395.81 | R74: 119995.99 | S74: =R74*1.04 -> 124795.83 | T74: =R74*1.08 -> 129595.67
A75: KB96NADD0 | B75: =IFERROR(HYPERLINK(VLOOKUP(A75,ÜRÜNLER!A:C,3,FALSE),VLOOKUP(A75,ÜRÜNLER!A:B,2,FALSE)),"") -> iQ500 Alttan Donduruculu Ankastre Buzdolabı, 193.5x70.8cm, softClosing Düz Menteşe | C75: 1 | E75: 0 | F75: 0 | G75: 0 | H75: 0 | I75: 0 | J75: 0 | K75: 0 | L75: 0 | M75: 0 | N75: =SUM(C75:M75) -> 1 | Q75: 125395.81 | R75: 119995.99 | S75: =R75*1.04 -> 124795.83 | T75: =R75*1.08 -> 129595.67
A76: KB96NSDD0 | B76: =IFERROR(HYPERLINK(VLOOKUP(A76,ÜRÜNLER!A:C,3,FALSE),VLOOKUP(A76,ÜRÜNLER!A:B,2,FALSE)),"") -> iQ500 studioLine Alttan Donduruculu Ankastre Buzdolabı, 193.5x70.8cm, Düz Menteşe | D76: 12 | E76: 0 | F76: 0 | G76: 0 | H76: 0 | I76: 0 | J76: 0 | K76: 0 | L76: 0 | M76: 0 | N76: =SUM(C76:M76) -> 12 | Q76: 151937.51 | R76: 126493.43 | S76: =R76*1.04 -> 131553.17 | T76: =R76*1.08 -> 136612.91 | W76: 500
A77: ÇAMAŞIR MAKİNASI
A78: WG42A1ZXTR | B78: =IFERROR(HYPERLINK(VLOOKUP(A78,ÜRÜNLER!A:C,3,FALSE),VLOOKUP(A78,ÜRÜNLER!A:B,2,FALSE)),"") -> iQ300 Çamaşır Makinesi, 9kg/1200devir, Gümüş | E78: 0 | F78: 0 | G78: 0 | H78: 0 | I78: 1 | J78: 0 | K78: 0 | L78: 0 | M78: 0 | N78: =SUM(C78:M78) -> 1 | Q78: devamı yok | R78: 35000 | S78: =R78*1.04 -> 36400 | T78: =R78*1.08 -> 37800 | W78: 500
A79: WG42A2X3TR | B79: =IFERROR(HYPERLINK(VLOOKUP(A79,ÜRÜNLER!A:C,3,FALSE),VLOOKUP(A79,ÜRÜNLER!A:B,2,FALSE)),"") -> iQ300 Çamaşır Makinesi, 9kg/1200devir, Beyaz | C79: 47 | E79: 0 | F79: 0 | G79: 1 | H79: 0 | I79: 2 | J79: 2 | K79: 1 | L79: 1 | M79: 1 | N79: =SUM(C79:M79) -> 55 | Q79: 35478.87 | R79: 33951.072 | S79: =R79*1.04 -> 35309.115 | T79: =R79*1.08 -> 36667.158 | U79: 1455.6143
A80: WG42K2Z0TR | B80: =IFERROR(HYPERLINK(VLOOKUP(A80,ÜRÜNLER!A:C,3,FALSE),VLOOKUP(A80,ÜRÜNLER!A:B,2,FALSE)),"") -> iQ500 Çamaşır Makinesi, 9kg/1200devir, Beyaz | C80: 32 | E80: 0 | F80: 0 | G80: 0 | H80: 0 | I80: 1 | J80: 0 | K80: 0 | L80: 1 | M80: 0 | N80: =SUM(C80:M80) -> 34 | Q80: 45590.828 | R80: 43311.287 | S80: =R80*1.04 -> 45043.738 | T80: =R80*1.08 -> 46776.19
A81: WG42K2ZXTR | B81: =IFERROR(HYPERLINK(VLOOKUP(A81,ÜRÜNLER!A:C,3,FALSE),VLOOKUP(A81,ÜRÜNLER!A:B,2,FALSE)),"") -> iQ500 Çamaşır Makinesi, 9kg/1200devir, Gümüş | C81: 51 | E81: 0 | F81: 0 | G81: 0 | H81: 0 | I81: 1 | J81: 1 | K81: 1 | L81: 0 | M81: 1 | N81: =SUM(C81:M81) -> 55 | Q81: 47541.989 | R81: 45164.89 | S81: =R81*1.04 -> 46971.485 | T81: =R81*1.08 -> 48778.081
A82: WG44A2Z1TR | B82: =IFERROR(HYPERLINK(VLOOKUP(A82,ÜRÜNLER!A:C,3,FALSE),VLOOKUP(A82,ÜRÜNLER!A:B,2,FALSE)),"") -> iQ300 Çamaşır Makinesi, 9kg/1400devir, Beyaz | E82: 0 | F82: 0 | G82: 0 | H82: 0 | I82: 1 | J82: 0 | K82: 0 | L82: 0 | M82: 0 | N82: =SUM(C82:M82) -> 1 | Q82: devamı yok | R82: 32000 | S82: =R82*1.04 -> 33280 | T82: =R82*1.08 -> 34560 | W82: 500
A83: WG44B2A0TR | B83: =IFERROR(HYPERLINK(VLOOKUP(A83,ÜRÜNLER!A:C,3,FALSE),VLOOKUP(A83,ÜRÜNLER!A:B,2,FALSE)),"") -> iQ700 Çamaşır Makinesi, 9kg/1400devir, i-dos, Beyaz | E83: 0 | F83: 0 | G83: 0 | H83: 0 | I83: 0 | J83: 1 | K83: 0 | L83: 1 | M83: 1 | N83: =SUM(C83:M83) -> 3 | O83: 5 | Q83: 53167.086 | R83: 50878 | S83: =R83*1.04 -> 52913.12 | T83: =R83*1.08 -> 54948.24
A84: WG44K2Z0TR | B84: =IFERROR(HYPERLINK(VLOOKUP(A84,ÜRÜNLER!A:C,3,FALSE),VLOOKUP(A84,ÜRÜNLER!A:B,2,FALSE)),"") -> iQ500 Çamaşır Makinesi, 9kg/1400devir, Beyaz | C84: 13 | E84: 0 | F84: 1 | G84: 0 | H84: 0 | I84: 1 | J84: 1 | K84: 0 | L84: 0 | M84: 0 | N84: =SUM(C84:M84) -> 16 | Q84: 45245.967 | R84: 42983.669 | S84: =R84*1.04 -> 44703.015 | T84: =R84*1.08 -> 46422.362
A85: WG52A202TR | B85: =IFERROR(HYPERLINK(VLOOKUP(A85,ÜRÜNLER!A:C,3,FALSE),VLOOKUP(A85,ÜRÜNLER!A:B,2,FALSE)),"") -> iQ300 Çamaşır Makinesi, 10kg/1200devir, Beyaz | E85: 0 | F85: 0 | G85: 0 | H85: 0 | I85: 1 | J85: 1 | K85: 0 | L85: 1 | M85: 0 | N85: =SUM(C85:M85) -> 3 | Q85: devamı yok | R85: 34557 | S85: =R85*1.04 -> 35939.28 | T85: =R85*1.08 -> 37321.56 | U85: 598.48948 | W85: 500
A86: WG52A203TR | B86: =IFERROR(HYPERLINK(VLOOKUP(A86,ÜRÜNLER!A:C,3,FALSE),VLOOKUP(A86,ÜRÜNLER!A:B,2,FALSE)),"") -> iQ300 Çamaşır Makinesi, 10kg/1200devir, Beyaz | C86: 80 | E86: 0 | F86: 0 | G86: 0 | H86: 0 | I86: 1 | J86: 1 | K86: 1 | L86: 0 | M86: 0 | N86: =SUM(C86:M86) -> 83 | Q86: 41077.18 | R86: 39023.321 | S86: =R86*1.04 -> 40584.254 | T86: =R86*1.08 -> 42145.187 | U86: 4123.6919
A87: WG52A2A0TR | B87: =IFERROR(HYPERLINK(VLOOKUP(A87,ÜRÜNLER!A:C,3,FALSE),VLOOKUP(A87,ÜRÜNLER!A:B,2,FALSE)),"") -> iQ500 Çamaşır Makinesi, 10kg/1200devir, i-dos, Beyaz | E87: 0 | F87: 0 | G87: 0 | H87: 0 | I87: 0 | J87: 0 | K87: 0 | L87: 1 | M87: 0 | N87: =SUM(C87:M87) -> 1 | Q87: devamı yok | R87: 40000 | S87: =R87*1.04 -> 41600 | T87: =R87*1.08 -> 43200 | W87: 500
A88: WG52A2F0TR | B88: =IFERROR(HYPERLINK(VLOOKUP(A88,ÜRÜNLER!A:C,3,FALSE),VLOOKUP(A88,ÜRÜNLER!A:B,2,FALSE)),"") -> iQ500 Çamaşır Makinesi, 10kg/1200devir, i-dos, Beyaz | E88: 1 | F88: 0 | G88: 0 | H88: 0 | I88: 1 | J88: 0 | K88: 1 | L88: 1 | M88: 1 | N88: =SUM(C88:M88) -> 5 | Q88: devamı yok | R88: 40000 | S88: =R88*1.04 -> 41600 | T88: =R88*1.08 -> 43200 | W88: 500
A89: WG52A2Z0TR | B89: =IFERROR(HYPERLINK(VLOOKUP(A89,ÜRÜNLER!A:C,3,FALSE),VLOOKUP(A89,ÜRÜNLER!A:B,2,FALSE)),"") -> iQ500 Çamaşır Makinesi, 10kg/1200devir, Beyaz | E89: 0 | F89: 0 | G89: 0 | H89: 0 | I89: 0 | J89: 0 | K89: 0 | L89: 1 | M89: 0 | N89: =SUM(C89:M89) -> 1 | Q89: devamı yok | R89: 40000 | S89: =R89*1.04 -> 41600 | T89: =R89*1.08 -> 43200 | V89: 3490.44 | W89: 500
A90: WG52A2ZXTR | B90: =IFERROR(HYPERLINK(VLOOKUP(A90,ÜRÜNLER!A:C,3,FALSE),VLOOKUP(A90,ÜRÜNLER!A:B,2,FALSE)),"") -> iQ300 Çamaşır Makinesi, 10kg/1200devir, Gümüş | E90: 1 | F90: 0 | G90: 0 | H90: 0 | I90: 0 | J90: 0 | K90: 0 | L90: 0 | M90: 0 | N90: =SUM(C90:M90) -> 1 | Q90: devamı yok | R90: 40000 | S90: =R90*1.04 -> 41600 | T90: =R90*1.08 -> 43200 | W90: 500
A91: WG52K2Z0TR | B91: =IFERROR(HYPERLINK(VLOOKUP(A91,ÜRÜNLER!A:C,3,FALSE),VLOOKUP(A91,ÜRÜNLER!A:B,2,FALSE)),"") -> iQ500 Çamaşır Makinesi, 10kg/1200devir, Beyaz | E91: 0 | F91: 0 | G91: 0 | H91: 0 | I91: 1 | J91: 1 | K91: 0 | L91: 0 | M91: 0 | N91: =SUM(C91:M91) -> 2 | Q91: devamı yok | R91: 38000 | S91: =R91*1.04 -> 39520 | T91: =R91*1.08 -> 41040 | W91: 500
A92: WG52K2Z1TR | B92: =IFERROR(HYPERLINK(VLOOKUP(A92,ÜRÜNLER!A:C,3,FALSE),VLOOKUP(A92,ÜRÜNLER!A:B,2,FALSE)),"") -> iQ500 Çamaşır Makinesi, 10kg/1200devir, Beyaz | C92: 11 | E92: 0 | F92: 1 | G92: 0 | H92: 0 | I92: 1 | J92: 1 | K92: 1 | L92: 0 | M92: 0 | N92: =SUM(C92:M92) -> 15 | Q92: 49269.644 | R92: 46806.162 | S92: =R92*1.04 -> 48678.408 | T92: =R92*1.08 -> 50550.655
A93: WG52K2ZSTR | B93: =IFERROR(HYPERLINK(VLOOKUP(A93,ÜRÜNLER!A:C,3,FALSE),VLOOKUP(A93,ÜRÜNLER!A:B,2,FALSE)),"") -> iQ500 Çamaşır Makinesi, 10kg/1200devir, Gümüş | C93: 3 | E93: 0 | F93: 0 | G93: 0 | H93: 0 | I93: 1 | J93: 0 | K93: 0 | L93: 0 | M93: 0 | N93: =SUM(C93:M93) -> 4 | O93: 10 | Q93: 51282.033 | R93: 48717.931 | S93: =R93*1.04 -> 50666.649 | T93: =R93*1.08 -> 52615.366
A94: WG52K2ZXTR | B94: =IFERROR(HYPERLINK(VLOOKUP(A94,ÜRÜNLER!A:C,3,FALSE),VLOOKUP(A94,ÜRÜNLER!A:B,2,FALSE)),"") -> iQ500 Çamaşır Makinesi, 10kg/1200devir, Gümüş | E94: 0 | F94: 0 | G94: 0 | H94: 0 | I94: 0 | J94: 1 | K94: 0 | L94: 0 | M94: 0 | N94: =SUM(C94:M94) -> 1 | Q94: devamı yok | R94: 40000 | S94: =R94*1.04 -> 41600 | T94: =R94*1.08 -> 43200 | W94: 500
A95: WG54A2Z0TR | B95: =IFERROR(HYPERLINK(VLOOKUP(A95,ÜRÜNLER!A:C,3,FALSE),VLOOKUP(A95,ÜRÜNLER!A:B,2,FALSE)),"") -> iQ300 Çamaşır Makinesi, 10kg/1400devir, Beyaz | E95: 0 | F95: 0 | G95: 0 | H95: 0 | I95: 0 | J95: 0 | K95: 0 | L95: 1 | M95: 0 | N95: =SUM(C95:M95) -> 1 | Q95: devamı yok | R95: 42000 | S95: =R95*1.04 -> 43680 | T95: =R95*1.08 -> 45360 | W95: 500
A96: WG54B200TR | B96: =IFERROR(HYPERLINK(VLOOKUP(A96,ÜRÜNLER!A:C,3,FALSE),VLOOKUP(A96,ÜRÜNLER!A:B,2,FALSE)),"") -> iQ700 Çamaşır Makinesi, 10kg/1400devir, intelligentDosing, Beyaz | E96: 0 | F96: 0 | G96: 0 | H96: 0 | I96: 0 | J96: 0 | K96: 0 | L96: 0 | M96: 0 | N96: =SUM(C96:M96) -> 0 | Q96: 54926.756 | R96: 52561.489 | S96: =R96*1.04 -> 54663.948 | T96: =R96*1.08 -> 56766.408
A97: WG54B2A1TR | B97: =IFERROR(HYPERLINK(VLOOKUP(A97,ÜRÜNLER!A:C,3,FALSE),VLOOKUP(A97,ÜRÜNLER!A:B,2,FALSE)),"") -> iQ700 Çamaşır Makinesi, 10kg/1400devir, i-dos, Beyaz | E97: 0 | F97: 0 | G97: 0 | H97: 0 | I97: 0 | J97: 0 | K97: 0 | L97: 1 | M97: 0 | N97: =SUM(C97:M97) -> 1 | Q97: devamı yok | R97: 52000 | S97: =R97*1.04 -> 54080 | T97: =R97*1.08 -> 56160 | W97: 500
A98: WG54B2AXTR | B98: =IFERROR(HYPERLINK(VLOOKUP(A98,ÜRÜNLER!A:C,3,FALSE),VLOOKUP(A98,ÜRÜNLER!A:B,2,FALSE)),"") -> iQ700 Çamaşır Makinesi, 10kg/1400devir, i-dos, Gümüş | E98: 0 | F98: 0 | G98: 0 | H98: 0 | I98: 0 | J98: 1 | K98: 0 | L98: 0 | M98: 0 | N98: =SUM(C98:M98) -> 1 | Q98: devamı yok | R98: 55000 | S98: =R98*1.04 -> 57200 | T98: =R98*1.08 -> 59400 | W98: 500
A99: WG54K2Y0TR | B99: =IFERROR(HYPERLINK(VLOOKUP(A99,ÜRÜNLER!A:C,3,FALSE),VLOOKUP(A99,ÜRÜNLER!A:B,2,FALSE)),"") -> iQ500 Çamaşır Makinesi, 10kg/1400devir, i-dos, Beyaz | C99: 17 | E99: 0 | F99: 0 | G99: 0 | H99: 0 | I99: 2 | J99: 0 | K99: 0 | L99: 0 | M99: 1 | N99: =SUM(C99:M99) -> 20 | Q99: 49417.857 | R99: 46946.964 | S99: =R99*1.04 -> 48824.843 | T99: =R99*1.08 -> 50702.722
A100: WG64B2A0TR | B100: =IFERROR(HYPERLINK(VLOOKUP(A100,ÜRÜNLER!A:C,3,FALSE),VLOOKUP(A100,ÜRÜNLER!A:B,2,FALSE)),"") -> iQ700 Çamaşır Makinesi, 11kg/1400devir, intelligentDosing, Beyaz | E100: 0 | F100: 0 | G100: 0 | H100: 0 | I100: 0 | J100: 0 | K100: 0 | L100: 0 | M100: 0 | N100: =SUM(C100:M100) -> 0 | O100: 2 | Q100: 63701.588 | R100: 60958.457 | S100: =R100*1.04 -> 63396.796 | T100: =R100*1.08 -> 65835.134
...

Sheet HESAPLAYICI
A1: STOK KODU | B1: AÇIKLAMA | C1: ADET | D1: =Sayfa1!Q1 -> EKİM TOPTAN | E1: =Sayfa1!R1 -> HAVALE FİYATI | F1: =Sayfa1!S1 -> TEK ÇEKİM FİYATI | G1: =Sayfa1!T1 -> TAKSİTLİ FİYATI 3/6 TAKSİT | H1: =Sayfa1!U1 -> EKİM BİP | I1: =Sayfa1!V1 -> 30.11.2026 montaj zorunlu PHASE OUT | J1: Toplam Bundle İndirim Tutarını Aşağıya Yaz
A2: HJ852GYW0T | B2: =IF($A2="","",VLOOKUP($A2,Sayfa1!A:U,2,FALSE)) -> iQ500 Ankastre Fırın, 2 Teleskopik Ray, Komple Kendini Temizler, Beyaz | C2: 1 | D2: =IF($A2="","",VLOOKUP($A2,Sayfa1!A:U,17,FALSE)) -> 37217.365 | E2: =IF($A2="","",VLOOKUP($A2,Sayfa1!A:U,18,FALSE)*C2) -> 35356.497 | F2: =IF($A2="","",VLOOKUP($A2,Sayfa1!A:U,19,FALSE)*C2) -> 36770.757 | G2: =IF($A2="","",VLOOKUP($A2,Sayfa1!A:U,20,FALSE)*C2) -> 38185.017 | H2: =IFERROR(VLOOKUP(A2,Sayfa1!A:U,21,FALSE)*VALUE(C2),"") | I2: =IF($A2="","",VLOOKUP($A2,Sayfa1!A:V,22,FALSE)) | J2: 7600
A3: EO7C2PP30L | B3: =IF($A3="","",VLOOKUP($A3,Sayfa1!A:U,2,FALSE)) -> iQ300 Gazlı Ocak, 67cm, Sert Cam, Beyaz | C3: 1 | D3: =IF($A3="","",VLOOKUP($A3,Sayfa1!A:U,17,FALSE)) -> 17392.82 | E3: =IF($A3="","",VLOOKUP($A3,Sayfa1!A:U,18,FALSE)*C3) -> 16643.847 | F3: =IF($A3="","",VLOOKUP($A3,Sayfa1!A:U,19,FALSE)*C3) -> 17309.601 | G3: =IF($A3="","",VLOOKUP($A3,Sayfa1!A:U,20,FALSE)*C3) -> 17975.355 | H3: =IFERROR(VLOOKUP(A3,Sayfa1!A:U,21,FALSE)*VALUE(C3),"") | I3: =IF($A3="","",VLOOKUP($A3,Sayfa1!A:V,22,FALSE))
A4: LC67KPJ20T | B4: =IF($A4="","",VLOOKUP($A4,Sayfa1!A:U,2,FALSE)) -> iQ500 Eğimli Davlumbaz, 60cm, 510m3, Beyaz Cam | C4: 1 | D4: =IF($A4="","",VLOOKUP($A4,Sayfa1!A:U,17,FALSE)) -> 23225.183 | E4: =IF($A4="","",VLOOKUP($A4,Sayfa1!A:U,18,FALSE)*C4) -> 24386.442 | F4: =IF($A4="","",VLOOKUP($A4,Sayfa1!A:U,19,FALSE)*C4) -> 25361.9 | G4: =IF($A4="","",VLOOKUP($A4,Sayfa1!A:U,20,FALSE)*C4) -> 26337.358 | H4: =IFERROR(VLOOKUP(A4,Sayfa1!A:U,21,FALSE)*VALUE(C4),"") | I4: =IF($A4="","",VLOOKUP($A4,Sayfa1!A:V,22,FALSE))
B5: =IF($A5="","",VLOOKUP($A5,Sayfa1!A:U,2,FALSE)) | C5: 1 | D5: =IF($A5="","",VLOOKUP($A5,Sayfa1!A:U,17,FALSE)) | E5: =IF($A5="","",VLOOKUP($A5,Sayfa1!A:U,18,FALSE)*C5) | F5: =IF($A5="","",VLOOKUP($A5,Sayfa1!A:U,19,FALSE)*C5) | G5: =IF($A5="","",VLOOKUP($A5,Sayfa1!A:U,20,FALSE)*C5) | H5: =IFERROR(VLOOKUP(A5,Sayfa1!A:U,21,FALSE)*VALUE(C5),"") | I5: =IF($A5="","",VLOOKUP($A5,Sayfa1!A:V,22,FALSE))
B6: =IF($A6="","",VLOOKUP($A6,Sayfa1!A:U,2,FALSE)) | C6: 1 | D6: =IF($A6="","",VLOOKUP($A6,Sayfa1!A:U,17,FALSE)) | E6: =IF($A6="","",VLOOKUP($A6,Sayfa1!A:U,18,FALSE)*C6) | F6: =IF($A6="","",VLOOKUP($A6,Sayfa1!A:U,19,FALSE)*C6) | G6: =IF($A6="","",VLOOKUP($A6,Sayfa1!A:U,20,FALSE)*C6) | H6: =IFERROR(VLOOKUP(A6,Sayfa1!A:U,21,FALSE)*VALUE(C6),"") | I6: =IF($A6="","",VLOOKUP($A6,Sayfa1!A:V,22,FALSE))
B7: =IF($A7="","",VLOOKUP($A7,Sayfa1!A:U,2,FALSE)) | C7: 1 | D7: =IF($A7="","",VLOOKUP($A7,Sayfa1!A:U,17,FALSE)) | E7: =IF($A7="","",VLOOKUP($A7,Sayfa1!A:U,18,FALSE)*C7) | F7: =IF($A7="","",VLOOKUP($A7,Sayfa1!A:U,19,FALSE)*C7) | G7: =IF($A7="","",VLOOKUP($A7,Sayfa1!A:U,20,FALSE)*C7) | H7: =IFERROR(VLOOKUP(A7,Sayfa1!A:U,21,FALSE)*VALUE(C7),"") | I7: =IF($A7="","",VLOOKUP($A7,Sayfa1!A:V,22,FALSE))
B8: =IF($A8="","",VLOOKUP($A8,Sayfa1!A:U,2,FALSE)) | C8: 1 | D8: =IF($A8="","",VLOOKUP($A8,Sayfa1!A:U,17,FALSE)) | E8: =IF($A8="","",VLOOKUP($A8,Sayfa1!A:U,18,FALSE)*C8) | F8: =IF($A8="","",VLOOKUP($A8,Sayfa1!A:U,19,FALSE)*C8) | G8: =IF($A8="","",VLOOKUP($A8,Sayfa1!A:U,20,FALSE)*C8) | H8: =IFERROR(VLOOKUP(A8,Sayfa1!A:U,21,FALSE)*VALUE(C8),"") | I8: =IF($A8="","",VLOOKUP($A8,Sayfa1!A:V,22,FALSE))
B9: =IF($A9="","",VLOOKUP($A9,Sayfa1!A:U,2,FALSE)) | C9: 1 | D9: =IF($A9="","",VLOOKUP($A9,Sayfa1!A:U,17,FALSE)) | E9: =IF($A9="","",VLOOKUP($A9,Sayfa1!A:U,18,FALSE)*C9) | F9: =IF($A9="","",VLOOKUP($A9,Sayfa1!A:U,19,FALSE)*C9) | G9: =IF($A9="","",VLOOKUP($A9,Sayfa1!A:U,20,FALSE)*C9) | H9: =IFERROR(VLOOKUP(A9,Sayfa1!A:U,21,FALSE)*VALUE(C9),"") | I9: =IF($A9="","",VLOOKUP($A9,Sayfa1!A:V,22,FALSE))
B10: =IF($A10="","",VLOOKUP($A10,Sayfa1!A:U,2,FALSE)) | C10: 1 | D10: =IF($A10="","",VLOOKUP($A10,Sayfa1!A:U,17,FALSE)) | E10: =IF($A10="","",VLOOKUP($A10,Sayfa1!A:U,18,FALSE)*C10) | F10: =IF($A10="","",VLOOKUP($A10,Sayfa1!A:U,19,FALSE)*C10) | G10: =IF($A10="","",VLOOKUP($A10,Sayfa1!A:U,20,FALSE)*C10) | H10: =IFERROR(VLOOKUP(A10,Sayfa1!A:U,21,FALSE)*VALUE(C10),"") | I10: =IF($A10="","",VLOOKUP($A10,Sayfa1!A:V,22,FALSE))
B11: =IF($A11="","",VLOOKUP($A11,Sayfa1!A:U,2,FALSE)) | C11: 1 | D11: =IF($A11="","",VLOOKUP($A11,Sayfa1!A:U,17,FALSE)) | E11: =IF($A11="","",VLOOKUP($A11,Sayfa1!A:U,18,FALSE)*C11) | F11: =IF($A11="","",VLOOKUP($A11,Sayfa1!A:U,19,FALSE)*C11) | G11: =IF($A11="","",VLOOKUP($A11,Sayfa1!A:U,20,FALSE)*C11) | H11: =IFERROR(VLOOKUP(A11,Sayfa1!A:U,21,FALSE)*VALUE(C11),"") | I11: =IF($A11="","",VLOOKUP($A11,Sayfa1!A:V,22,FALSE))
B12: =IF($A12="","",VLOOKUP($A12,Sayfa1!A:U,2,FALSE)) | C12: 1 | D12: =IF($A12="","",VLOOKUP($A12,Sayfa1!A:U,17,FALSE)) | E12: =IF($A12="","",VLOOKUP($A12,Sayfa1!A:U,18,FALSE)*C12) | F12: =IF($A12="","",VLOOKUP($A12,Sayfa1!A:U,19,FALSE)*C12) | G12: =IF($A12="","",VLOOKUP($A12,Sayfa1!A:U,20,FALSE)*C12) | H12: =IFERROR(VLOOKUP(A12,Sayfa1!A:U,21,FALSE)*VALUE(C12),"") | I12: =IF($A12="","",VLOOKUP($A12,Sayfa1!A:V,22,FALSE))
A13: Toplam Satış Fiyatı | E13: =SUM(E2:E12) -> 76386.786 | F13: =SUM(F2:F12) -> 79442.258 | G13: =SUM(G2:G12) -> 82497.729
A14: BİP İndirimi | E14: =SUM(H:H)*-1 -> 0 | F14: =SUM(H:H)*-1 -> 0 | G14: =SUM(H:H)*-1 -> 0
A15: PhaseOut İndirimi | E15: =SUM(I:I)*-1 -> 0 | F15: =SUM(I:I)*-1 -> 0 | G15: =SUM(I:I)*-1 -> 0
A16: Toplam Bundle İndirimi | E16: =J2*-1 -> -7600 | F16: =J2*-1 -> -7600 | G16: =J2*-1 -> -7600
A17: Satılabilir Minimum Fiyat | E17: =SUM(E13:E16) -> 68786.786 | F17: =SUM(F13:F16) -> 71842.258 | G17: =SUM(G13:G16) -> 74897.729

Sheet Bundle Kampanya
C3: 2'li LDA alımında perakende de 5.000 TL İndirim! | D3: 2’li LDA alımında perakende de 5.000 ₺ indirim uygulanır. “diğer kampanyalar ile birleşemez” 4.000 ₺ kdv dahil fiyat farkı hak edişi ödenecektir. (Buzdolabı-Çamaşır-Bulaşık-Kurutma-Derin Dondurucu) (XL-XXL Buzdolapları hariç) | I3: Seçili Ankastre Set Alımına perakende de 5.000 TL İndirim! | J3: Geçerli Ankastre Fırınlar
J5: HB012FBH1T, HB012FBB1T, HB012FBW1T + (phase out iQ300 ve iQ500 segment modeller) Ankastre fırınlarda geçerlidir.
J9: Uygulama koşulları : Seçili ankastre fırınlar ile set (fırın+ocak+dav.) set alana perakende de 5.000 ₺ indirim uygulanır. Diğer fırınlarda geçerli değildir. KDV dahil 3.700 ₺ hak ediş ödenir. Giriş setlerde( HB011* ve giriş segment muadili fırın modelleri, EB6C5PK80O - EB6C5PB82O ocak, LC64PCC20T - LC64PCC50T - LC64PCC60T davlumbaz modelleri) geçerli değildir.
C13: Çamaşır + Kurutma alımında perakende de 10.000 TL İndirim! | D13: Çamaşır ile Kurutma birlikte alımında perakende de 10.000 ₺ indirim uygulanır.“diğer kampanyalar ile birleşemez” 8.000 ₺ kdv dahil fiyat farkı hak edişi ödenecektir. (Çamaşır + Kurutma)
I17: Seçili Fırınlarla Ankastre set alana perakende de 10.000 TL indirim! | J17: Geçerli Ankastre Setler
J19: HB557JEB6T, HB734G1B1, HB776G1B1, HB778G3B1, HR776G3B1, HS736G1B2, VB558C0S0, CM724G1B1, HJ852GYB0T, HJ852GYN0T, HJ852GYW0T, HU736AEN0T, HU736AEA0T, HU736AEV0T, HU736AEG0T, HR232GEB3, HU717ABN0T, HU717ABA0T, HU717ABV0T, CD714GXB1
C23: 150.000 TL ve üzeri Beyaz Eşya alımlarında TE651209RW kahve makinesi perakende de 50% indirimli! | D23: 150.000 TL ve üzeri beyaz eşya alımlarında TE651209RW kahve makinesi perakende de 50% (20.000 TL) indirim uygulanır. Diğer FAEM'lerde aynı tutarda indirim uygulanır. 5.000₺ kdv dahil fiyat farkı hak edişi ödenecektir . (150.000 TL ve üzeri sepet tutarında Buzdolabı-Çamaşır-Bulaşık-Kurutma-Derin Dondurucu ürün grupları dahildir.) | J23: Uygulama koşulları : Seçili ankastre fırınlar ile set (fırın+ocak+dav.) set alana perakende de 10.000 ₺ indirim uygulanır. KDV dahil 7.600 ₺ hak ediş ödenir. Giriş setlerde( HB011* ve giriş segment muadili fırın modelleri, EB6C5PK80O - EB6C5PB82O ocak, LC64PCC20T - LC64PCC50T - LC64PCC60T davlumbaz modelleri) geçerli değildir.

Sheet ÜRÜNLER
A1: Ürün No | B1: Ürün Adı | C1: Ürün Linki | D1: Ürün Grubu | E1: Marka
A2: 50PUS8009/62 | B2: Philips 50" 4K Ambilight LED TV (Titan OS) (50PUS8009/62) | C2: https://www.philips.com.tr/c-p/50PUS8009_62/led-50pus8009-4k-ambilight-tv | D2: Televizyon | E2: Philips
A3: 55PUS8349/62 | B3: Philips 55" 4K Ambilight LED TV (Titan OS) (55PUS8349/62) | C3: https://www.philips.com.tr/c-p/55PUS8349_62/led-55pus8349-4k-ambilight-tv | D3: Televizyon | E3: Philips
A4: AS09IVW32N | B4: Siemens Ev Tipi Klima İç Ünite, 9.000BTU, Beyaz | C4: https://www.siemens-home.bsh-group.com/tr/tr/product/klimalar/AS09XVW32N | D4: Klima | E4: Siemens
A5: AS09OVW32N | B5: Siemens Ev Tipi Klima Dış Ünite, 9.000BTU, Beyaz | C5: https://www.siemens-home.bsh-group.com/tr/tr/product/klimalar/AS09XVW32N | D5: Klima | E5: Siemens
A6: AS12IVW30N | B6: Siemens Ev Tipi Klima İç Ünite, 12.000BTU, Beyaz | C6: https://www.siemens-home.bsh-group.com/tr/tr/product/klimalar/AS12XVW32N | D6: Klima | E6: Siemens
A7: AS12IVW32N | B7: Siemens Ev Tipi Klima İç Ünite, 12.000BTU, Beyaz | C7: https://www.siemens-home.bsh-group.com/tr/tr/product/klimalar/AS12XVW32N | D7: Klima | E7: Siemens
A8: AS12IXB32N | B8: Siemens Ev Tipi Klima İç Ünite, 12.000BTU, Siyah | C8: https://www.siemens-home.bsh-group.com/tr/tr/product/klimalar/AS12XXB32N | D8: Klima | E8: Siemens
A9: AS12OVW30N | B9: Siemens Ev Tipi Klima Dış Ünite, 12.000BTU, Beyaz | C9: https://www.siemens-home.bsh-group.com/tr/tr/product/klimalar/AS12XVW32N | D9: Klima | E9: Siemens
A10: AS12OVW32N | B10: Siemens Ev Tipi Klima Dış Ünite, 12.000BTU, Beyaz | C10: https://www.siemens-home.bsh-group.com/tr/tr/product/klimalar/AS12XVW32N | D10: Klima | E10: Siemens
A11: AS12OXB32N | B11: Siemens Ev Tipi Klima Dış Ünite, 12.000BTU, Beyaz | C11: https://www.siemens-home.bsh-group.com/tr/tr/product/klimalar/AS12XXB32N | D11: Klima | E11: Siemens
A12: AS18IVW30N | B12: Siemens Ev Tipi Klima İç Ünite, 18.000BTU, Beyaz | C12: https://www.siemens-home.bsh-group.com/tr/tr/product/klimalar/AS18XVW32N | D12: Klima | E12: Siemens
... A633: EP6A2PI40O | B633: iQ500 Gazlı Ocak, 60cm, Sert Cam, Beyaz, Döküm | C633: https://www.siemens-home.bsh-group.com/tr/tr/product/pisirme-grubu/ocaklar/gazli-ocaklar/EP6A2PI40O | D633: Ocak | E633: Siemens
A634: TP605EM3 | B634: EQ600 iAroma Tam Otomatik Kahve Makinesi, Siyah/Inox | D634: Kahve Makinesi | E634: Siemens
A635: TP607ET5 | B635: EQ600 iAroma Tam Otomatik Kahve Makinesi, Siyah/Dark Inox | C635: https://www.siemens-home.bsh-group.com/tr/tr/product/kahve-makineleri/tam-otomatik-kahve-makineleri/coffeemachinesautomatedfreestandingeq600/TP607ET5 | D635: Kahve Makinesi | E635: Siemens
A636: TP601E01 | B636: EQ600 iAroma Tam Otomatik Kahve Makinesi, Sabah Sisi Grisi | C636: https://www.siemens-home.bsh-group.com/tr/tr/product/kahve-makineleri/tam-otomatik-kahve-makineleri/coffeemachinesautomatedfreestandingeq600/TP601E01 | D636: Kahve Makinesi | E636: Siemens
A637: TP551E19 | B637: EQ500 iAroma Tam Otomatik Kahve Makinesi, Piano Black | D637: Kahve Makinesi | E637: Siemens
A638: TP553E05 | B638: EQ500 iAroma Tam Otomatik Kahve Makinesi, Piano Black | D638: Kahve Makinesi | E638: Siemens
A639: KD55NNWE1N | B639: iQ300 Üstten Donduruculu Kulpsuz Buzdolabı, 70cm, Beyaz (TF70 Kahvaltılık Çekmeceli) | C639: https://www.siemens-home.bsh-group.com/tr/tr/product/buzdolaplari-ve-derin-dondurucular/solo-buzdolaplari-ve-derin-dondurucular/ustten-donduruculu-solo-buzdolaplari/KD55NNWE1N | D639: Buzdolabı | E639: Siemens
A640: KD55NNLE1N | B640: iQ300 Üstten Donduruculu Kulpsuz Buzdolabı, 70cm, Inox Görünümlü (TF70 Kahvaltılık Çekmeceli) | C640: https://www.siemens-home.bsh-group.com/tr/tr/product/buzdolaplari-ve-derin-dondurucular/solo-buzdolaplari-ve-derin-dondurucular/ustten-donduruculu-solo-buzdolaplari/KD55NNLE1N | D640: Buzdolabı | E640: Siemens
A641: EP6A9HB20 | B641: iQ500 Gazlı Ocak, 60cm, Sert Cam, Antrasit Gri, Döküm, Wok | C641: https://www.siemens-home.bsh-group.com/tr/tr/product/kampanyalar/ankastre-set-indirim/ocaklar/EP6A9HB20 | D641: Ocak | E641: Siemens
A642: LC66GCD50T | B642: iQ300 Düz Davlumbaz, 60cm, 620m3, Cam Dekor Inox | C642: https://www.siemens-home.bsh-group.com/tr/tr/product/LC66GCD50T | D642: Davlumbaz/Aspiratör | E642: Siemens
A643: WT7WH460TR | B643: iQ500 Isı Pompalı Kurutma Makinesi, 9kg, Beyaz | C643: https://www.siemens-home.bsh-group.com/tr/tr/product/camasir-ve-kurutma-makineleri/WT7WH460TR | D643: Kurutma Makinesi | E643: Siemens
A644: KG56NUWF0N | B644: iQ300 Alttan Donduruculu Kulpsuz Buzdolabı, 70cm, Beyaz | C644: https://www.siemens-home.bsh-group.com/tr/tr/product/prsiemensfridge/KG56NUWF0N | D644: Buzdolabı | E644: Siemens
A645: HF12G240 | B645: iQ500 Ankastre Mikrodalga, Izgaralı, Beyaz | C645: https://www.siemens-home.bsh-group.com/tr/tr/product/HF12G240 | D645: Mikrodalga | E645: Siemens
A646: EO7C2HO12O | B646: iQ300 Gazlı Ocak, 67cm, Sert Cam, Beyaz, Wok | C646: https://www.siemens-home.bsh-group.com/tr/tr/product/pisirme-grubu/ocaklar/gazli-ocaklar/EO7C2HO12O | D646: Ocak | E646: Siemens
A647: KG56NVIF0N | B647: iQ300 Alttan Donduruculu Kulpsuz Buzdolabı, 70cm, Inox | C647: https://www.siemens-home.bsh-group.com/tr/tr/product/prsiemensfridge15/KG56NVIF0N | D647: Buzdolabı | E647: Siemens
A648: EO0C6PO12O | B648: iQ300 Gazlı Ocak, 67cm, Sert Cam, Siyah | C648: https://www.siemens-home.bsh-group.com/tr/tr/product/EO0C6PO12O | D648: Ocak | E648: Siemens
A649: EN6B2PO10O | B649: iQ300 Gazlı Ocak, 67cm, Sert Cam, Beyaz | C649: https://www.siemens-home.bsh-group.com/tr/tr/product/EN6B2PO10O | D649: Ocak | E649: Siemens
A650: SN23EW63MT | B650: iQ300 Solo Bulaşık Makinesi, autoOpen dry, Üstten Sepetli, Beyaz | C650: https://www.siemens-home.bsh-group.com/tr/tr/product/bulasik-makineleri/solo-bulasik-makineleri/tam-ebatli-bulasik-makineleri-60cm/SN23EW63MT | D650: Bulaşık Makinesi | E650: Siemens
... A656: 65PUS8349/62 | B656: Philips 65" 4K Ambilight LED TV (Titan OS) (50PUS8349/62) | C656: https://www.epey.com/televizyon/philips-65pus8349.html | D656: Televizyon | E656: Siemens
