Workbook

Sheet Sayfa1
A1: STOK KODU | B1: AÇIKLAMA | C1: 16 MAYIS HOROZ | D1: 4 MAYIS Studioline HOROZ | E1: 25 NİSAN YILDIZ DEPO | F1: CAM OFİS | G1: İNTERNET DEPO | H1: STUDIO LINE CEPA | I1: ANKAMALL | J1: CEPA | K1: ONE TOWER | L1: OPTİMUM | M1: PANORA | N1: TOPLAM STOK | O1: 11 MAYIS BEKLEYEN | P1: AÇIĞA SATIŞ 29/04 | Q1: PRİM HARİÇ ÜRÜN | R1: MAYIS TOPTAN TOPTAN | S1: HAVALE FİYATI | T1: TEK ÇEKİM FİYATI | U1: TAKSİTLİ FİYATI 3/7 TAKSİT | V1: MAYIS BİP | W1: Mayıs / Phase out Fiyat farkları 30.06.2026 olarak montaj ZORUNLU | X1: Hakedişler LİSTE FİYATINDAN SATILIRSA geçerli olacak | Y1: BİP KOŞULU | Z1: ÜRÜN NOTLARI | AA1: ONLİNE FİYAT
A2: KA93NVL30N | B2: =IFERROR(HYPERLINK(VLOOKUP(A2,ÜRÜNLER!A:C,3,FALSE),VLOOKUP(A2,ÜRÜNLER!A:B,2,FALSE)),"") -> iQ300 Gardırop Tipi Buzdolabı, 90.8cm, Inox | J2: 1 | K2: 1 | N2: =M2+L2+K2+J2+I2+H2+G2+F2+E2+D2+C2 -> 2 | R2: devamı yok | S2: 80000 | T2: 83200 | U2: 86400 | X2: 1000
A3: KF96RSBEA | B3: =IFERROR(HYPERLINK(VLOOKUP(A3,ÜRÜNLER!A:C,3,FALSE),VLOOKUP(A3,ÜRÜNLER!A:B,2,FALSE)),"") -> iQ700 Gardırop Tipi Buzdolabı, Cam Kapı, Alkol Çekmeceli, 90.5cm, Siyah | C3: 8 | I3: 1 | J3: 1 | M3: 1 | N3: =M3+L3+K3+J3+I3+H3+G3+F3+E3+D3+C3 -> 11 | O3: 4 | R3: 210521.14 | S3: 204205.5 | T3: 212373.72 | U3: 220541.94
A4: KF96NAXEA | B4: =IFERROR(HYPERLINK(VLOOKUP(A4,ÜRÜNLER!A:C,3,FALSE),VLOOKUP(A4,ÜRÜNLER!A:B,2,FALSE)),"") -> iQ300 Gardırop Tipi Buzdolabı, 90.5cm, BlackSteel | C4: 18 | I4: 1 | J4: 1 | K4: 2 | M4: 1 | N4: =M4+L4+K4+J4+I4+H4+G4+F4+E4+D4+C4 -> 23 | O4: 5 | R4: 128387.15 | S4: 124535.53 | T4: 129516.96 | U4: 134498.38 | V4: 31213.538
A5: KF96NVPEA | B5: =IFERROR(HYPERLINK(VLOOKUP(A5,ÜRÜNLER!A:C,3,FALSE),VLOOKUP(A5,ÜRÜNLER!A:B,2,FALSE)),"") -> iQ300 Gardırop Tipi Buzdolabı, 90.5cm, Inox | C5: 17 | I5: 1 | K5: 2 | N5: =M5+L5+K5+J5+I5+H5+G5+F5+E5+D5+C5 -> 20 | O5: 4 | R5: 113545.45 | S5: 110139.09 | T5: 114544.65 | U5: 118950.21 | V5: 17401.265
A6: KD43NNWE0N | B6: =IFERROR(HYPERLINK(VLOOKUP(A6,ÜRÜNLER!A:C,3,FALSE),VLOOKUP(A6,ÜRÜNLER!A:B,2,FALSE)),"") -> iQ100 Üstten Donduruculu Kulpsuz Buzdolabı, 70cm, Beyaz | C6: 2 | N6: =M6+L6+K6+J6+I6+H6+G6+F6+E6+D6+C6 -> 2 | Q6: PRİM HARİÇ | R6: 31769.317 | S6: 31769.317 | T6: 33040.09 | U6: 34310.863
A7: KD55NNWE0N | B7: =IFERROR(HYPERLINK(VLOOKUP(A7,ÜRÜNLER!A:C,3,FALSE),VLOOKUP(A7,ÜRÜNLER!A:B,2,FALSE)),"") -> iQ300 Üstten Donduruculu Kulpsuz Buzdolabı, 70cm, Beyaz | C7: 1 | N7: =M7+L7+K7+J7+I7+H7+G7+F7+E7+D7+C7 -> 1 | Q7: PRİM HARİÇ | R7: 35726.773 | S7: 35726.773 | T7: 37155.844 | U7: 38584.915 | V7: 1565.1451
A8: KD55NNLE0N | B8: =IFERROR(HYPERLINK(VLOOKUP(A8,ÜRÜNLER!A:C,3,FALSE),VLOOKUP(A8,ÜRÜNLER!A:B,2,FALSE)),"") -> iQ300 Üstten Donduruculu Kulpsuz Buzdolabı, 70cm, Inox Görünümlü | N8: =M8+L8+K8+J8+I8+H8+G8+F8+E8+D8+C8 -> 0 | O8: 5 | Q8: PRİM HARİÇ | R8: 41958.595 | S8: 41958.595 | T8: 43636.939 | U8: 45315.283 | V8: 4378.3628
A9: KD56NXWF1N | B9: =IFERROR(HYPERLINK(VLOOKUP(A9,ÜRÜNLER!A:C,3,FALSE),VLOOKUP(A9,ÜRÜNLER!A:B,2,FALSE)),"") -> iQ300 Üstten Donduruculu Kulpsuz Buzdolabı, 70cm, Beyaz | K9: 1 | N9: =M9+L9+K9+J9+I9+H9+G9+F9+E9+D9+C9 -> 1 | R9: devamı yok | S9: 40000 | T9: 41600 | U9: 43200 | X9: 250
A10: KD76NAIE0N | B10: =IFERROR(HYPERLINK(VLOOKUP(A10,ÜRÜNLER!A:C,3,FALSE),VLOOKUP(A10,ÜRÜNLER!A:B,2,FALSE)),"") -> iQ500 Üstten Donduruculu Kulplu Buzdolabı, 75cm, Inox | N10: =M10+L10+K10+J10+I10+H10+G10+F10+E10+D10+C10 -> 0 | U10: 0 | X10: 250
A11: KD76NAIE1N | B11: =IFERROR(HYPERLINK(VLOOKUP(A11,ÜRÜNLER!A:C,3,FALSE),VLOOKUP(A11,ÜRÜNLER!A:B,2,FALSE)),"") -> iQ500 Üstten Donduruculu Kulplu Buzdolabı, 75cm, Inox | C11: 10 | N11: =M11+L11+K11+J11+I11+H11+G11+F11+E11+D11+C11 -> 10 | O11: 2 | R11: 82878.063 | S11: 80391.722 | T11: 83607.39 | U11: 86823.059 | V11: 17957.133
A12: KD76NAWE1N | B12: =IFERROR(HYPERLINK(VLOOKUP(A12,ÜRÜNLER!A:C,3,FALSE),VLOOKUP(A12,ÜRÜNLER!A:B,2,FALSE)),"") -> iQ500 Üstten Donduruculu Kulplu Buzdolabı, 75cm, Beyaz | C12: 10 | N12: =M12+L12+K12+J12+I12+H12+G12+F12+E12+D12+C12 -> 10 | R12: 57924.593 | S12: 56186.855 | T12: 58434.329 | U12: 60681.804
A13: KD76NHID1N | B13: =IFERROR(HYPERLINK(VLOOKUP(A13,ÜRÜNLER!A:C,3,FALSE),VLOOKUP(A13,ÜRÜNLER!A:B,2,FALSE)),"") -> iQ500 Üstten Donduruculu Kulplu Buzdolabı, 75cm, Inox | C13: 2 | N13: =M13+L13+K13+J13+I13+H13+G13+F13+E13+D13+C13 -> 2 | R13: devamı yok | S13: 60000 | T13: 62400 | U13: 64800
A14: KD76NXIE1N | B14: =IFERROR(HYPERLINK(VLOOKUP(A14,ÜRÜNLER!A:C,3,FALSE),VLOOKUP(A14,ÜRÜNLER!A:B,2,FALSE)),"") -> iQ500 Üstten Donduruculu Kulpsuz Buzdolabı, 75cm, Inox | C14: 7 | N14: =M14+L14+K14+J14+I14+H14+G14+F14+E14+D14+C14 -> 7 | O14: 2 | R14: 66166.491 | S14: 64181.497 | T14: 66748.757 | U14: 69316.016 | V14: 10174.631
A15: KD76NXWE1N | B15: =IFERROR(HYPERLINK(VLOOKUP(A15,ÜRÜNLER!A:C,3,FALSE),VLOOKUP(A15,ÜRÜNLER!A:B,2,FALSE)),"") -> iQ300 Üstten Donduruculu, Kulpsuz Buzdolabı, 75cm, Beyaz | C15: 8 | I15: 1 | J15: 1 | M15: 1 | N15: =M15+L15+K15+J15+I15+H15+G15+F15+E15+D15+C15 -> 11 | O15: 3 | R15: 61265.27 | S15: 59427.312 | T15: 61804.404 | U15: 64181.497 | V15: 6746.6652
A16: KD76NXWE0N | B16: =IFERROR(HYPERLINK(VLOOKUP(A16,ÜRÜNLER!A:C,3,FALSE),VLOOKUP(A16,ÜRÜNLER!A:B,2,FALSE)),"") -> iQ300 Üstten Donduruculu Kulpsuz Buzdolabı, 75cm, Beyaz | K16: 1 | N16: =M16+L16+K16+J16+I16+H16+G16+F16+E16+D16+C16 -> 1 | P16: 1 | R16: devamı yok | S16: 75000 | T16: 78000 | U16: 81000 | X16: 250
A17: KD86NAID1N | B17: =IFERROR(HYPERLINK(VLOOKUP(A17,ÜRÜNLER!A:C,3,FALSE),VLOOKUP(A17,ÜRÜNLER!A:B,2,FALSE)),"") -> iQ500 Üstten Donduruculu Kulplu Buzdolabı, 86cm, Inox | C17: 6 | E17: 1 | I17: 1 | J17: 1 | N17: =M17+L17+K17+J17+I17+H17+G17+F17+E17+D17+C17 -> 9 | O17: 2 | R17: 95662.202 | S17: 92792.336 | T17: 96504.03 | U17: 100215.72 | V17: 19655.226
A18: KD86NAWE1N | B18: =IFERROR(HYPERLINK(VLOOKUP(A18,ÜRÜNLER!A:C,3,FALSE),VLOOKUP(A18,ÜRÜNLER!A:B,2,FALSE)),"") -> iQ500 Üstten Donduruculu Kulplu Buzdolabı, 86cm, Beyaz | C18: 6 | N18: =M18+L18+K18+J18+I18+H18+G18+F18+E18+D18+C18 -> 6 | O18: 2 | R18: 83239.542 | S18: 80742.356 | T18: 83972.05 | U18: 87201.744 | V18: 13613.961
A19: KD86NHID1N | B19: =IFERROR(HYPERLINK(VLOOKUP(A19,ÜRÜNLER!A:C,3,FALSE),VLOOKUP(A19,ÜRÜNLER!A:B,2,FALSE)),"") -> iQ500 Üstten Donduruculu Kulplu Buzdolabı, 86cm, Inox | K19: 1 | N19: =M19+L19+K19+J19+I19+H19+G19+F19+E19+D19+C19 -> 1 | R19: devamı yok | S19: 55000 | T19: 57200 | U19: 59400 | X19: 250
A20: KG36NNLE0N | B20: =IFERROR(HYPERLINK(VLOOKUP(A20,ÜRÜNLER!A:C,3,FALSE),VLOOKUP(A20,ÜRÜNLER!A:B,2,FALSE)),"") -> iQ100 Alttan Donduruculu Kulpsuz Buzdolabı, 60cm, Inox | F20: 1 | K20: 1 | N20: =M20+L20+K20+J20+I20+H20+G20+F20+E20+D20+C20 -> 2 | R20: devamı yok | S20: 40000 | T20: 41600 | U20: 43200 | X20: 250
A21: KG55NCIE0N | B21: =IFERROR(HYPERLINK(VLOOKUP(A21,ÜRÜNLER!A:C,3,FALSE),VLOOKUP(A21,ÜRÜNLER!A:B,2,FALSE)),"") -> iQ300 Alttan Donduruculu Kulpsuz Buzdolabı, 70cm, Inox | C21: 102 | E21: 4 | F21: 1 | I21: 1 | J21: 1 | K21: 1 | M21: 1 | N21: =M21+L21+K21+J21+I21+H21+G21+F21+E21+D21+C21 -> 111 | R21: 63469.622 | S21: 63469.622 | T21: 66008.407 | U21: 68547.192 | V21: 11930.087 | Z21: ONLINE SATILABİLİR
A22: KG55NCWE0N | B22: =IFERROR(HYPERLINK(VLOOKUP(A22,ÜRÜNLER!A:C,3,FALSE),VLOOKUP(A22,ÜRÜNLER!A:B,2,FALSE)),"") -> iQ300 Alttan Donduruculu Kulpsuz Buzdolabı, 70cm, Beyaz | C22: 89 | I22: 1 | K22: 2 | N22: =M22+L22+K22+J22+I22+H22+G22+F22+E22+D22+C22 -> 92 | R22: 57039.061 | S22: 54187.108 | T22: 56354.593 | U22: 58522.077 | V22: 7884.4101
A23: KG55NVIE0N | B23: =IFERROR(HYPERLINK(VLOOKUP(A23,ÜRÜNLER!A:C,3,FALSE),VLOOKUP(A23,ÜRÜNLER!A:B,2,FALSE)),"") -> iQ300 Alttan Donduruculu Kulpsuz Buzdolabı, 70cm, Inox | C23: 6 | E23: 1 | K23: 1 | N23: =M23+L23+K23+J23+I23+H23+G23+F23+E23+D23+C23 -> 8 | R23: 51274.363 | S23: 51274.363 | T23: 53325.337 | U23: 55376.312 | V23: 6515.0603 | Z23: ONLINE SATILABİLİR
A24: KG55NVWE0N | B24: =IFERROR(HYPERLINK(VLOOKUP(A24,ÜRÜNLER!A:C,3,FALSE),VLOOKUP(A24,ÜRÜNLER!A:B,2,FALSE)),"") -> iQ300 Alttan Donduruculu Kulpsuz Buzdolabı, 70cm, Beyaz | C24: 1 | E24: 1 | I24: 1 | K24: 1 | N24: =M24+L24+K24+J24+I24+H24+G24+F24+E24+D24+C24 -> 4 | R24: 46796.713 | S24: 46796.713 | T24: 48668.581 | U24: 50540.45 | V24: 6164.1546 | Z24: ONLINE SATILABİLİR
A25: KG56NLBE0N | B25: =IFERROR(HYPERLINK(VLOOKUP(A25,ÜRÜNLER!A:C,3,FALSE),VLOOKUP(A25,ÜRÜNLER!A:B,2,FALSE)),"") -> iQ500 Alttan Donduruculu Kulpsuz Buzdolabı, 70cm, Parlak Siyah | C25: 14 | I25: 2 | J25: 1 | M25: 2 | N25: =M25+L25+K25+J25+I25+H25+G25+F25+E25+D25+C25 -> 19 | R25: 58065.822 | S25: 58065.822 | T25: 60388.455 | U25: 62711.088 | Z25: ONLINE SATILABİLİR
A26: KG56NQWF0N | B26: =IFERROR(HYPERLINK(VLOOKUP(A26,ÜRÜNLER!A:C,3,FALSE),VLOOKUP(A26,ÜRÜNLER!A:B,2,FALSE)),"") -> iQ500 Alttan Donduruculu Kulpsuz Buzdolabı, 70cm, Seramik Desen | J26: 1 | N26: =M26+L26+K26+J26+I26+H26+G26+F26+E26+D26+C26 -> 1 | R26: devamı yok | S26: 48000 | T26: 49920 | U26: 51840 | X26: 500
A27: KG56NTEE0N | B27: =IFERROR(HYPERLINK(VLOOKUP(A27,ÜRÜNLER!A:C,3,FALSE),VLOOKUP(A27,ÜRÜNLER!A:B,2,FALSE)),"") -> iQ500 Alttan Donduruculu Kulpsuz Buzdolabı, 70cm, Mat Siyah | F27: 1 | N27: =M27+L27+K27+J27+I27+H27+G27+F27+E27+D27+C27 -> 1 | R27: devamı yok | S27: 48000 | T27: 49920 | U27: 51840 | X27: 500
A28: KG56NTWE0N | B28: =IFERROR(HYPERLINK(VLOOKUP(A28,ÜRÜNLER!A:C,3,FALSE),VLOOKUP(A28,ÜRÜNLER!A:B,2,FALSE)),"") -> iQ500 Alttan Donduruculu Kulpsuz Buzdolabı, 70cm, Seramik Desen | I28: 1 | K28: 1 | N28: =M28+L28+K28+J28+I28+H28+G28+F28+E28+D28+C28 -> 2 | R28: devamı yok | S28: 48000 | T28: 49920 | U28: 51840 | X28: 500
A29: KG56NXWE0N | B29: =IFERROR(HYPERLINK(VLOOKUP(A29,ÜRÜNLER!A:C,3,FALSE),VLOOKUP(A29,ÜRÜNLER!A:B,2,FALSE)),"") -> iQ300 Alttan Donduruculu Kulpsuz Buzdolabı, 70cm, Beyaz | C29: 1 | N29: =M29+L29+K29+J29+I29+H29+G29+F29+E29+D29+C29 -> 1 | R29: devamı yok | S29: 48000 | T29: 49920 | U29: 51840
A30: KG76APIE0N | B30: =IFERROR(HYPERLINK(VLOOKUP(A30,ÜRÜNLER!A:C,3,FALSE),VLOOKUP(A30,ÜRÜNLER!A:B,2,FALSE)),"") -> iQ700 Alttan Donduruculu Kulplu Buzdolabı, 75cm, Inox | C30: 16 | N30: =M30+L30+K30+J30+I30+H30+G30+F30+E30+D30+C30 -> 16 | R30: 72088.36 | S30: 67042.175 | T30: 69723.862 | U30: 72405.549 | X30: 250
A31: KG76NCIE0N | B31: =IFERROR(HYPERLINK(VLOOKUP(A31,ÜRÜNLER!A:C,3,FALSE),VLOOKUP(A31,ÜRÜNLER!A:B,2,FALSE)),"") -> iQ500 Alttan Donduruculu Kulplu Buzdolabı, 75cm, Inox | C31: 27 | I31: 1 | J31: 1 | K31: 3 | M31: 1 | N31: =M31+L31+K31+J31+I31+H31+G31+F31+E31+D31+C31 -> 33 | O31: 34 | R31: 84280.726 | S31: 81752.304 | T31: 85022.396 | U31: 88292.488 | V31: 18545.842
A32: KG76NCWE0N | B32: =IFERROR(HYPERLINK(VLOOKUP(A32,ÜRÜNLER!A:C,3,FALSE),VLOOKUP(A32,ÜRÜNLER!A:B,2,FALSE)),"") -> iQ500 Alttan Donduruculu Kulplu Buzdolabı, 75cm, Beyaz | C32: 45 | I32: 1 | K32: 1 | N32: =M32+L32+K32+J32+I32+H32+G32+F32+E32+D32+C32 -> 47 | O32: 10 | R32: 77045.044 | S32: 73192.792 | T32: 76120.503 | U32: 79048.215 | V32: 14224.114
A33: KG76NCXE0N | B33: =IFERROR(HYPERLINK(VLOOKUP(A33,ÜRÜNLER!A:C,3,FALSE),VLOOKUP(A33,ÜRÜNLER!A:B,2,FALSE)),"") -> iQ500 Alttan Donduruculu Kulpsuz Buzdolabı, 75cm, darkSteel | C33: 13 | I33: 1 | J33: 1 | M33: 1 | N33: =M33+L33+K33+J33+I33+H33+G33+F33+E33+D33+C33 -> 16 | O33: 26 | R33: 95152.057 | S33: 90394.455 | T33: 94010.233 | U33: 97626.011 | V33: 26079.964
A34: KG76NVIE0N | B34: =IFERROR(HYPERLINK(VLOOKUP(A34,ÜRÜNLER!A:C,3,FALSE),VLOOKUP(A34,ÜRÜNLER!A:B,2,FALSE)),"") -> iQ300 Alttan Donduruculu Kulpsuz Buzdolabı, 75cm, Inox | C34: 31 | F34: 1 | I34: 1 | K34: 2 | N34: =M34+L34+K34+J34+I34+H34+G34+F34+E34+D34+C34 -> 35 | O34: 11 | R34: 76173.043 | S34: 73887.852 | T34: 76843.366 | U34: 79798.88 | V34: 16282.346
A35: KG76NVWE0N | B35: =IFERROR(HYPERLINK(VLOOKUP(A35,ÜRÜNLER!A:C,3,FALSE),VLOOKUP(A35,ÜRÜNLER!A:B,2,FALSE)),"") -> iQ300 Alttan Donduruculu Kulpsuz Buzdolabı, 75cm, Beyaz | C35: 37 | I35: 1 | J35: 1 | M35: 1 | N35: =M35+L35+K35+J35+I35+H35+G35+F35+E35+D35+C35 -> 40 | O35: 10 | R35: 68727.331 | S35: 65290.965 | T35: 67902.603 | U35: 70514.242 | V35: 10684.308
A36: KG76PAIC0N | B36: =IFERROR(HYPERLINK(VLOOKUP(A36,ÜRÜNLER!A:C,3,FALSE),VLOOKUP(A36,ÜRÜNLER!A:B,2,FALSE)),"") -> iQ700 Alttan Donduruculu Kulplu Buzdolabı, 75cm, Inox | C36: 41 | E36: 2 | F36: 1 | I36: 1 | J36: 1 | M36: 1 | N36: =M36+L36+K36+J36+I36+H36+G36+F36+E36+D36+C36 -> 47 | O36: 11 | R36: 89108.337 | S36: 84652.921 | T36: 88039.037 | U36: 91425.154 | V36: 13793.221
A37: KG76PAWC0N | B37: =IFERROR(HYPERLINK(VLOOKUP(A37,ÜRÜNLER!A:C,3,FALSE),VLOOKUP(A37,ÜRÜNLER!A:B,2,FALSE)),"") -> iQ700 Alttan Donduruculu Kulplu Buzdolabı, 75cm, Beyaz | C37: 20 | E37: 1 | I37: 1 | K37: 3 | N37: =M37+L37+K37+J37+I37+H37+G37+F37+E37+D37+C37 -> 25 | O37: 5 | R37: 82556.235 | S37: 78428.423 | T37: 81565.56 | U37: 84702.697 | V37: 13760.886
A38: KG86NAID2N | B38: =IFERROR(HYPERLINK(VLOOKUP(A38,ÜRÜNLER!A:C,3,FALSE),VLOOKUP(A38,ÜRÜNLER!A:B,2,FALSE)),"") -> iQ500 Alttan Donduruculu Kulplu Buzdolabı, 86cm, Inox | C38: 136 | E38: 1 | F38: 2 | I38: 1 | J38: 1 | K38: 1 | M38: 1 | N38: =M38+L38+K38+J38+I38+H38+G38+F38+E38+D38+C38 -> 143 | O38: 35 | R38: 97945.234 | S38: 93047.972 | T38: 96769.891 | U38: 100491.81 | V38: 23794.071 | AA38: =S38-V38 -> 69253.901
A39: KG86NCWE0N | B39: =IFERROR(HYPERLINK(VLOOKUP(A39,ÜRÜNLER!A:C,3,FALSE),VLOOKUP(A39,ÜRÜNLER!A:B,2,FALSE)),"") -> iQ500 Alttan Donduruculu Kulplu Buzdolabı, 86cm, Beyaz | C39: 21 | F39: 1 | I39: 1 | N39: =M39+L39+K39+J39+I39+H39+G39+F39+E39+D39+C39 -> 23 | O39: 7 | R39: 84927.533 | S39: 81530.432 | T39: 84791.649 | U39: 88052.866 | V39: 16653.114 | AA39: 70443
A40: KG86NVWE0N | B40: =IFERROR(HYPERLINK(VLOOKUP(A40,ÜRÜNLER!A:C,3,FALSE),VLOOKUP(A40,ÜRÜNLER!A:B,2,FALSE)),"") -> iQ500 Alttan Donduruculu Kulpsuz Buzdolabı, 86cm, Beyaz | C40: 14 | F40: 1 | J40: 1 | N40: =M40+L40+K40+J40+I40+H40+G40+F40+E40+D40+C40 -> 16 | O40: 9 | R40: 75297.093 | S40: 72285.209 | T40: 75176.617 | U40: 78068.026 | V40: 11125
A41: KG86PAXB0N | B41: =IFERROR(HYPERLINK(VLOOKUP(A41,ÜRÜNLER!A:C,3,FALSE),VLOOKUP(A41,ÜRÜNLER!A:B,2,FALSE)),"") -> iQ700 Alttan Donduruculu Kulpsuz Buzdolabı, 86cm, darkSteel | C41: 60 | I41: 1 | M41: 1 | N41: =M41+L41+K41+J41+I41+H41+G41+F41+E41+D41+C41 -> 62 | O41: 41 | R41: 113177.54 | S41: 109782.21 | T41: 114173.5 | U41: 118564.79 | V41: 23504.284
A42: KG86PAIC0N | B42: =IFERROR(HYPERLINK(VLOOKUP(A42,ÜRÜNLER!A:C,3,FALSE),VLOOKUP(A42,ÜRÜNLER!A:B,2,FALSE)),"") -> iQ700 Alttan Donduruculu Kulplu Buzdolabı, 86cm, Inox | C42: 2 | N42: =M42+L42+K42+J42+I42+H42+G42+F42+E42+D42+C42 -> 2 | R42: devamı yok | S42: 80000 | T42: 83200 | U42: 86400
A43: KG86PFIC0N | B43: =IFERROR(HYPERLINK(VLOOKUP(A43,ÜRÜNLER!A:C,3,FALSE),VLOOKUP(A43,ÜRÜNLER!A:B,2,FALSE)),"") -> iQ700 Alttan Donduruculu Kulplu Buzdolabı, 86cm, Inox | C43: 120 | F43: 1 | I43: 1 | K43: 1 | M43: 1 | N43: =M43+L43+K43+J43+I43+H43+G43+F43+E43+D43+C43 -> 124 | O43: 71 | R43: 106366.38 | S43: 101048.06 | T43: 105089.98 | U43: 109131.91 | V43: 25508.241
A44: KG86PFWC0N | B44: =IFERROR(HYPERLINK(VLOOKUP(A44,ÜRÜNLER!A:C,3,FALSE),VLOOKUP(A44,ÜRÜNLER!A:B,2,FALSE)),"") -> iQ700 Alttan Donduruculu Kulplu Buzdolabı, 86cm, Beyaz | C44: 50 | F44: 1 | I44: 1 | J44: 1 | N44: =M44+L44+K44+J44+I44+H44+G44+F44+E44+D44+C44 -> 53 | O44: 10 | R44: 98399.959 | S44: 93479.961 | T44: 97219.159 | U44: 100958.36 | V44: 20675.54
A45: DONDURUCU | B45: =IFERROR(HYPERLINK(VLOOKUP(A45,ÜRÜNLER!A:C,3,FALSE),VLOOKUP(A45,ÜRÜNLER!A:B,2,FALSE)),"") | N45: =SUM(N2:N44) -> 1040 | O45: =SUM(O2:O44) -> 309
A46: GS24VVWE0N | B46: =IFERROR(HYPERLINK(VLOOKUP(A46,ÜRÜNLER!A:C,3,FALSE),VLOOKUP(A46,ÜRÜNLER!A:B,2,FALSE)),"") -> iQ300 Derin Dondurucu, 146x60cm, Statik, Beyaz | C46: 98 | J46: 1 | N46: =M46+L46+K46+J46+I46+H46+G46+F46+E46+D46+C46 -> 99 | Q46: PRİM HARİÇ | R46: 24592.565 | S46: 25000 | T46: 26000 | U46: 27000 | V46: 2753.7218
A47: GS24VVWF0N | B47: =IFERROR(HYPERLINK(VLOOKUP(A47,ÜRÜNLER!A:C,3,FALSE),VLOOKUP(A47,ÜRÜNLER!A:B,2,FALSE)),"") -> iQ300 Derin Dondurucu, 146x60cm, Statik, Beyaz | E47: 1 | K47: 1 | N47: =M47+L47+K47+J47+I47+H47+G47+F47+E47+D47+C47 -> 2 | Q47: PRİM HARİÇ | R47: devamı yok | S47: 18000 | T47: 18720 | U47: 19440 | X47: 250
A48: GS29NVWE0N | B48: =IFERROR(HYPERLINK(VLOOKUP(A48,ÜRÜNLER!A:C,3,FALSE),VLOOKUP(A48,ÜRÜNLER!A:B,2,FALSE)),"") -> iQ300 Derin Dondurucu, 161x60cm, No-Frost, Beyaz | C48: 10 | N48: =M48+L48+K48+J48+I48+H48+G48+F48+E48+D48+C48 -> 10 | Q48: PRİM HARİÇ | R48: 37824.325 | S48: 38959.055 | T48: 40517.417 | U48: 42075.779 | V48: 4574.3251 | Z48: ONLINE SATILABİLİR
A49: GS29VVWE0N | B49: =IFERROR(HYPERLINK(VLOOKUP(A49,ÜRÜNLER!A:C,3,FALSE),VLOOKUP(A49,ÜRÜNLER!A:B,2,FALSE)),"") -> iQ300 Derin Dondurucu, 161x60cm, Statik, Beyaz | C49: 97 | F49: 1 | I49: 1 | J49: 1 | N49: =M49+L49+K49+J49+I49+H49+G49+F49+E49+D49+C49 -> 100 | Q49: PRİM HARİÇ | R49: 25437.803 | S49: 25500 | T49: 26520 | U49: 27540 | V49: 2405.7786
A50: GS33VVIE0N | B50: =IFERROR(HYPERLINK(VLOOKUP(A50,ÜRÜNLER!A:C,3,FALSE),VLOOKUP(A50,ÜRÜNLER!A:B,2,FALSE)),"") -> iQ300 Derin Dondurucu, 176x60cm, Statik, Inox | C50: 95 | E50: 2 | F50: 3 | I50: 1 | K50: 1 | M50: 1 | N50: =M50+L50+K50+J50+I50+H50+G50+F50+E50+D50+C50 -> 103 | Q50: PRİM HARİÇ | R50: 31580.843 | S50: 32528.268 | T50: 33829.399 | U50: 35130.529 | V50: 2720.3054 | Z50: ONLINE SATILABİLİR
A51: GS33VVWE0N | B51: =IFERROR(HYPERLINK(VLOOKUP(A51,ÜRÜNLER!A:C,3,FALSE),VLOOKUP(A51,ÜRÜNLER!A:B,2,FALSE)),"") -> iQ300 Derin Dondurucu, 176x60cm, Statik, Beyaz | C51: 110 | E51: 5 | I51: 1 | J51: 1 | N51: =M51+L51+K51+J51+I51+H51+G51+F51+E51+D51+C51 -> 117 | Q51: PRİM HARİÇ | R51: 28432.702 | S51: 29285.683 | T51: 30457.111 | U51: 31628.538 | V51: 2443.0328 | Z51: ONLINE SATILABİLİR
A52: GS36NVIEP | B52: =IFERROR(HYPERLINK(VLOOKUP(A52,ÜRÜNLER!A:C,3,FALSE),VLOOKUP(A52,ÜRÜNLER!A:B,2,FALSE)),"") -> iQ300 Derin Dondurucu, 186x60cm, No-Frost, Inox | C52: 20 | N52: =M52+L52+K52+J52+I52+H52+G52+F52+E52+D52+C52 -> 20 | O52: 29 | Q52: PRİM HARİÇ | R52: 32621.399 | S52: 33600.041 | T52: 34944.043 | U52: 36288.044
A53: GS36NVIE0N | B53: =IFERROR(HYPERLINK(VLOOKUP(A53,ÜRÜNLER!A:C,3,FALSE),VLOOKUP(A53,ÜRÜNLER!A:B,2,FALSE)),"") -> iQ300 Derin Dondurucu, 186x60cm, No-Frost Inox | F53: 1 | N53: =M53+L53+K53+J53+I53+H53+G53+F53+E53+D53+C53 -> 1 | Q53: PRİM HARİÇ | R53: devamı yok | S53: 37000 | T53: 38480 | U53: 39960
A54: GS36NVWF0N | B54: =IFERROR(HYPERLINK(VLOOKUP(A54,ÜRÜNLER!A:C,3,FALSE),VLOOKUP(A54,ÜRÜNLER!A:B,2,FALSE)),"") -> iQ300 Derin Dondurucu, 186x60cm, No-Frost, Beyaz | K54: 1 | N54: =M54+L54+K54+J54+I54+H54+G54+F54+E54+D54+C54 -> 1 | Q54: PRİM HARİÇ | R54: devamı yok | S54: 30000 | T54: 31200 | U54: 32400 | X54: 500
A55: GS54NVWE0N | B55: =IFERROR(HYPERLINK(VLOOKUP(A55,ÜRÜNLER!A:C,3,FALSE),VLOOKUP(A55,ÜRÜNLER!A:B,2,FALSE)),"") -> iQ300 Derin Dondurucu, 176x70cm, No-Frost, Beyaz | C55: 93 | E55: 3 | N55: =M55+L55+K55+J55+I55+H55+G55+F55+E55+D55+C55 -> 96 | Q55: PRİM HARİÇ | R55: 41328.219 | S55: 45461.041 | T55: 47279.483 | U55: 49097.925 | V55: 4651.7489 | Z55: ONLINE SATILABİLİR
A56: A.DOLAP | B56: =IFERROR(HYPERLINK(VLOOKUP(A56,ÜRÜNLER!A:C,3,FALSE),VLOOKUP(A56,ÜRÜNLER!A:B,2,FALSE)),"") | N56: =SUM(N46:N55) -> 549 | O56: =SUM(O46:O55) -> 29
A57: CI24WP03 | B57: =IFERROR(HYPERLINK(VLOOKUP(A57,ÜRÜNLER!A:C,3,FALSE),VLOOKUP(A57,ÜRÜNLER!A:B,2,FALSE)),"") -> iQ700 studioLine Ankastre Şarap Soğutucu, 212.5x60.3cm | D57: 4 | H57: 1 | N57: =M57+L57+K57+J57+I57+H57+G57+F57+E57+D57+C57 -> 5 | R57: 320728.46 | S57: 272619.19 | T57: 283523.96 | U57: 294428.72 | X57: 500
A58: CI30BP02 | B58: =IFERROR(HYPERLINK(VLOOKUP(A58,ÜRÜNLER!A:C,3,FALSE),VLOOKUP(A58,ÜRÜNLER!A:B,2,FALSE)),"") -> iQ700 studioLine Alttan Donduruculu Ankastre Buzdolabı, 212.5x75.6cm, Düz Menteşe | D58: 3 | H58: 1 | N58: =M58+L58+K58+J58+I58+H58+G58+F58+E58+D58+C58 -> 4 | R58: devamı yok | S58: 290000 | T58: 301600 | U58: 313200 | X58: 500
A59: CI30RP02 | B59: =IFERROR(HYPERLINK(VLOOKUP(A59,ÜRÜNLER!A:C,3,FALSE),VLOOKUP(A59,ÜRÜNLER!A:B,2,FALSE)),"") -> iQ700 studioLine Ankastre Buzdolabı, 212.5x75.6cm, Düz Menteşe | D59: 6 | F59: 1 | J59: 1 | K59: 1 | N59: =M59+L59+K59+J59+I59+H59+G59+F59+E59+D59+C59 -> 9 | R59: devamı yok | S59: 300000 | T59: 312000 | U59: 324000 | X59: 500
A60: CI36TP02 | B60: =IFERROR(HYPERLINK(VLOOKUP(A60,ÜRÜNLER!A:C,3,FALSE),VLOOKUP(A60,ÜRÜNLER!A:B,2,FALSE)),"") -> iQ700 Alttan Donduruculu Ankastre Buzdolabı, 212.5x90.8cm, Düz Menteşe | E60: 1 | H60: 1 | K60: 1 | N60: =M60+L60+K60+J60+I60+H60+G60+F60+E60+D60+C60 -> 3 | R60: devamı yok | S60: 325000 | T60: 338000 | U60: 351000 | X60: 1000
A61: FI24NP32 | B61: =IFERROR(HYPERLINK(VLOOKUP(A61,ÜRÜNLER!A:C,3,FALSE),VLOOKUP(A61,ÜRÜNLER!A:B,2,FALSE)),"") -> iQ700 Ankastre Derin Dondurucu, 212.5x60.3cm, Düz Menteşe | F61: 1 | J61: 1 | K61: 1 | N61: =M61+L61+K61+J61+I61+H61+G61+F61+E61+D61+C61 -> 3 | R61: devamı yok | S61: 255000 | T61: 265200 | U61: 275400 | X61: 1000
A62: FI24NP33 | B62: =IFERROR(HYPERLINK(VLOOKUP(A62,ÜRÜNLER!A:C,3,FALSE),VLOOKUP(A62,ÜRÜNLER!A:B,2,FALSE)),"") -> iQ700 Ankastre Derin Dondurucu, 212.5x60.3cm, Düz Menteşe | C62: 1 | N62: =M62+L62+K62+J62+I62+H62+G62+F62+E62+D62+C62 -> 1 | R62: 323156.5 | S62: 313461.81 | T62: 326000.28 | U62: 338538.75
A63: KU21RADE0 | B63: =IFERROR(HYPERLINK(VLOOKUP(A63,ÜRÜNLER!A:C,3,FALSE),VLOOKUP(A63,ÜRÜNLER!A:B,2,FALSE)),"") -> iQ500 Tezgah Altı Ankastre Buzdolabı, 82x59.8cm, softClosing Düz Menteşe | C63: 1 | N63: =M63+L63+K63+J63+I63+H63+G63+F63+E63+D63+C63 -> 1 | R63: 57513.559 | S63: 55788.152 | T63: 58019.678 | U63: 60251.204
A64: KU21WAHG0 | B64: =IFERROR(HYPERLINK(VLOOKUP(A64,ÜRÜNLER!A:C,3,FALSE),VLOOKUP(A64,ÜRÜNLER!A:B,2,FALSE)),"") -> iQ500 Ankastre Şarap Soğutucu, 81.8x59.8cm | C64: 4 | J64: 1 | M64: 1 | N64: =M64+L64+K64+J64+I64+H64+G64+F64+E64+D64+C64 -> 6 | R64: 83550.386 | S64: 81043.874 | T64: 84285.629 | U64: 87527.384
A65: KI82LADD0 | B65: =IFERROR(HYPERLINK(VLOOKUP(A65,ÜRÜNLER!A:C,3,FALSE),VLOOKUP(A65,ÜRÜNLER!A:B,2,FALSE)),"") -> iQ500 Derin Donduruculu Ankastre Buzdolabı, 177.2x55.8cm, softClosing Düz Menteşe | C65: 12 | N65: =M65+L65+K65+J65+I65+H65+G65+F65+E65+D65+C65 -> 12 | O65: 1 | R65: 90559.004 | S65: 87842.234 | T65: 91355.923 | U65: 94869.612
A66: KI86NHDF0 | B66: =IFERROR(HYPERLINK(VLOOKUP(A66,ÜRÜNLER!A:C,3,FALSE),VLOOKUP(A66,ÜRÜNLER!A:B,2,FALSE)),"") -> iQ500 Alttan Donduruculu Ankastre Buzdolabı, 177.2x55.8cm, softClosing Düz Menteşe | F66: 1 | N66: =M66+L66+K66+J66+I66+H66+G66+F66+E66+D66+C66 -> 1 | R66: devamı yok | S66: 72499 | T66: 75398.96 | U66: 78298.92 | X66: 500
A67: KI87SAFE0N | B67: =IFERROR(HYPERLINK(VLOOKUP(A67,ÜRÜNLER!A:C,3,FALSE),VLOOKUP(A67,ÜRÜNLER!A:B,2,FALSE)),"") -> iQ500 Alttan Donduruculu Ankastre Buzdolabı, 177.2x55.8cm, Düz Menteşe | C67: 12 | E67: 2 | F67: 1 | K67: 1 | N67: =M67+L67+K67+J67+I67+H67+G67+F67+E67+D67+C67 -> 16 | R67: 86644.862 | S67: 84045.517 | T67: 87407.337 | U67: 90769.158
A68: KB96NADD0 | B68: =IFERROR(HYPERLINK(VLOOKUP(A68,ÜRÜNLER!A:C,3,FALSE),VLOOKUP(A68,ÜRÜNLER!A:B,2,FALSE)),"") -> iQ500 Alttan Donduruculu Ankastre Buzdolabı, 193.5x70.8cm, softClosing Düz Menteşe | C68: 7 | N68: =M68+L68+K68+J68+I68+H68+G68+F68+E68+D68+C68 -> 7 | O68: 1 | R68: 103417.85 | S68: 100315.32 | T68: 104327.93 | U68: 108340.54
A69: KB96NSDD0 | B69: =IFERROR(HYPERLINK(VLOOKUP(A69,ÜRÜNLER!A:C,3,FALSE),VLOOKUP(A69,ÜRÜNLER!A:B,2,FALSE)),"") -> iQ500 studioLine Alttan Donduruculu Ankastre Buzdolabı, 193.5x70.8cm, Düz Menteşe | D69: 2 | N69: =M69+L69+K69+J69+I69+H69+G69+F69+E69+D69+C69 -> 2 | R69: 124921.82 | S69: 112429.63 | T69: 116926.82 | U69: 121424.01
A70: ÇAMAŞIR MAKİNASI | B70: =IFERROR(HYPERLINK(VLOOKUP(A70,ÜRÜNLER!A:C,3,FALSE),VLOOKUP(A70,ÜRÜNLER!A:B,2,FALSE)),"") | N70: =SUM(N57:N69) -> 70
A71: WG42A2X3TR | B71: =IFERROR(HYPERLINK(VLOOKUP(A71,ÜRÜNLER!A:C,3,FALSE),VLOOKUP(A71,ÜRÜNLER!A:B,2,FALSE)),"") -> iQ300 Çamaşır Makinesi, 9kg/1200devir, Beyaz | C71: 65 | F71: 6 | I71: 1 | J71: 1 | M71: 1 | N71: =M71+L71+K71+J71+I71+H71+G71+F71+E71+D71+C71 -> 74 | R71: 30359.539 | S71: 29448.752 | T71: 30626.702 | U71: 31804.653 | V71: 1374.6548
A72: WG42K2Z0TR | B72: =IFERROR(HYPERLINK(VLOOKUP(A72,ÜRÜNLER!A:C,3,FALSE),VLOOKUP(A72,ÜRÜNLER!A:B,2,FALSE)),"") -> iQ500 Çamaşır Makinesi, 9kg/1200devir, Beyaz | C72: 23 | I72: 1 | K72: 1 | N72: =M72+L72+K72+J72+I72+H72+G72+F72+E72+D72+C72 -> 25 | O72: 3 | R72: 37224.919 | S72: 37224.919 | T72: 38713.916 | U72: 40202.913 | V72: 1614.4544 | Z72: ONLINE SATILABİLİR
A73: WG42K2ZXTR | B73: =IFERROR(HYPERLINK(VLOOKUP(A73,ÜRÜNLER!A:C,3,FALSE),VLOOKUP(A73,ÜRÜNLER!A:B,2,FALSE)),"") -> iQ500 Çamaşır Makinesi, 9kg/1200devir, Gümüş | C73: 13 | I73: 1 | J73: 1 | M73: 1 | N73: =M73+L73+K73+J73+I73+H73+G73+F73+E73+D73+C73 -> 16 | O73: 1 | R73: 39866.402 | S73: 38670.41 | T73: 40217.227 | U73: 41764.043 | V73: 2424.5418
A74: WG44A2Z1TR | B74: =IFERROR(HYPERLINK(VLOOKUP(A74,ÜRÜNLER!A:C,3,FALSE),VLOOKUP(A74,ÜRÜNLER!A:B,2,FALSE)),"") -> iQ300 Çamaşır Makinesi, 9kg/1400devir, Beyaz | I74: 1 | N74: =M74+L74+K74+J74+I74+H74+G74+F74+E74+D74+C74 -> 1 | R74: devamı yok | S74: 31000 | T74: 32240 | U74: 33480 | X74: 500
A75: WG44A2ZRTR | B75: =IFERROR(HYPERLINK(VLOOKUP(A75,ÜRÜNLER!A:C,3,FALSE),VLOOKUP(A75,ÜRÜNLER!A:B,2,FALSE)),"") -> iQ300 Çamaşır Makinesi, 9kg/1400devir, Antrasit/Dark | I75: 1 | J75: 1 | M75: 1 | N75: =M75+L75+K75+J75+I75+H75+G75+F75+E75+D75+C75 -> 3 | R75: devamı yok | S75: 31000 | T75: 32240 | U75: 33480 | W75: 4166.64 | X75: 500
A76: WG44B2A0TR | B76: =IFERROR(HYPERLINK(VLOOKUP(A76,ÜRÜNLER!A:C,3,FALSE),VLOOKUP(A76,ÜRÜNLER!A:B,2,FALSE)),"") -> iQ700 Çamaşır Makinesi, 9kg/1400devir, i-dos, Beyaz | J76: 1 | K76: 1 | M76: 1 | N76: =M76+L76+K76+J76+I76+H76+G76+F76+E76+D76+C76 -> 3 | O76: 2 | R76: 48454.851 | S76: 48454.851 | T76: 50393.045 | U76: 52331.239
A77: WG44B200TR | B77: =IFERROR(HYPERLINK(VLOOKUP(A77,ÜRÜNLER!A:C,3,FALSE),VLOOKUP(A77,ÜRÜNLER!A:B,2,FALSE)),"") -> iQ700 Çamaşır Makinesi, 9kg/1400devir, Beyaz | I77: 1 | N77: =M77+L77+K77+J77+I77+H77+G77+F77+E77+D77+C77 -> 1 | R77: devamı yok | S77: 46000 | T77: 47840 | U77: 49680
A78: WG44K2Z0TR | B78: =IFERROR(HYPERLINK(VLOOKUP(A78,ÜRÜNLER!A:C,3,FALSE),VLOOKUP(A78,ÜRÜNLER!A:B,2,FALSE)),"") -> iQ500 Çamaşır Makinesi, 9kg/1400devir, Beyaz | C78: 15 | J78: 1 | N78: =M78+L78+K78+J78+I78+H78+G78+F78+E78+D78+C78 -> 16 | R78: 40815.965 | S78: 39591.486 | T78: 41175.146 | U78: 42758.805 | V78: 3252.0118
A79: WG52A202TR | B79: =IFERROR(HYPERLINK(VLOOKUP(A79,ÜRÜNLER!A:C,3,FALSE),VLOOKUP(A79,ÜRÜNLER!A:B,2,FALSE)),"") -> iQ300 Çamaşır Makinesi, 10kg/1200devir, Beyaz | C79: 27 | I79: 1 | J79: 1 | K79: 1 | N79: =M79+L79+K79+J79+I79+H79+G79+F79+E79+D79+C79 -> 30 | R79: devamı yok | S79: 35883 | T79: 37318.32 | U79: 38753.64 | V79: 5883.4143
A80: WG52A203TR | B80: =IFERROR(HYPERLINK(VLOOKUP(A80,ÜRÜNLER!A:C,3,FALSE),VLOOKUP(A80,ÜRÜNLER!A:B,2,FALSE)),"") -> iQ300 Çamaşır Makinesi, 10kg/1200devir, Beyaz | C80: 14 | N80: =M80+L80+K80+J80+I80+H80+G80+F80+E80+D80+C80 -> 14 | O80: 20 | R80: 34090.953 | S80: 34090.953 | T80: 35454.591 | U80: 36818.229 | V80: 3575.8363
A81: WG52K2ZSTR | B81: =IFERROR(HYPERLINK(VLOOKUP(A81,ÜRÜNLER!A:C,3,FALSE),VLOOKUP(A81,ÜRÜNLER!A:B,2,FALSE)),"") -> iQ500 Çamaşır Makinesi, 10kg/1200devir, Gümüş | C81: 7 | N81: =M81+L81+K81+J81+I81+H81+G81+F81+E81+D81+C81 -> 7 | O81: 2 | R81: 40527.282 | S81: 38597 | T81: 40140.88 | U81: 41684.76 | V81: 1058.6775
A82: WG52A2A0TR | B82: =IFERROR(HYPERLINK(VLOOKUP(A82,ÜRÜNLER!A:C,3,FALSE),VLOOKUP(A82,ÜRÜNLER!A:B,2,FALSE)),"") -> iQ500 Çamaşır Makinesi, 10kg/1200devir, i-dos, Beyaz | K82: 1 | N82: =M82+L82+K82+J82+I82+H82+G82+F82+E82+D82+C82 -> 1 | R82: devamı yok | S82: 27000 | T82: 28080 | U82: 29160 | X82: 500
A83: WG52A2F0TR | B83: =IFERROR(HYPERLINK(VLOOKUP(A83,ÜRÜNLER!A:C,3,FALSE),VLOOKUP(A83,ÜRÜNLER!A:B,2,FALSE)),"") -> iQ500 Çamaşır Makinesi, 10kg/1200devir, i-dos, Beyaz | E83: 1 | I83: 1 | J83: 1 | K83: 2 | M83: 1 | N83: =M83+L83+K83+J83+I83+H83+G83+F83+E83+D83+C83 -> 6 | R83: devamı yok | S83: 35000 | T83: 36400 | U83: 37800 | X83: 500
A84: WG52A2ZXTR | B84: =IFERROR(HYPERLINK(VLOOKUP(A84,ÜRÜNLER!A:C,3,FALSE),VLOOKUP(A84,ÜRÜNLER!A:B,2,FALSE)),"") -> iQ300 Çamaşır Makinesi, 10kg/1200devir, Gümüş | E84: 1 | I84: 1 | N84: =M84+L84+K84+J84+I84+H84+G84+F84+E84+D84+C84 -> 2 | R84: devamı yok | S84: 35000 | T84: 36400 | U84: 37800 | W84: 4049.59 | X84: 500
A85: WG52K2Z0TR | B85: =IFERROR(HYPERLINK(VLOOKUP(A85,ÜRÜNLER!A:C,3,FALSE),VLOOKUP(A85,ÜRÜNLER!A:B,2,FALSE)),"") -> iQ500 Çamaşır Makinesi, 10kg/1200devir, Beyaz | C85: 16 | I85: 1 | N85: =M85+L85+K85+J85+I85+H85+G85+F85+E85+D85+C85 -> 17 | R85: devamı yok | S85: 37000 | T85: 38480 | U85: 39960 | V85: 602.68935
A86: WG52K2ZXTR | B86: =IFERROR(HYPERLINK(VLOOKUP(A86,ÜRÜNLER!A:C,3,FALSE),VLOOKUP(A86,ÜRÜNLER!A:B,2,FALSE)),"") -> iQ500 Çamaşır Makinesi, 10kg/1200devir, Gümüş | J86: 1 | N86: =M86+L86+K86+J86+I86+H86+G86+F86+E86+D86+C86 -> 1 | R86: devamı yok | S86: 39000 | T86: 40560 | U86: 42120 | V86: 1309.4864
A87: WG54A2Z0TR | B87: =IFERROR(HYPERLINK(VLOOKUP(A87,ÜRÜNLER!A:C,3,FALSE),VLOOKUP(A87,ÜRÜNLER!A:B,2,FALSE)),"") -> iQ300 Çamaşır Makinesi, 10kg/1400devir, Beyaz | I87: 1 | K87: 1 | N87: =M87+L87+K87+J87+I87+H87+G87+F87+E87+D87+C87 -> 2 | R87: devamı yok | S87: 35000 | T87: 36400 | U87: 37800 | X87: 250
A88: WG54B2A1TR | B88: =IFERROR(HYPERLINK(VLOOKUP(A88,ÜRÜNLER!A:C,3,FALSE),VLOOKUP(A88,ÜRÜNLER!A:B,2,FALSE)),"") -> iQ700 Çamaşır Makinesi, 10kg/1400devir, i-dos, Beyaz | I88: 2 | J88: 1 | K88: 3 | N88: =M88+L88+K88+J88+I88+H88+G88+F88+E88+D88+C88 -> 6 | O88: 1 | P88: 4 | R88: devamı yok | S88: 75000 | T88: 78000 | U88: 81000 | Z88: teşhir fiyatı
A89: WG54B2ASTR | B89: =IFERROR(HYPERLINK(VLOOKUP(A89,ÜRÜNLER!A:C,3,FALSE),VLOOKUP(A89,ÜRÜNLER!A:B,2,FALSE)),"") -> iQ700 Çamaşır Makinesi, 10kg/1400devir, i-dos, Gümüş | J89: 1 | M89: 1 | N89: =M89+L89+K89+J89+I89+H89+G89+F89+E89+D89+C89 -> 2 | O89: 1 | P89: 15 | R89: devamı yok | S89: 70000 | T89: 72800 | U89: 75600
A90: WG52K2Z1TR | B90: =IFERROR(HYPERLINK(VLOOKUP(A90,ÜRÜNLER!A:C,3,FALSE),VLOOKUP(A90,ÜRÜNLER!A:B,2,FALSE)),"") -> iQ500 Çamaşır Makinesi, 10kg/1200devir, Beyaz | C90: 25 | J90: 1 | N90: =M90+L90+K90+J90+I90+H90+G90+F90+E90+D90+C90 -> 26 | R90: 38936.927 | S90: 37768.819 | T90: 39279.572 | U90: 40790.324 | V90: 339.25216
A91: WG54K2Y0TR | B91: =IFERROR(HYPERLINK(VLOOKUP(A91,ÜRÜNLER!A:C,3,FALSE),VLOOKUP(A91,ÜRÜNLER!A:B,2,FALSE)),"") -> iQ500 Çamaşır Makinesi, 10kg/1400devir, i-dos, Beyaz | C91: 14 | N91: =M91+L91+K91+J91+I91+H91+G91+F91+E91+D91+C91 -> 14 | O91: 6 | R91: 39429.577 | S91: 38246.689 | T91: 39776.557 | U91: 41306.425
A92: WG64K2Y0TR | B92: =IFERROR(HYPERLINK(VLOOKUP(A92,ÜRÜNLER!A:C,3,FALSE),VLOOKUP(A92,ÜRÜNLER!A:B,2,FALSE)),"") -> iQ500 Çamaşır Makinesi, 11kg/1400devir, i-dos, Beyaz | C92: 2 | N92: =M92+L92+K92+J92+I92+H92+G92+F92+E92+D92+C92 -> 2 | O92: 9 | R92: 40307.741 | S92: 39098.509 | T92: 40662.449 | U92: 42226.39
A93: WG64K2F0TR | B93: =IFERROR(HYPERLINK(VLOOKUP(A93,ÜRÜNLER!A:C,3,FALSE),VLOOKUP(A93,ÜRÜNLER!A:B,2,FALSE)),"") -> iQ500 Çamaşır Makinesi, 11kg/1400devir, i-dos, Beyaz | I93: 1 | K93: 1 | N93: =M93+L93+K93+J93+I93+H93+G93+F93+E93+D93+C93 -> 2 | R93: devamı yok | S93: 37000 | T93: 38480 | U93: 39960
A94: WG64K2Z0TR | B94: =IFERROR(HYPERLINK(VLOOKUP(A94,ÜRÜNLER!A:C,3,FALSE),VLOOKUP(A94,ÜRÜNLER!A:B,2,FALSE)),"") -> iQ500 Çamaşır Makinesi, 11kg/1400devir, Beyaz | C94: 30 | F94: 1 | I94: 1 | J94: 1 | K94: 1 | M94: 1 | N94: =M94+L94+K94+J94+I94+H94+G94+F94+E94+D94+C94 -> 35 | R94: 39207.489 | S94: 38031.265 | T94: 39552.515 | U94: 41073.766
A95: WG64K2ZRTR | B95: =IFERROR(HYPERLINK(VLOOKUP(A95,ÜRÜNLER!A:C,3,FALSE),VLOOKUP(A95,ÜRÜNLER!A:B,2,FALSE)),"") -> iQ500 Çamaşır Makinesi, 11kg/1400devir, Antrasit/Dark | C95: 28 | I95: 1 | J95: 1 | M95: 1 | N95: =M95+L95+K95+J95+I95+H95+G95+F95+E95+D95+C95 -> 31 | O95: 64 | R95: 43182.698 | S95: 41887.217 | T95: 43562.705 | U95: 45238.194
A96: WM12N200TR | B96: =IFERROR(HYPERLINK(VLOOKUP(A96,ÜRÜNLER!A:C,3,FALSE),VLOOKUP(A96,ÜRÜNLER!A:B,2,FALSE)),"") -> iQ300 Çamaşır Makinesi, 9kg/1200devir, Beyaz | K96: 2 | N96: =M96+L96+K96+J96+I96+H96+G96+F96+E96+D96+C96 -> 2 | Q96: PRİM HARİÇ | R96: devamı yok | S96: 27000 | T96: 28080 | U96: 29160 | X96: 500
A97: WM14UP91TR | B97: =IFERROR(HYPERLINK(VLOOKUP(A97,ÜRÜNLER!A:C,3,FALSE),VLOOKUP(A97,ÜRÜNLER!A:B,2,FALSE)),"") -> iQ500 Çamaşır Makinesi, 9kg/1400devir, i-dos, Beyaz | I97: 2 | K97: 1 | N97: =M97+L97+K97+J97+I97+H97+G97+F97+E97+D97+C97 -> 3 | R97: devamı yok | S97: 33000 | T97: 34320 | U97: 35640 | X97: 500
A98: WM14XE50TR | B98: =IFERROR(HYPERLINK(VLOOKUP(A98,ÜRÜNLER!A:C,3,FALSE),VLOOKUP(A98,ÜRÜNLER!A:B,2,FALSE)),"") -> iQ700 Çamaşır Makinesi, 10kg/1400devir, i-dos, Beyaz | I98: 1 | N98: =M98+L98+K98+J98+I98+H98+G98+F98+E98+D98+C98 -> 1 | R98: devamı yok | S98: 37000 | T98: 38480 | U98: 39960 | X98: 500
A99: WN54C2A0TR | B99: =IFERROR(HYPERLINK(VLOOKUP(A99,ÜRÜNLER!A:C,3,FALSE),VLOOKUP(A99,ÜRÜNLER!A:B,2,FALSE)),"") -> iQ700 Kurutmalı Çamaşır Makinesi, 10.5kg/6kg/1400devir, i-dos, Beyaz | C99: 2 | I99: 1 | N99: =M99+L99+K99+J99+I99+H99+G99+F99+E99+D99+C99 -> 3 | R99: 76859.44 | S99: 76859.44 | T99: 79933.817 | U99: 83008.195
A100: KURUTMA MAKİNASI | B100: =IFERROR(HYPERLINK(VLOOKUP(A100,ÜRÜNLER!A:C,3,FALSE),VLOOKUP(A100,ÜRÜNLER!A:B,2,FALSE)),"") | N100: =SUM(N71:N99) -> 346
...

Sheet HESAPLAYICI
A1: =Sayfa1!A1 -> STOK KODU | B1: =Sayfa1!B1 -> AÇIKLAMA | C1: =Sayfa1!C1 -> 16 MAYIS HOROZ | D1: =Sayfa1!$R$1 -> MAYIS TOPTAN TOPTAN | E1: =Sayfa1!$S$1 -> HAVALE FİYATI | F1: =Sayfa1!$T$1 -> TEK ÇEKİM FİYATI | G1: =Sayfa1!$U$1 -> TAKSİTLİ FİYATI 3/7 TAKSİT | H1: =Sayfa1!$V$1 -> MAYIS BİP | I1: Toplam Bundle İndirim Tutarını Aşağıya Yaz | J1: =Sayfa1!$X$1 -> Hakedişler LİSTE FİYATINDAN SATILIRSA geçerli olacak | K1: =Sayfa1!$W$1 -> Mayıs / Phase out Fiyat farkları 30.06.2026 olarak montaj ZORUNLU | L1: =Sayfa1!$Y$1 -> BİP KOŞULU
A2: HB534FER0T | B2: =IFERROR(VLOOKUP(A2,Sayfa1!A:B,2,FALSE),"?") -> iQ300 Ankastre Fırın, 1 Teleskopik Ray, Arkası Kendini Temizler, Siyah/Inox | C2: =IFERROR(VLOOKUP(A2,Sayfa1!A:C,3,FALSE),"?") -> 0 | D2: =IFERROR(VLOOKUP(A2,Sayfa1!$A:$R,17,FALSE),"?") -> 0 | E2: =IFERROR(VLOOKUP(A2,Sayfa1!$A:$S,18,FALSE),"?") -> devamı yok | F2: =IFERROR(VLOOKUP(A2,Sayfa1!$A:$T,19,FALSE),"?") -> 18000 | G2: =IFERROR(VLOOKUP(A2,Sayfa1!$A:$U,20,FALSE),"?") -> 18720 | H2: =IFERROR(VLOOKUP(A2,Sayfa1!$A:$V,21,FALSE),"?") -> 19440 | J2: =IFERROR(VLOOKUP(A2,Sayfa1!$A:$X,23,FALSE),"?") -> 1656.58 | K2: =IFERROR(VLOOKUP(A2,Sayfa1!$A:$W,22,FALSE),"?") -> 0 | L2: =IFERROR(VLOOKUP(A2,Sayfa1!$A:$Y,24,FALSE),"?") -> 250
B3: =IFERROR(VLOOKUP(A3,Sayfa1!A:B,2,FALSE),"?") -> ? | C3: =IFERROR(VLOOKUP(A3,Sayfa1!A:C,3,FALSE),"?") -> ? | D3: =IFERROR(VLOOKUP(A3,Sayfa1!$A:$R,17,FALSE),"?") -> ? | E3: =IFERROR(VLOOKUP(A3,Sayfa1!$A:$S,18,FALSE),"?") -> ? | F3: =IFERROR(VLOOKUP(A3,Sayfa1!$A:$T,19,FALSE),"?") -> ? | G3: =IFERROR(VLOOKUP(A3,Sayfa1!$A:$U,20,FALSE),"?") -> ? | H3: =IFERROR(VLOOKUP(A3,Sayfa1!$A:$V,21,FALSE),"?") -> ? | J3: =IFERROR(VLOOKUP(A3,Sayfa1!$A:$X,23,FALSE),"?") -> ? | K3: =IFERROR(VLOOKUP(A3,Sayfa1!$A:$W,22,FALSE),"?") -> ? | L3: =IFERROR(VLOOKUP(A3,Sayfa1!$A:$Y,24,FALSE),"?") -> ?
B4: =IFERROR(VLOOKUP(A4,Sayfa1!A:B,2,FALSE),"?") -> ? | C4: =IFERROR(VLOOKUP(A4,Sayfa1!A:C,3,FALSE),"?") -> ? | D4: =IFERROR(VLOOKUP(A4,Sayfa1!$A:$R,17,FALSE),"?") -> ? | E4: =IFERROR(VLOOKUP(A4,Sayfa1!$A:$S,18,FALSE),"?") -> ? | F4: =IFERROR(VLOOKUP(A4,Sayfa1!$A:$T,19,FALSE),"?") -> ? | G4: =IFERROR(VLOOKUP(A4,Sayfa1!$A:$U,20,FALSE),"?") -> ? | H4: =IFERROR(VLOOKUP(A4,Sayfa1!$A:$V,21,FALSE),"?") -> ? | J4: =IFERROR(VLOOKUP(A4,Sayfa1!$A:$X,23,FALSE),"?") -> ? | K4: =IFERROR(VLOOKUP(A4,Sayfa1!$A:$W,22,FALSE),"?") -> ? | L4: =IFERROR(VLOOKUP(A4,Sayfa1!$A:$Y,24,FALSE),"?") -> ?
B5: =IFERROR(VLOOKUP(A5,Sayfa1!A:B,2,FALSE),"?") -> ? | C5: =IFERROR(VLOOKUP(A5,Sayfa1!A:C,3,FALSE),"?") -> ? | D5: =IFERROR(VLOOKUP(A5,Sayfa1!$A:$R,17,FALSE),"?") -> ? | E5: =IFERROR(VLOOKUP(A5,Sayfa1!$A:$S,18,FALSE),"?") -> ? | F5: =IFERROR(VLOOKUP(A5,Sayfa1!$A:$T,19,FALSE),"?") -> ? | G5: =IFERROR(VLOOKUP(A5,Sayfa1!$A:$U,20,FALSE),"?") -> ? | H5: =IFERROR(VLOOKUP(A5,Sayfa1!$A:$V,21,FALSE),"?") -> ? | J5: =IFERROR(VLOOKUP(A5,Sayfa1!$A:$X,23,FALSE),"?") -> ? | K5: =IFERROR(VLOOKUP(A5,Sayfa1!$A:$W,22,FALSE),"?") -> ? | L5: =IFERROR(VLOOKUP(A5,Sayfa1!$A:$Y,24,FALSE),"?") -> ?
B6: =IFERROR(VLOOKUP(A6,Sayfa1!A:B,2,FALSE),"?") -> ? | C6: =IFERROR(VLOOKUP(A6,Sayfa1!A:C,3,FALSE),"?") -> ? | D6: =IFERROR(VLOOKUP(A6,Sayfa1!$A:$R,17,FALSE),"?") -> ? | E6: =IFERROR(VLOOKUP(A6,Sayfa1!$A:$S,18,FALSE),"?") -> ? | F6: =IFERROR(VLOOKUP(A6,Sayfa1!$A:$T,19,FALSE),"?") -> ? | G6: =IFERROR(VLOOKUP(A6,Sayfa1!$A:$U,20,FALSE),"?") -> ? | H6: =IFERROR(VLOOKUP(A6,Sayfa1!$A:$V,21,FALSE),"?") -> ? | J6: =IFERROR(VLOOKUP(A6,Sayfa1!$A:$X,23,FALSE),"?") -> ? | K6: =IFERROR(VLOOKUP(A6,Sayfa1!$A:$W,22,FALSE),"?") -> ? | L6: =IFERROR(VLOOKUP(A6,Sayfa1!$A:$Y,24,FALSE),"?") -> ?
B7: =IFERROR(VLOOKUP(A7,Sayfa1!A:B,2,FALSE),"?") -> ? | C7: =IFERROR(VLOOKUP(A7,Sayfa1!A:C,3,FALSE),"?") -> ? | D7: =IFERROR(VLOOKUP(A7,Sayfa1!$A:$R,17,FALSE),"?") -> ? | E7: =IFERROR(VLOOKUP(A7,Sayfa1!$A:$S,18,FALSE),"?") -> ? | F7: =IFERROR(VLOOKUP(A7,Sayfa1!$A:$T,19,FALSE),"?") -> ? | G7: =IFERROR(VLOOKUP(A7,Sayfa1!$A:$U,20,FALSE),"?") -> ? | H7: =IFERROR(VLOOKUP(A7,Sayfa1!$A:$V,21,FALSE),"?") -> ? | J7: =IFERROR(VLOOKUP(A7,Sayfa1!$A:$X,23,FALSE),"?") -> ? | K7: =IFERROR(VLOOKUP(A7,Sayfa1!$A:$W,22,FALSE),"?") -> ? | L7: =IFERROR(VLOOKUP(A7,Sayfa1!$A:$Y,24,FALSE),"?") -> ?
B8: =IFERROR(VLOOKUP(A8,Sayfa1!A:B,2,FALSE),"?") -> ? | C8: =IFERROR(VLOOKUP(A8,Sayfa1!A:C,3,FALSE),"?") -> ? | D8: =IFERROR(VLOOKUP(A8,Sayfa1!$A:$R,17,FALSE),"?") -> ? | E8: =IFERROR(VLOOKUP(A8,Sayfa1!$A:$S,18,FALSE),"?") -> ? | F8: =IFERROR(VLOOKUP(A8,Sayfa1!$A:$T,19,FALSE),"?") -> ? | G8: =IFERROR(VLOOKUP(A8,Sayfa1!$A:$U,20,FALSE),"?") -> ? | H8: =IFERROR(VLOOKUP(A8,Sayfa1!$A:$V,21,FALSE),"?") -> ? | J8: =IFERROR(VLOOKUP(A8,Sayfa1!$A:$X,23,FALSE),"?") -> ? | K8: =IFERROR(VLOOKUP(A8,Sayfa1!$A:$W,22,FALSE),"?") -> ? | L8: =IFERROR(VLOOKUP(A8,Sayfa1!$A:$Y,24,FALSE),"?") -> ?
B9: =IFERROR(VLOOKUP(A9,Sayfa1!A:B,2,FALSE),"?") -> ? | C9: =IFERROR(VLOOKUP(A9,Sayfa1!A:C,3,FALSE),"?") -> ? | D9: =IFERROR(VLOOKUP(A9,Sayfa1!$A:$R,17,FALSE),"?") -> ? | E9: =IFERROR(VLOOKUP(A9,Sayfa1!$A:$S,18,FALSE),"?") -> ? | F9: =IFERROR(VLOOKUP(A9,Sayfa1!$A:$T,19,FALSE),"?") -> ? | G9: =IFERROR(VLOOKUP(A9,Sayfa1!$A:$U,20,FALSE),"?") -> ? | H9: =IFERROR(VLOOKUP(A9,Sayfa1!$A:$V,21,FALSE),"?") -> ? | J9: =IFERROR(VLOOKUP(A9,Sayfa1!$A:$X,23,FALSE),"?") -> ? | K9: =IFERROR(VLOOKUP(A9,Sayfa1!$A:$W,22,FALSE),"?") -> ? | L9: =IFERROR(VLOOKUP(A9,Sayfa1!$A:$Y,24,FALSE),"?") -> ?
B10: =IFERROR(VLOOKUP(A10,Sayfa1!A:B,2,FALSE),"?") -> ? | C10: =IFERROR(VLOOKUP(A10,Sayfa1!A:C,3,FALSE),"?") -> ? | D10: =IFERROR(VLOOKUP(A10,Sayfa1!$A:$R,17,FALSE),"?") -> ? | E10: =IFERROR(VLOOKUP(A10,Sayfa1!$A:$S,18,FALSE),"?") -> ? | F10: =IFERROR(VLOOKUP(A10,Sayfa1!$A:$T,19,FALSE),"?") -> ? | G10: =IFERROR(VLOOKUP(A10,Sayfa1!$A:$U,20,FALSE),"?") -> ? | H10: =IFERROR(VLOOKUP(A10,Sayfa1!$A:$V,21,FALSE),"?") -> ? | J10: =IFERROR(VLOOKUP(A10,Sayfa1!$A:$X,23,FALSE),"?") -> ? | K10: =IFERROR(VLOOKUP(A10,Sayfa1!$A:$W,22,FALSE),"?") -> ? | L10: =IFERROR(VLOOKUP(A10,Sayfa1!$A:$Y,24,FALSE),"?") -> ?
B11: =IFERROR(VLOOKUP(A11,Sayfa1!A:B,2,FALSE),"?") -> ? | C11: =IFERROR(VLOOKUP(A11,Sayfa1!A:C,3,FALSE),"?") -> ? | D11: =IFERROR(VLOOKUP(A11,Sayfa1!$A:$R,17,FALSE),"?") -> ? | E11: =IFERROR(VLOOKUP(A11,Sayfa1!$A:$S,18,FALSE),"?") -> ? | F11: =IFERROR(VLOOKUP(A11,Sayfa1!$A:$T,19,FALSE),"?") -> ? | G11: =IFERROR(VLOOKUP(A11,Sayfa1!$A:$U,20,FALSE),"?") -> ? | H11: =IFERROR(VLOOKUP(A11,Sayfa1!$A:$V,21,FALSE),"?") -> ? | J11: =IFERROR(VLOOKUP(A11,Sayfa1!$A:$X,23,FALSE),"?") -> ? | K11: =IFERROR(VLOOKUP(A11,Sayfa1!$A:$W,22,FALSE),"?") -> ? | L11: =IFERROR(VLOOKUP(A11,Sayfa1!$A:$Y,24,FALSE),"?") -> ?
A12: Toplam Satış Fiyatı | E12: =SUM(E2:E11) -> 0 | F12: =SUM(F2:F11) -> 18000
A13: BİP İndirimi | E13: =SUM(G:G)*-1 -> -18720 | F13: =SUM(G:G)*-1 -> -18720
A14: PhaseOut İndirimi | E14: =SUM(H:H)*-1 -> -19440 | F14: =SUM(H:H)*-1 -> -19440
A15: Toplam Bundle İndirimi | E15: =I2*-1 -> 0 | F15: =I2*-1 -> 0
A16: Satılabilir Minimum Fiyat | E16: =SUM(E12:E15) -> -38160 | F16: =SUM(F12:F15) -> -20160
A17: Satılabilir Minimum Taksitli Fiyat | E17: =E16*1.08 -> -41212.8

Sheet Bundle Kampanya
C2: 2’li LDA alımında perakende de 5.000 ₺ indirim fırsatı! | D2: 2’li LDA alımında (Buzdolabı - Çamaşır - Kurutma - Bulaşık ) perakende de 5.000 ₺ indirim uygulanır. “diğer kampanyalar ile birleşemez” 4.000 ₺ kdv dahil fiyat farkı hak edişi ödenecektir.
K9: Seçili Ankastre fırın ile set alana perakende de 6.000 ₺ indirim! | L9: Geçerli Ankastre Fırınlar
C11: Çamaşır Makinesi ile Kurutma Makinesi alana perakende de 10.000 ₺ indirim fırsatı! | D11: 2’li LDA alımında (ÇAMAŞIR + KURUTMA) perakende de 10.000 ₺ indirim uygulanır. “diğer kampanyalar ile birleşemez” 8.000 ₺ kdv dahil fiyat farkı hak edişi ödenecektir. | L11: HB012FBH1T, HB012FBB1T, HB012FBW1T + (phase out iQ300 ve iQ500 segment modeller) Ankastre fırınlarda geçerlidir. (HB011* ve giriş segment muadili modeller dahil değildir.)
L15: Uygulama koşulları : Seçili ankastre fırınlar ile set (fırın+ocak+dav.) set alana perakende de 6.000 ₺ indirim uygulanır. Diğer fırınlarda geçerli değildir. KDV dahil 4.500 ₺ hak ediş ödenir.
C21: Seçili Beyaz eşya alana ile birlikte Derin Dondurucu alımına perakende de 7.500 TL indirim! | D21: Seçili LDA alımına Derin Dondurucu perakende de 7.500 TL indirim! (TOPLAM 2 LDA)
K27: Seçili Ankastre Fırın ve Ocak alana perakende de LC63KPJ60T kodlu davlumbaz hediye! | L27: Geçerli Ankastre Setler
D29: Uygulama koşulları : Seçili LDA alımına ilave Derin Dondurucu alımı için perakende de 7.500 TL indirim uygulanır. KDV dahil 6.000 ₺ hak ediş ödenir. | L29: ( HB778G3B1, HR776G3B1, HS736G1B2, HB776G1B1, HB734G1B1, HR232GEB3, HB557JEB6T, HJ852GYN0T, HJ852GYB0T, HJ852GYW0T, HU736AEG0T, HU736AEV0T, HU736AEA0T, HU736AEN0T, HU717ABN0T, HU717ABA0T, HU717ABV0T) ve (phase out iQ500 segment ve üzeri modeller) Ankastre fırınlarda geçerlidir. (HB011 ve giriş segment muadili modeller dahil değildir.)
L33: Uygulama koşulları : Seçili Ankastre Fırın ve Ocak alana perakende de LC63KPJ60T kodlu davlumbaz hediyedir. Diğer davlumbazlarda da perakende de 11.610 ₺ net indirim uygulanır. Giriş setlerde geçerli değildir. KDV dahil 8.850 ₺ hak ediş ödenir.
C36: Seçili Premium Ürünlerden 3'lü LDA Alımına Ek SN15EC00NT Model Bulaşık Makinesi perakende de 9.999 ₺! | D36: Kampanya Kapsamındaki Ürünler
D38: Buzdolabı (KG76NCXE0N, KG86PAXB0N, KG86PFIC0N, KF96NAXEA, KF96NVPEA, KF96RSBEA, KG76PAIC0N) Çamaşır Makinesi (WG44B2A0TR, WG52K2ZXTR, WG54B2A1TR, WG54B2ASTR, WG64K2F0TR, WG64K2Y0TR, WG64K2ZRTR, WG64K2Z0TR) Kurutma Makinesi (WQ42G20RTR, WQ42J200TR, WQ42J20XTR, WQ43J2C0TR, WQ45B2A0TR,WQ45B2AXTR, WQ52K200TR, WQ44G2C1TR, WQ52J20RTR) Bulaşık Makinesi (SN15EC00NT, SN15EI00K, SN23IC62MT, SN25EI70MT, SN27YI82DT, SN25EI82AT, SN25EI83CT, SN57ZS82DT, SN57ZS82DT, SN55ES82KT)
K40: Seçili Ankastre fırın segmenti ve üzeri Set alımlarına “SN616X00DT” kodlu tam ankastre bulaşık makinesi perakende de %50 indirimli! | L40: ( HB557 ile başlayan tüm modeller ve HB778G3B1, HR776G3B1, HS736G1B2, HB776G1B1, HB734G1B1, HR232GEB3, HJ852GYN0T, HJ852GYB0T, HJ852GYW0T) ve (phase out iQ500 segment ve üzeri modeller) Ankastre fırınlarda geçerlidir. (HB011 ve giriş segment muadili modeller dahil değildir.)
L42: "HB557" Ankastre fırın segmenti ve daha üst segment fırınlar dahildir.
D44: Uygulama koşulları : Seçili premium ürünlerden 3'lü alımına ek bulaşık alan tüketicilere SN15EC00NT Bulaşık Makinesi perakende de 9.999 ₺! Diğer seçili bulaşıklarda perakende de 34.971 ₺ indirim uygulanmalıdır. KDV dahil 27.000 ₺ hak ediş ödenir. (Buzdolabı+Çamaşır+Bulaşık+Bulaşık)
L46: Uygulama koşulları : Seçili ankastre set (fırın+ocak+dav.) alımlarında “SN616X00DT” kodlu tam ankastre bulaşık makinesine perakende de %50 indirim uygulanır. Diğer ankastre bulaşık makinlerinde perakende de 19.230 ₺ indirim uygulanır. Giriş setlerde geçerli değildir. KDV dahil 13.000 ₺ hak ediş ödenir.
C51: XL - XXL Buzdolabı alana perakende de VSX21A300 Toz Torbasız Süpürge Hediye! “diğer kampanyalar ile birleşemez” | D51: XL veya XXL Buzdolabı alana perakende de VSX21A300 Toz Torbasız Süpürge Hediye verilir veya "Diğer Süpürgelerde perakende de 10.840 ₺ indirim uygulanır" (Dik şarjlı süpürgelerde dahildir.) 8.200 ₺ kdv dahil fiyat farkı hak edişi ödenecektir. “Diğer kampanyalar ile birleşemez” (Süpürge almak istemeyen tüketiciler için Buzdolaplarında indirim yapılabilir.)
K58: Seçili Ankastre fırın segmenti ve üzeri Set alımlarına “BF623LMS3” kodlu ankastre mikrodalga perakende de 1.990₺! | L58: ( HB557 ile başlayan tüm modeller ve HB778G3B1, HR776G3B1, HS736G1B2, HB776G1B1, HB734G1B1, HR232GEB3, HJ852GYN0T, HJ852GYB0T, HJ852GYW0T) ve (phase out iQ500 segment ve üzeri modeller) Ankastre fırınlarda geçerlidir. (HB011 ve giriş segment muadili modeller dahil değildir.)
L60: "HB557" Ankastre fırın segmenti ve daha üst segment fırınlar dahildir.
L64: Uygulama koşulları : Seçili ankastre set (fırın+ocak+dav.) alımlarında “BF623LMS3” kodlu ankastre mikrodalga perakende de 1.990₺. Diğer ankastre mikrodalgalarda da perakende de 15.620 ₺ indirim uygulanır. Giriş setlerde geçerli değildir. KDV dahil 13.000 ₺ hak ediş ödenir.

Sheet ÜRÜNLER
A1: Ürün No | B1: Ürün Adı | C1: Ürün Linki
A2: 50PUS8009/62 | B2: Philips 50" 4K Ambilight LED TV (Titan OS) (50PUS8009/62) | C2: https://www.philips.com.tr/c-p/50PUS8009_62/led-50pus8009-4k-ambilight-tv
A3: AS09IVW32N | B3: Siemens Ev Tipi Klima İç Ünite, 9.000BTU, Beyaz | C3: https://www.siemens-home.bsh-group.com/tr/tr/product/klimalar/AS09XVW32N
A4: AS09OVW32N | B4: Siemens Ev Tipi Klima Dış Ünite, 9.000BTU, Beyaz | C4: https://www.siemens-home.bsh-group.com/tr/tr/product/klimalar/AS09XVW32N
A5: AS12IVW30N | B5: Siemens Ev Tipi Klima İç Ünite, 12.000BTU, Beyaz | C5: https://www.siemens-home.bsh-group.com/tr/tr/product/klimalar/AS12XVW32N
A6: AS12IVW32N | B6: Siemens Ev Tipi Klima İç Ünite, 12.000BTU, Beyaz | C6: https://www.siemens-home.bsh-group.com/tr/tr/product/klimalar/AS12XVW32N
A7: AS12IXB32N | B7: Siemens Ev Tipi Klima İç Ünite, 12.000BTU, Siyah | C7: https://www.siemens-home.bsh-group.com/tr/tr/product/klimalar/AS12XXB32N
A8: AS12OVW30N | B8: Siemens Ev Tipi Klima Dış Ünite, 12.000BTU, Beyaz | C8: https://www.siemens-home.bsh-group.com/tr/tr/product/klimalar/AS12XVW32N
A9: AS12OVW32N | B9: Siemens Ev Tipi Klima Dış Ünite, 12.000BTU, Beyaz | C9: https://www.siemens-home.bsh-group.com/tr/tr/product/klimalar/AS12XVW32N
A10: AS12OXB32N | B10: Siemens Ev Tipi Klima Dış Ünite, 12.000BTU, Beyaz | C10: https://www.siemens-home.bsh-group.com/tr/tr/product/klimalar/AS12XXB32N
A11: AS18IVW30N | B11: Siemens Ev Tipi Klima İç Ünite, 18.000BTU, Beyaz | C11: https://www.siemens-home.bsh-group.com/tr/tr/product/klimalar/AS18XVW32N
A12: AS18IXB32N | B12: Siemens Ev Tipi Klima İç Ünite, 18.000BTU, Siyah | C12: https://www.siemens-home.bsh-group.com/tr/tr/product/klimalar/AS18XXB32N
... A550: WT47XK80TR | B550: iQ700 Isı Pompalı Kurutma Makinesi, 9kg, Beyaz | C550: https://www.siemens-home.bsh-group.com/tr/tr/product/prsiemensdryer/WT47XK80TR
