Workbook

Sheet Sayfa1
A1: STOK KODU | B1: AÇIKLAMA | C1: 17 AĞUSTOS HOROZ | D1: 17 AĞUSTOS STUDIOLINE HOROZ | E1: 17 AĞUSTOS YILDIZ DEPO | F1: CAM OFİS | G1: CAM OFİS TEŞHİR | H1: STUDIO LINE CEPA | I1: ANKAMALL | J1: CEPA | K1: OPTIMUM | L1: ONE TOWER | M1: PANORA | N1: TOPLAM STOK | O1: 7 AĞUSTOS BEKLEYEN | P1: PRİM HARİÇ ÜRÜN | Q1: AĞUSTOS TOPTAN | R1: HAVALE FİYATI | S1: TEK ÇEKİM FİYATI | T1: TAKSİTLİ FİYATI 3/6 TAKSİT | U1: AĞUSTOS BİP | V1: 30.09.2026 montaj zorunlu PHASE OUT | W1: Hakedişler LİSTE FİYATINDAN SATILIRSA geçerli olacak | X1: VARSA BİP KOŞULU | Y1: ONLINE FİYATI
A2: KA93NVL30N | B2: =IFERROR(HYPERLINK(VLOOKUP(A2,ÜRÜNLER!A:C,3,FALSE),VLOOKUP(A2,ÜRÜNLER!A:B,2,FALSE)),"") -> iQ300 Gardırop Tipi Buzdolabı, 90.8cm, Inox | J2: 1 | L2: 1 | N2: =M2+K2+L2+J2+I2+H2+G2+F2+E2+D2+C2 -> 2 | Q2: devamı yok | R2: 80000 | S2: 83200 | T2: 86400 | W2: 1000
A3: KF96RSBEA | B3: =IFERROR(HYPERLINK(VLOOKUP(A3,ÜRÜNLER!A:C,3,FALSE),VLOOKUP(A3,ÜRÜNLER!A:B,2,FALSE)),"") -> iQ700 Gardırop Tipi Buzdolabı, Cam Kapı, Alkol Çekmeceli, 90.5cm, Siyah | C3: 7 | F3: 1 | I3: 1 | J3: 1 | M3: 1 | N3: =M3+K3+L3+J3+I3+H3+G3+F3+E3+D3+C3 -> 11 | O3: 1 | Q3: 215784.17 | R3: 204994.96 | S3: 213194.76 | T3: 221394.56 | U3: 6594.3524
A4: KF96NAXEA | B4: =IFERROR(HYPERLINK(VLOOKUP(A4,ÜRÜNLER!A:C,3,FALSE),VLOOKUP(A4,ÜRÜNLER!A:B,2,FALSE)),"") -> iQ300 Gardırop Tipi Buzdolabı, 90.5cm, BlackSteel | C4: 1 | I4: 1 | J4: 1 | K4: 1 | L4: 2 | M4: 1 | N4: =M4+K4+L4+J4+I4+H4+G4+F4+E4+D4+C4 -> 7 | O4: 11 | Q4: 134806.51 | R4: 128066.18 | S4: 133188.83 | T4: 138311.48 | U4: 41230.118
A5: KF96NVPEA | B5: =IFERROR(HYPERLINK(VLOOKUP(A5,ÜRÜNLER!A:C,3,FALSE),VLOOKUP(A5,ÜRÜNLER!A:B,2,FALSE)),"") -> iQ300 Gardırop Tipi Buzdolabı, 90.5cm, Inox | C5: 32 | F5: 1 | I5: 1 | L5: 2 | N5: =M5+K5+L5+J5+I5+H5+G5+F5+E5+D5+C5 -> 36 | O5: 1 | Q5: 118087.27 | R5: 102600 | S5: 106704 | T5: 110808 | U5: 26517.502 | W5: 250
A6: KD43NNWE0N | B6: =IFERROR(HYPERLINK(VLOOKUP(A6,ÜRÜNLER!A:C,3,FALSE),VLOOKUP(A6,ÜRÜNLER!A:B,2,FALSE)),"") -> iQ100 Üstten Donduruculu Kulpsuz Buzdolabı, 70cm, Beyaz | C6: 2 | N6: =M6+K6+L6+J6+I6+H6+G6+F6+E6+D6+C6 -> 2 | P6: PRİM HARİÇ | Q6: 32404.704 | R6: 34024.939 | S6: 35385.936 | T6: 36746.934
A7: KD55NNWE0N | B7: =IFERROR(HYPERLINK(VLOOKUP(A7,ÜRÜNLER!A:C,3,FALSE),VLOOKUP(A7,ÜRÜNLER!A:B,2,FALSE)),"") -> iQ300 Üstten Donduruculu Kulpsuz Buzdolabı, 70cm, Beyaz | C7: 4 | F7: 1 | N7: =M7+K7+L7+J7+I7+H7+G7+F7+E7+D7+C7 -> 5 | P7: PRİM HARİÇ | Q7: 36619.942 | R7: 38450.939 | S7: 39988.977 | T7: 41527.015 | U7: 968.77953
A8: KD55NNLE0N | B8: =IFERROR(HYPERLINK(VLOOKUP(A8,ÜRÜNLER!A:C,3,FALSE),VLOOKUP(A8,ÜRÜNLER!A:B,2,FALSE)),"") -> iQ300 Üstten Donduruculu Kulpsuz Buzdolabı, 70cm, Inox Görünümlü | C8: 6 | N8: =M8+K8+L8+J8+I8+H8+G8+F8+E8+D8+C8 -> 6 | P8: PRİM HARİÇ | Q8: 43007.56 | R8: 45157.938 | S8: 46964.256 | T8: 48770.573 | U8: 5972.6766
A9: KD56NXWF1N | B9: =IFERROR(HYPERLINK(VLOOKUP(A9,ÜRÜNLER!A:C,3,FALSE),VLOOKUP(A9,ÜRÜNLER!A:B,2,FALSE)),"") -> iQ300 Üstten Donduruculu Kulpsuz Buzdolabı, 70cm, Beyaz | L9: 1 | N9: =M9+K9+L9+J9+I9+H9+G9+F9+E9+D9+C9 -> 1 | Q9: devamı yok | R9: 40000 | S9: 41600 | T9: 43200 | W9: 500
A10: KD76NAIE1N | B10: =IFERROR(HYPERLINK(VLOOKUP(A10,ÜRÜNLER!A:C,3,FALSE),VLOOKUP(A10,ÜRÜNLER!A:B,2,FALSE)),"") -> iQ500 Üstten Donduruculu Kulplu Buzdolabı, 75cm, Inox | C10: 12 | N10: =M10+K10+L10+J10+I10+H10+G10+F10+E10+D10+C10 -> 12 | Q10: 84535.625 | R10: 80308.843 | S10: 83521.197 | T10: 86733.551 | U10: 21128.648
A11: KD76NAWE1N | B11: =IFERROR(HYPERLINK(VLOOKUP(A11,ÜRÜNLER!A:C,3,FALSE),VLOOKUP(A11,ÜRÜNLER!A:B,2,FALSE)),"") -> iQ500 Üstten Donduruculu Kulplu Buzdolabı, 75cm, Beyaz | C11: 8 | N11: =M11+K11+L11+J11+I11+H11+G11+F11+E11+D11+C11 -> 8 | Q11: 62949.551 | R11: 59802.074 | S11: 62194.157 | T11: 64586.24 | U11: 6705.3654
A12: KD76NXIE1N | B12: =IFERROR(HYPERLINK(VLOOKUP(A12,ÜRÜNLER!A:C,3,FALSE),VLOOKUP(A12,ÜRÜNLER!A:B,2,FALSE)),"") -> iQ500 Üstten Donduruculu Kulpsuz Buzdolabı, 75cm, Inox | C12: 11 | N12: =M12+K12+L12+J12+I12+H12+G12+F12+E12+D12+C12 -> 11 | Q12: 70136.481 | R12: 66629.657 | S12: 69294.843 | T12: 71960.029 | U12: 11938.807
A13: KD76NXWE1N | B13: =IFERROR(HYPERLINK(VLOOKUP(A13,ÜRÜNLER!A:C,3,FALSE),VLOOKUP(A13,ÜRÜNLER!A:B,2,FALSE)),"") -> iQ300 Üstten Donduruculu, Kulpsuz Buzdolabı, 75cm, Beyaz | C13: 1 | I13: 1 | J13: 1 | M13: 1 | N13: =M13+K13+L13+J13+I13+H13+G13+F13+E13+D13+C13 -> 4 | O13: 6 | Q13: 64328.533 | R13: 61112.107 | S13: 63556.591 | T13: 66001.075 | U13: 16712.254
A14: KD76NXWE0N | B14: =IFERROR(HYPERLINK(VLOOKUP(A14,ÜRÜNLER!A:C,3,FALSE),VLOOKUP(A14,ÜRÜNLER!A:B,2,FALSE)),"") -> iQ300 Üstten Donduruculu Kulpsuz Buzdolabı, 75cm, Beyaz | L14: 1 | N14: =M14+K14+L14+J14+I14+H14+G14+F14+E14+D14+C14 -> 1 | Q14: devamı yok | R14: 55000 | S14: 57200 | T14: 59400 | W14: 500
A15: KD76NNWE0N | B15: =IFERROR(HYPERLINK(VLOOKUP(A15,ÜRÜNLER!A:C,3,FALSE),VLOOKUP(A15,ÜRÜNLER!A:B,2,FALSE)),"") -> iQ300 Üstten Donduruculu Kulpsuz Buzdolabı, 75cm, Beyaz | N15: =M15+K15+L15+J15+I15+H15+G15+F15+E15+D15+C15 -> 0 | O15: 3 | Q15: 56792.905 | R15: 56793 | S15: 59064.72 | T15: 61336.44
A16: KD86NAID1N | B16: =IFERROR(HYPERLINK(VLOOKUP(A16,ÜRÜNLER!A:C,3,FALSE),VLOOKUP(A16,ÜRÜNLER!A:B,2,FALSE)),"") -> iQ500 Üstten Donduruculu Kulplu Buzdolabı, 86cm, Inox | C16: 12 | E16: 1 | I16: 1 | J16: 1 | K16: 1 | N16: =M16+K16+L16+J16+I16+H16+G16+F16+E16+D16+C16 -> 16 | O16: 1 | Q16: 98053.757 | R16: 93151.069 | S16: 96877.112 | T16: 100603.16 | U16: 27646.781
A17: KD86NAWE1N | B17: =IFERROR(HYPERLINK(VLOOKUP(A17,ÜRÜNLER!A:C,3,FALSE),VLOOKUP(A17,ÜRÜNLER!A:B,2,FALSE)),"") -> iQ500 Üstten Donduruculu Kulplu Buzdolabı, 86cm, Beyaz | C17: 4 | N17: =M17+K17+L17+J17+I17+H17+G17+F17+E17+D17+C17 -> 4 | O17: 1 | Q17: 85320.531 | R17: 81054.504 | S17: 84296.684 | T17: 87538.864 | U17: 20122.856
A18: KD86NHID1N | B18: =IFERROR(HYPERLINK(VLOOKUP(A18,ÜRÜNLER!A:C,3,FALSE),VLOOKUP(A18,ÜRÜNLER!A:B,2,FALSE)),"") -> iQ500 Üstten Donduruculu Kulplu Buzdolabı, 86cm, Inox | L18: 1 | N18: =M18+K18+L18+J18+I18+H18+G18+F18+E18+D18+C18 -> 1 | Q18: devamı yok | R18: 55000 | S18: 57200 | T18: 59400 | W18: 500
A19: KG36NNLE0N | B19: =IFERROR(HYPERLINK(VLOOKUP(A19,ÜRÜNLER!A:C,3,FALSE),VLOOKUP(A19,ÜRÜNLER!A:B,2,FALSE)),"") -> iQ100 Alttan Donduruculu Kulpsuz Buzdolabı, 60cm, Inox | F19: 1 | N19: =M19+K19+L19+J19+I19+H19+G19+F19+E19+D19+C19 -> 1 | Q19: devamı yok | R19: 40000 | S19: 41600 | T19: 43200 | W19: 250
A20: KG55NCIE0N | B20: =IFERROR(HYPERLINK(VLOOKUP(A20,ÜRÜNLER!A:C,3,FALSE),VLOOKUP(A20,ÜRÜNLER!A:B,2,FALSE)),"") -> iQ300 Alttan Donduruculu Kulpsuz Buzdolabı, 70cm, Inox | C20: 84 | E20: 4 | I20: 1 | J20: 1 | L20: 1 | M20: 1 | N20: =M20+K20+L20+J20+I20+H20+G20+F20+E20+D20+C20 -> 92 | O20: 3 | Q20: 65373.711 | R20: 65373.711 | S20: 67988.659 | T20: 70603.608 | U20: 16210.92 | Y20: 54300
A21: KG55NCWE0N | B21: =IFERROR(HYPERLINK(VLOOKUP(A21,ÜRÜNLER!A:C,3,FALSE),VLOOKUP(A21,ÜRÜNLER!A:B,2,FALSE)),"") -> iQ300 Alttan Donduruculu Kulpsuz Buzdolabı, 70cm, Beyaz | C21: 83 | I21: 1 | K21: 1 | L21: 2 | N21: =M21+K21+L21+J21+I21+H21+G21+F21+E21+D21+C21 -> 87 | O21: 5 | Q21: 60461.405 | R21: 60461.405 | S21: 62879.861 | T21: 65298.317 | U21: 11705.591 | Y21: 53800
A22: KG55NVIE0N | B22: =IFERROR(HYPERLINK(VLOOKUP(A22,ÜRÜNLER!A:C,3,FALSE),VLOOKUP(A22,ÜRÜNLER!A:B,2,FALSE)),"") -> iQ300 Alttan Donduruculu Kulpsuz Buzdolabı, 70cm, Inox | C22: 6 | E22: 1 | L22: 1 | N22: =M22+K22+L22+J22+I22+H22+G22+F22+E22+D22+C22 -> 8 | Q22: devamı yok | R22: 50000 | S22: 52000 | T22: 54000 | U22: 8118.2663
A23: KG55NVWE0N | B23: =IFERROR(HYPERLINK(VLOOKUP(A23,ÜRÜNLER!A:C,3,FALSE),VLOOKUP(A23,ÜRÜNLER!A:B,2,FALSE)),"") -> iQ300 Alttan Donduruculu Kulpsuz Buzdolabı, 70cm, Beyaz | E23: 1 | I23: 1 | L23: 1 | N23: =M23+K23+L23+J23+I23+H23+G23+F23+E23+D23+C23 -> 3 | Q23: devamı yok | R23: 44000 | S23: 45760 | T23: 47520 | U23: 6729.5716 | W23: 500
A24: KG56NLBE0N | B24: =IFERROR(HYPERLINK(VLOOKUP(A24,ÜRÜNLER!A:C,3,FALSE),VLOOKUP(A24,ÜRÜNLER!A:B,2,FALSE)),"") -> iQ500 Alttan Donduruculu Kulpsuz Buzdolabı, 70cm, Parlak Siyah | F24: 1 | I24: 2 | J24: 1 | K24: 1 | M24: 2 | N24: =M24+K24+L24+J24+I24+H24+G24+F24+E24+D24+C24 -> 7 | O24: 11 | Q24: 59227.138 | R24: 56265.782 | S24: 58516.413 | T24: 60767.044
A25: KG56NQWF0N | B25: =IFERROR(HYPERLINK(VLOOKUP(A25,ÜRÜNLER!A:C,3,FALSE),VLOOKUP(A25,ÜRÜNLER!A:B,2,FALSE)),"") -> iQ500 Alttan Donduruculu Kulpsuz Buzdolabı, 70cm, Seramik Desen | J25: 1 | N25: =M25+K25+L25+J25+I25+H25+G25+F25+E25+D25+C25 -> 1 | Q25: devamı yok | R25: 48000 | S25: 49920 | T25: 51840 | W25: 500
A26: KG56NTEE0N | B26: =IFERROR(HYPERLINK(VLOOKUP(A26,ÜRÜNLER!A:C,3,FALSE),VLOOKUP(A26,ÜRÜNLER!A:B,2,FALSE)),"") -> iQ500 Alttan Donduruculu Kulpsuz Buzdolabı, 70cm, Mat Siyah | F26: 1 | N26: =M26+K26+L26+J26+I26+H26+G26+F26+E26+D26+C26 -> 1 | Q26: devamı yok | R26: 48000 | S26: 49920 | T26: 51840 | W26: 500
A27: KG56NTWE0N | B27: =IFERROR(HYPERLINK(VLOOKUP(A27,ÜRÜNLER!A:C,3,FALSE),VLOOKUP(A27,ÜRÜNLER!A:B,2,FALSE)),"") -> iQ500 Alttan Donduruculu Kulpsuz Buzdolabı, 70cm, Seramik Desen | L27: 1 | N27: =M27+K27+L27+J27+I27+H27+G27+F27+E27+D27+C27 -> 1 | Q27: devamı yok | R27: 48000 | S27: 49920 | T27: 51840 | W27: 500
A28: KG56NNWD0N | B28: =IFERROR(HYPERLINK(VLOOKUP(A28,ÜRÜNLER!A:C,3,FALSE),VLOOKUP(A28,ÜRÜNLER!A:B,2,FALSE)),"") -> iQ100 Alttan Donduruculu Kulpsuz Buzdolabı, 70cm, Beyaz (Wi-Fi) | C28: 32 | N28: =M28+K28+L28+J28+I28+H28+G28+F28+E28+D28+C28 -> 32 | O28: 21 | Q28: 41395.9 | R28: 39326.105 | S28: 40899.149 | T28: 42472.193
A29: KG56NVPD0N | B29: =IFERROR(HYPERLINK(VLOOKUP(A29,ÜRÜNLER!A:C,3,FALSE),VLOOKUP(A29,ÜRÜNLER!A:B,2,FALSE)),"") -> iQ300 Alttan Donduruculu Kulpsuz Buzdolabı, 70cm, Inox (Wi-Fi) | C29: 35 | I29: 1 | N29: =M29+K29+L29+J29+I29+H29+G29+F29+E29+D29+C29 -> 36 | O29: 24 | Q29: 49000.063 | R29: 46550.06 | S29: 48412.062 | T29: 50274.065 | U29: 325.64437
A30: KG56NVWD0N | B30: =IFERROR(HYPERLINK(VLOOKUP(A30,ÜRÜNLER!A:C,3,FALSE),VLOOKUP(A30,ÜRÜNLER!A:B,2,FALSE)),"") -> iQ300 Alttan Donduruculu Kulpsuz Buzdolabı, 70cm, Beyaz (Wi-Fi) | C30: 33 | N30: =M30+K30+L30+J30+I30+H30+G30+F30+E30+D30+C30 -> 33 | O30: 21 | Q30: 45360.936 | R30: 43092.89 | S30: 44816.605 | T30: 46540.321
A31: KG56NCID0N | B31: =IFERROR(HYPERLINK(VLOOKUP(A31,ÜRÜNLER!A:C,3,FALSE),VLOOKUP(A31,ÜRÜNLER!A:B,2,FALSE)),"") -> iQ300 Alttan Donduruculu Kulpsuz Buzdolabı, 70cm, Inox (Wi-Fi) | N31: =M31+K31+L31+J31+I31+H31+G31+F31+E31+D31+C31 -> 0 | O31: 5 | Q31: 60254.001 | R31: 60254.001 | S31: 62664.161 | T31: 65074.321
A32: KG56NCWD0N | B32: =IFERROR(HYPERLINK(VLOOKUP(A32,ÜRÜNLER!A:C,3,FALSE),VLOOKUP(A32,ÜRÜNLER!A:B,2,FALSE)),"") -> iQ300 Alttan Donduruculu Kulpsuz Buzdolabı, 70cm, Beyaz (Wi-Fi) | N32: =M32+K32+L32+J32+I32+H32+G32+F32+E32+D32+C32 -> 0 | O32: 5 | Q32: 55360.41 | R32: 55360.41 | S32: 57574.827 | T32: 59789.243
A33: KG56NCXD0N | B33: =IFERROR(HYPERLINK(VLOOKUP(A33,ÜRÜNLER!A:C,3,FALSE),VLOOKUP(A33,ÜRÜNLER!A:B,2,FALSE)),"") -> iQ300 Alttan Donduruculu Kulpsuz Buzdolabı, 70cm, Black Inox (Wi-Fi) | N33: =M33+K33+L33+J33+I33+H33+G33+F33+E33+D33+C33 -> 0 | O33: 5 | Q33: 63899.365 | R33: 63899.365 | S33: 66455.34 | T33: 69011.315
A34: KG76APIE0N | B34: =IFERROR(HYPERLINK(VLOOKUP(A34,ÜRÜNLER!A:C,3,FALSE),VLOOKUP(A34,ÜRÜNLER!A:B,2,FALSE)),"") -> iQ700 Alttan Donduruculu Kulplu Buzdolabı, 75cm, Inox | C34: 14 | N34: =M34+K34+L34+J34+I34+H34+G34+F34+E34+D34+C34 -> 14 | Q34: 84646.164 | R34: 80413.856 | S34: 83630.41 | T34: 86846.965 | U34: 9762.4435
A35: KG76NCIE0N | B35: =IFERROR(HYPERLINK(VLOOKUP(A35,ÜRÜNLER!A:C,3,FALSE),VLOOKUP(A35,ÜRÜNLER!A:B,2,FALSE)),"") -> iQ500 Alttan Donduruculu Kulplu Buzdolabı, 75cm, Inox | C35: 1 | F35: 2 | I35: 1 | J35: 1 | K35: 1 | L35: 3 | M35: 1 | N35: =M35+K35+L35+J35+I35+H35+G35+F35+E35+D35+C35 -> 10 | O35: 21 | Q35: 89337.569 | R35: 84870.691 | S35: 88265.519 | T35: 91660.346 | U35: 26744.546
A36: KG76NCWE0N | B36: =IFERROR(HYPERLINK(VLOOKUP(A36,ÜRÜNLER!A:C,3,FALSE),VLOOKUP(A36,ÜRÜNLER!A:B,2,FALSE)),"") -> iQ500 Alttan Donduruculu Kulplu Buzdolabı, 75cm, Beyaz | C36: 41 | I36: 1 | L36: 1 | N36: =M36+K36+L36+J36+I36+H36+G36+F36+E36+D36+C36 -> 43 | O36: 1 | Q36: 80897.296 | R36: 75234.485 | S36: 78243.865 | T36: 81253.244 | U36: 18955.435
A37: KG76NCXE0N | B37: =IFERROR(HYPERLINK(VLOOKUP(A37,ÜRÜNLER!A:C,3,FALSE),VLOOKUP(A37,ÜRÜNLER!A:B,2,FALSE)),"") -> iQ500 Alttan Donduruculu Kulpsuz Buzdolabı, 75cm, darkSteel | C37: 11 | I37: 1 | J37: 1 | M37: 1 | N37: =M37+K37+L37+J37+I37+H37+G37+F37+E37+D37+C37 -> 14 | O37: 119 | Q37: 99433.9 | R37: 94462.205 | S37: 98240.693 | T37: 102019.18 | U37: 30980.412
A38: KG76NVIE0N | B38: =IFERROR(HYPERLINK(VLOOKUP(A38,ÜRÜNLER!A:C,3,FALSE),VLOOKUP(A38,ÜRÜNLER!A:B,2,FALSE)),"") -> iQ300 Alttan Donduruculu Kulpsuz Buzdolabı, 75cm, Inox | C38: 37 | G38: 1 | I38: 1 | L38: 2 | N38: =M38+K38+L38+J38+I38+H38+G38+F38+E38+D38+C38 -> 41 | O38: 1 | Q38: 80743.426 | R38: 75091.386 | S38: 78095.042 | T38: 81098.697 | U38: 19696.914
A39: KG76NVWE0N | B39: =IFERROR(HYPERLINK(VLOOKUP(A39,ÜRÜNLER!A:C,3,FALSE),VLOOKUP(A39,ÜRÜNLER!A:B,2,FALSE)),"") -> iQ300 Alttan Donduruculu Kulpsuz Buzdolabı, 75cm, Beyaz | C39: 32 | I39: 1 | J39: 1 | M39: 1 | N39: =M39+K39+L39+J39+I39+H39+G39+F39+E39+D39+C39 -> 35 | O39: 1 | Q39: 72507.334 | R39: 68881.968 | S39: 71637.246 | T39: 74392.525 | U39: 20821.288
A40: KG76PAIC0N | B40: =IFERROR(HYPERLINK(VLOOKUP(A40,ÜRÜNLER!A:C,3,FALSE),VLOOKUP(A40,ÜRÜNLER!A:B,2,FALSE)),"") -> iQ700 Alttan Donduruculu Kulplu Buzdolabı, 75cm, Inox | C40: 47 | E40: 2 | F40: 1 | I40: 1 | J40: 1 | M40: 1 | N40: =M40+K40+L40+J40+I40+H40+G40+F40+E40+D40+C40 -> 53 | O40: 1 | Q40: 93563.754 | R40: 88885.567 | S40: 92440.989 | T40: 95996.412 | U40: 18924.219
A41: KG76PAWC0N | B41: =IFERROR(HYPERLINK(VLOOKUP(A41,ÜRÜNLER!A:C,3,FALSE),VLOOKUP(A41,ÜRÜNLER!A:B,2,FALSE)),"") -> iQ700 Alttan Donduruculu Kulplu Buzdolabı, 75cm, Beyaz | C41: 32 | E41: 1 | I41: 1 | K41: 1 | L41: 3 | N41: =M41+K41+L41+J41+I41+H41+G41+F41+E41+D41+C41 -> 38 | O41: 1 | Q41: 85858.484 | R41: 79848.39 | S41: 83042.326 | T41: 86236.261 | U41: 16428.251
A42: KG86NAID2N | B42: =IFERROR(HYPERLINK(VLOOKUP(A42,ÜRÜNLER!A:C,3,FALSE),VLOOKUP(A42,ÜRÜNLER!A:B,2,FALSE)),"") -> iQ500 Alttan Donduruculu Kulplu Buzdolabı, 86cm, Inox | C42: 121 | E42: 1 | F42: 2 | I42: 1 | J42: 1 | K42: 1 | L42: 1 | M42: 1 | N42: =M42+K42+L42+J42+I42+H42+G42+F42+E42+D42+C42 -> 129 | O42: 1 | Q42: 104311.67 | R42: 97009.857 | S42: 100890.25 | T42: 104770.65 | U42: 37486.092
A43: KG86NCWE0N | B43: =IFERROR(HYPERLINK(VLOOKUP(A43,ÜRÜNLER!A:C,3,FALSE),VLOOKUP(A43,ÜRÜNLER!A:B,2,FALSE)),"") -> iQ500 Alttan Donduruculu Kulplu Buzdolabı, 86cm, Beyaz | C43: 11 | F43: 1 | I43: 1 | K43: 1 | N43: =M43+K43+L43+J43+I43+H43+G43+F43+E43+D43+C43 -> 14 | O43: 1 | Q43: 89598.547 | R43: 85118.62 | S43: 88523.365 | T43: 91928.11 | U43: 26272.966
A44: KG86NVWE0N | B44: =IFERROR(HYPERLINK(VLOOKUP(A44,ÜRÜNLER!A:C,3,FALSE),VLOOKUP(A44,ÜRÜNLER!A:B,2,FALSE)),"") -> iQ500 Alttan Donduruculu Kulpsuz Buzdolabı, 86cm, Beyaz | C44: 42 | F44: 1 | J44: 1 | N44: =M44+K44+L44+J44+I44+H44+G44+F44+E44+D44+C44 -> 44 | O44: 1 | Q44: 79438.433 | R44: 75466.511 | S44: 78485.172 | T44: 81503.832 | U44: 18147.735
A45: KG86PAXB0N | B45: =IFERROR(HYPERLINK(VLOOKUP(A45,ÜRÜNLER!A:C,3,FALSE),VLOOKUP(A45,ÜRÜNLER!A:B,2,FALSE)),"") -> iQ700 Alttan Donduruculu Kulpsuz Buzdolabı, 86cm, darkSteel | C45: 43 | F45: 1 | I45: 1 | M45: 1 | N45: =M45+K45+L45+J45+I45+H45+G45+F45+E45+D45+C45 -> 46 | O45: 21 | Q45: 119402.3 | R45: 113432.19 | S45: 117969.48 | T45: 122506.76 | U45: 36053.468
A46: KG86PAIC0N | B46: =IFERROR(HYPERLINK(VLOOKUP(A46,ÜRÜNLER!A:C,3,FALSE),VLOOKUP(A46,ÜRÜNLER!A:B,2,FALSE)),"") -> iQ700 Alttan Donduruculu Kulplu Buzdolabı, 86cm, Inox | C46: 2 | N46: =M46+K46+L46+J46+I46+H46+G46+F46+E46+D46+C46 -> 2 | Q46: devamı yok | R46: 80000 | S46: 83200 | T46: 86400
A47: KG86PFIC0N | B47: =IFERROR(HYPERLINK(VLOOKUP(A47,ÜRÜNLER!A:C,3,FALSE),VLOOKUP(A47,ÜRÜNLER!A:B,2,FALSE)),"") -> iQ700 Alttan Donduruculu Kulplu Buzdolabı, 86cm, Inox | C47: 146 | F47: 4 | I47: 1 | K47: 1 | L47: 1 | M47: 1 | N47: =M47+K47+L47+J47+I47+H47+G47+F47+E47+D47+C47 -> 154 | O47: 1 | Q47: 113812.03 | R47: 105845.19 | S47: 110078.99 | T47: 114312.8 | U47: 36323.656
A48: KG86PFWC0N | B48: =IFERROR(HYPERLINK(VLOOKUP(A48,ÜRÜNLER!A:C,3,FALSE),VLOOKUP(A48,ÜRÜNLER!A:B,2,FALSE)),"") -> iQ700 Alttan Donduruculu Kulplu Buzdolabı, 86cm, Beyaz | C48: 60 | F48: 1 | I48: 1 | J48: 1 | N48: =M48+K48+L48+J48+I48+H48+G48+F48+E48+D48+C48 -> 63 | O48: 1 | Q48: 102827.96 | R48: 95630 | S48: 99455.2 | T48: 103280.4 | U48: 31688.422
A49: DONDURUCU | B49: =IFERROR(HYPERLINK(VLOOKUP(A49,ÜRÜNLER!A:C,3,FALSE),VLOOKUP(A49,ÜRÜNLER!A:B,2,FALSE)),"") | N49: =SUM(N2:N48) -> 1129 | O49: =SUM(O2:O48) -> 295
A50: GS24VVWE0N | B50: =IFERROR(HYPERLINK(VLOOKUP(A50,ÜRÜNLER!A:C,3,FALSE),VLOOKUP(A50,ÜRÜNLER!A:B,2,FALSE)),"") -> iQ300 Derin Dondurucu, 146x60cm, Statik, Beyaz | C50: 96 | F50: 1 | N50: =M50+K50+L50+J50+I50+H50+G50+F50+E50+D50+C50 -> 97 | P50: PRİM HARİÇ | Q50: 24592.565 | R50: 23000 | S50: 23920 | T50: 24840
A51: GS24VVWF0N | B51: =IFERROR(HYPERLINK(VLOOKUP(A51,ÜRÜNLER!A:C,3,FALSE),VLOOKUP(A51,ÜRÜNLER!A:B,2,FALSE)),"") -> iQ300 Derin Dondurucu, 146x60cm, Statik, Beyaz | E51: 1 | L51: 1 | N51: =M51+K51+L51+J51+I51+H51+G51+F51+E51+D51+C51 -> 2 | P51: PRİM HARİÇ | Q51: devamı yok | R51: 20000 | S51: 20800 | T51: 21600 | W51: 500
A52: GS29NVWE0N | B52: =IFERROR(HYPERLINK(VLOOKUP(A52,ÜRÜNLER!A:C,3,FALSE),VLOOKUP(A52,ÜRÜNLER!A:B,2,FALSE)),"") -> iQ300 Derin Dondurucu, 161x60cm, No-Frost, Beyaz | C52: 14 | N52: =M52+K52+L52+J52+I52+H52+G52+F52+E52+D52+C52 -> 14 | P52: PRİM HARİÇ | Q52: 37824.325 | R52: 39715.541 | S52: 41304.163 | T52: 42892.785 | Y52: 41200
A53: GS29VVWE0N | B53: =IFERROR(HYPERLINK(VLOOKUP(A53,ÜRÜNLER!A:C,3,FALSE),VLOOKUP(A53,ÜRÜNLER!A:B,2,FALSE)),"") -> iQ300 Derin Dondurucu, 161x60cm, Statik, Beyaz | C53: 107 | F53: 2 | I53: 1 | K53: 1 | N53: =M53+K53+L53+J53+I53+H53+G53+F53+E53+D53+C53 -> 111 | P53: PRİM HARİÇ | Q53: 25437.803 | R53: 26709.694 | S53: 27778.081 | T53: 28846.469 | Y53: 28200
A54: GS33VVIE0N | B54: =IFERROR(HYPERLINK(VLOOKUP(A54,ÜRÜNLER!A:C,3,FALSE),VLOOKUP(A54,ÜRÜNLER!A:B,2,FALSE)),"") -> iQ300 Derin Dondurucu, 176x60cm, Statik, Inox | C54: 97 | E54: 2 | F54: 5 | I54: 1 | L54: 1 | M54: 1 | N54: =M54+K54+L54+J54+I54+H54+G54+F54+E54+D54+C54 -> 107 | P54: PRİM HARİÇ | Q54: 31580.843 | R54: 33159.885 | S54: 34486.28 | T54: 35812.676 | Y54: 35100
A55: GS33VVWE0N | B55: =IFERROR(HYPERLINK(VLOOKUP(A55,ÜRÜNLER!A:C,3,FALSE),VLOOKUP(A55,ÜRÜNLER!A:B,2,FALSE)),"") -> iQ300 Derin Dondurucu, 176x60cm, Statik, Beyaz | C55: 117 | E55: 5 | F55: 1 | I55: 1 | J55: 1 | N55: =M55+K55+L55+J55+I55+H55+G55+F55+E55+D55+C55 -> 125 | P55: PRİM HARİÇ | Q55: 28432.702 | R55: 29854.337 | S55: 31048.511 | T55: 32242.684 | Y55: 31600
A56: GS36NVIEP | B56: =IFERROR(HYPERLINK(VLOOKUP(A56,ÜRÜNLER!A:C,3,FALSE),VLOOKUP(A56,ÜRÜNLER!A:B,2,FALSE)),"") -> iQ300 Derin Dondurucu, 186x60cm, No-Frost, Inox | C56: 12 | N56: =M56+K56+L56+J56+I56+H56+G56+F56+E56+D56+C56 -> 12 | P56: PRİM HARİÇ | Q56: 34578.683 | R56: 36307.617 | S56: 37759.922 | T56: 39212.226 | Y56: 38800
A57: GS36NVIE0N | B57: =IFERROR(HYPERLINK(VLOOKUP(A57,ÜRÜNLER!A:C,3,FALSE),VLOOKUP(A57,ÜRÜNLER!A:B,2,FALSE)),"") -> iQ300 Derin Dondurucu, 186x60cm, No-Frost Inox | F57: 1 | N57: =M57+K57+L57+J57+I57+H57+G57+F57+E57+D57+C57 -> 1 | P57: PRİM HARİÇ | Q57: devamı yok | R57: 37000 | S57: 38480 | T57: 39960 | W57: 500
A58: GS36NVWF0N | B58: =IFERROR(HYPERLINK(VLOOKUP(A58,ÜRÜNLER!A:C,3,FALSE),VLOOKUP(A58,ÜRÜNLER!A:B,2,FALSE)),"") -> iQ300 Derin Dondurucu, 186x60cm, No-Frost, Beyaz | L58: 1 | N58: =M58+K58+L58+J58+I58+H58+G58+F58+E58+D58+C58 -> 1 | P58: PRİM HARİÇ | Q58: devamı yok | R58: 30000 | S58: 31200 | T58: 32400 | W58: 500
A59: GS54NVWE0N | B59: =IFERROR(HYPERLINK(VLOOKUP(A59,ÜRÜNLER!A:C,3,FALSE),VLOOKUP(A59,ÜRÜNLER!A:B,2,FALSE)),"") -> iQ300 Derin Dondurucu, 176x70cm, No-Frost, Beyaz | C59: 75 | E59: 3 | F59: 1 | N59: =M59+K59+L59+J59+I59+H59+G59+F59+E59+D59+C59 -> 79 | P59: PRİM HARİÇ | Q59: 41328.219 | R59: 43394.63 | S59: 45130.416 | T59: 46866.201 | Y59: 45100
A60: A.DOLAP | B60: =IFERROR(HYPERLINK(VLOOKUP(A60,ÜRÜNLER!A:C,3,FALSE),VLOOKUP(A60,ÜRÜNLER!A:B,2,FALSE)),"") | N60: =SUM(N50:N59) -> 549
A61: CI24WP03 | B61: =IFERROR(HYPERLINK(VLOOKUP(A61,ÜRÜNLER!A:C,3,FALSE),VLOOKUP(A61,ÜRÜNLER!A:B,2,FALSE)),"") -> iQ700 studioLine Ankastre Şarap Soğutucu, 212.5x60.3cm | D61: 4 | H61: 1 | N61: =M61+K61+L61+J61+I61+H61+G61+F61+E61+D61+C61 -> 5 | Q61: 320728.46 | R61: 288655.61 | S61: 300201.84 | T61: 311748.06 | W61: 250
A62: CI30BP02 | B62: =IFERROR(HYPERLINK(VLOOKUP(A62,ÜRÜNLER!A:C,3,FALSE),VLOOKUP(A62,ÜRÜNLER!A:B,2,FALSE)),"") -> iQ700 studioLine Alttan Donduruculu Ankastre Buzdolabı, 212.5x75.6cm, Düz Menteşe | D62: 2 | H62: 1 | N62: =M62+K62+L62+J62+I62+H62+G62+F62+E62+D62+C62 -> 3 | Q62: devamı yok | R62: 350000 | S62: 364000 | T62: 378000 | W62: 250
A63: CI30RP02 | B63: =IFERROR(HYPERLINK(VLOOKUP(A63,ÜRÜNLER!A:C,3,FALSE),VLOOKUP(A63,ÜRÜNLER!A:B,2,FALSE)),"") -> iQ700 studioLine Ankastre Buzdolabı, 212.5x75.6cm, Düz Menteşe | D63: 5 | G63: 1 | J63: 1 | N63: =M63+K63+L63+J63+I63+H63+G63+F63+E63+D63+C63 -> 7 | Q63: devamı yok | R63: 375000 | S63: 390000 | T63: 405000 | W63: 250
A64: CI36TP02 | B64: =IFERROR(HYPERLINK(VLOOKUP(A64,ÜRÜNLER!A:C,3,FALSE),VLOOKUP(A64,ÜRÜNLER!A:B,2,FALSE)),"") -> iQ700 Alttan Donduruculu Ankastre Buzdolabı, 212.5x90.8cm, Düz Menteşe | E64: 1 | H64: 1 | L64: 1 | N64: =M64+K64+L64+J64+I64+H64+G64+F64+E64+D64+C64 -> 3 | Q64: devamı yok | R64: 300000 | S64: 312000 | T64: 324000 | W64: 1000
A65: FI24NP32 | B65: =IFERROR(HYPERLINK(VLOOKUP(A65,ÜRÜNLER!A:C,3,FALSE),VLOOKUP(A65,ÜRÜNLER!A:B,2,FALSE)),"") -> iQ700 Ankastre Derin Dondurucu, 212.5x60.3cm, Düz Menteşe | F65: 1 | J65: 1 | L65: 1 | N65: =M65+K65+L65+J65+I65+H65+G65+F65+E65+D65+C65 -> 3 | Q65: devamı yok | R65: 250000 | S65: 260000 | T65: 270000 | W65: 1000
A66: FI24NP33 | B66: =IFERROR(HYPERLINK(VLOOKUP(A66,ÜRÜNLER!A:C,3,FALSE),VLOOKUP(A66,ÜRÜNLER!A:B,2,FALSE)),"") -> iQ700 Ankastre Derin Dondurucu, 212.5x60.3cm, Düz Menteşe | C66: 1 | N66: =M66+K66+L66+J66+I66+H66+G66+F66+E66+D66+C66 -> 1 | Q66: 323156.5 | R66: 306998.68 | S66: 319278.62 | T66: 331558.57
A67: KU21RADE0 | B67: =IFERROR(HYPERLINK(VLOOKUP(A67,ÜRÜNLER!A:C,3,FALSE),VLOOKUP(A67,ÜRÜNLER!A:B,2,FALSE)),"") -> iQ500 Tezgah Altı Ankastre Buzdolabı, 82x59.8cm, softClosing Düz Menteşe | N67: =M67+K67+L67+J67+I67+H67+G67+F67+E67+D67+C67 -> 0 | O67: 3 | Q67: 66893.158 | R67: 63548.5 | S67: 66090.44 | T67: 68632.38
A68: KU21WAHG0 | B68: =IFERROR(HYPERLINK(VLOOKUP(A68,ÜRÜNLER!A:C,3,FALSE),VLOOKUP(A68,ÜRÜNLER!A:B,2,FALSE)),"") -> iQ500 Ankastre Şarap Soğutucu, 81.8x59.8cm | J68: 1 | M68: 1 | N68: =M68+K68+L68+J68+I68+H68+G68+F68+E68+D68+C68 -> 2 | O68: 3 | Q68: 98571.074 | R68: 93642.52 | S68: 97388.221 | T68: 101133.92
A69: KI82LADD0 | B69: =IFERROR(HYPERLINK(VLOOKUP(A69,ÜRÜNLER!A:C,3,FALSE),VLOOKUP(A69,ÜRÜNLER!A:B,2,FALSE)),"") -> iQ500 Derin Donduruculu Ankastre Buzdolabı, 177.2x55.8cm, softClosing Düz Menteşe | C69: 11 | F69: 1 | N69: =M69+K69+L69+J69+I69+H69+G69+F69+E69+D69+C69 -> 12 | Q69: 95992.544 | R69: 91192.917 | S69: 94840.633 | T69: 98488.35
A70: KI86NHDF0 | B70: =IFERROR(HYPERLINK(VLOOKUP(A70,ÜRÜNLER!A:C,3,FALSE),VLOOKUP(A70,ÜRÜNLER!A:B,2,FALSE)),"") -> iQ500 Alttan Donduruculu Ankastre Buzdolabı, 177.2x55.8cm, softClosing Düz Menteşe | G70: 1 | N70: =M70+K70+L70+J70+I70+H70+G70+F70+E70+D70+C70 -> 1 | Q70: devamı yok | R70: 75000 | S70: 78000 | T70: 81000 | W70: 1000
A71: KI87SAFE0N | B71: =IFERROR(HYPERLINK(VLOOKUP(A71,ÜRÜNLER!A:C,3,FALSE),VLOOKUP(A71,ÜRÜNLER!A:B,2,FALSE)),"") -> iQ500 Alttan Donduruculu Ankastre Buzdolabı, 177.2x55.8cm, Düz Menteşe | C71: 3 | E71: 2 | J71: 1 | L71: 1 | N71: =M71+K71+L71+J71+I71+H71+G71+F71+E71+D71+C71 -> 7 | Q71: 97354.167 | R71: 92486.459 | S71: 96185.917 | T71: 99885.376
A72: KB96NADD1 | B72: =IFERROR(HYPERLINK(VLOOKUP(A72,ÜRÜNLER!A:C,3,FALSE),VLOOKUP(A72,ÜRÜNLER!A:B,2,FALSE)),"") -> iQ500 Alttan Donduruculu Ankastre Buzdolabı, 193.5x70.8cm, softClosing Düz Menteşe | N72: =M72+K72+L72+J72+I72+H72+G72+F72+E72+D72+C72 -> 0 | O72: 4 | Q72: 115104 | R72: 109348.8 | S72: 113722.75 | T72: 118096.7
A73: KB96NADD0 | B73: =IFERROR(HYPERLINK(VLOOKUP(A73,ÜRÜNLER!A:C,3,FALSE),VLOOKUP(A73,ÜRÜNLER!A:B,2,FALSE)),"") -> iQ500 Alttan Donduruculu Ankastre Buzdolabı, 193.5x70.8cm, softClosing Düz Menteşe | C73: 2 | N73: =M73+K73+L73+J73+I73+H73+G73+F73+E73+D73+C73 -> 2 | O73: 1 | Q73: 115104.07 | R73: 109348.87 | S73: 113722.82 | T73: 118096.78
A74: KB96NSDD0 | B74: =IFERROR(HYPERLINK(VLOOKUP(A74,ÜRÜNLER!A:C,3,FALSE),VLOOKUP(A74,ÜRÜNLER!A:B,2,FALSE)),"") -> iQ500 studioLine Alttan Donduruculu Ankastre Buzdolabı, 193.5x70.8cm, Düz Menteşe | D74: 12 | N74: =M74+K74+L74+J74+I74+H74+G74+F74+E74+D74+C74 -> 12 | Q74: 140478.02 | R74: 126430.22 | S74: 131487.42 | T74: 136544.63 | W74: 500
A75: ÇAMAŞIR MAKİNASI | B75: =IFERROR(HYPERLINK(VLOOKUP(A75,ÜRÜNLER!A:C,3,FALSE),VLOOKUP(A75,ÜRÜNLER!A:B,2,FALSE)),"") | N75: =SUM(N61:N74) -> 58
A76: WG42A2X3TR | B76: =IFERROR(HYPERLINK(VLOOKUP(A76,ÜRÜNLER!A:C,3,FALSE),VLOOKUP(A76,ÜRÜNLER!A:B,2,FALSE)),"") -> iQ300 Çamaşır Makinesi, 9kg/1200devir, Beyaz | C76: 88 | F76: 3 | I76: 1 | J76: 2 | K76: 1 | M76: 1 | N76: =M76+K76+L76+J76+I76+H76+G76+F76+E76+D76+C76 -> 96 | O76: 1 | Q76: 33951.072 | R76: 32253.518 | S76: 33543.659 | T76: 34833.8 | U76: 2206.8859
A77: WG42K2Z0TR | B77: =IFERROR(HYPERLINK(VLOOKUP(A77,ÜRÜNLER!A:C,3,FALSE),VLOOKUP(A77,ÜRÜNLER!A:B,2,FALSE)),"") -> iQ500 Çamaşır Makinesi, 9kg/1200devir, Beyaz | C77: 34 | I77: 1 | L77: 1 | N77: =M77+K77+L77+J77+I77+H77+G77+F77+E77+D77+C77 -> 36 | O77: 1 | Q77: 41235.905 | R77: 38349.391 | S77: 39883.367 | T77: 41417.343
A78: WG42K2ZXTR | B78: =IFERROR(HYPERLINK(VLOOKUP(A78,ÜRÜNLER!A:C,3,FALSE),VLOOKUP(A78,ÜRÜNLER!A:B,2,FALSE)),"") -> iQ500 Çamaşır Makinesi, 9kg/1200devir, Gümüş | C78: 67 | I78: 1 | J78: 1 | K78: 1 | M78: 1 | N78: =M78+K78+L78+J78+I78+H78+G78+F78+E78+D78+C78 -> 71 | O78: 1 | Q78: 43000.687 | R78: 39990.638 | S78: 41590.264 | T78: 43189.89
A79: WG44A2Z1TR | B79: =IFERROR(HYPERLINK(VLOOKUP(A79,ÜRÜNLER!A:C,3,FALSE),VLOOKUP(A79,ÜRÜNLER!A:B,2,FALSE)),"") -> iQ300 Çamaşır Makinesi, 9kg/1400devir, Beyaz | I79: 1 | N79: =M79+K79+L79+J79+I79+H79+G79+F79+E79+D79+C79 -> 1 | Q79: devamı yok | R79: 32000 | S79: 33280 | T79: 34560 | W79: 500
A80: WG44B2A0TR | B80: =IFERROR(HYPERLINK(VLOOKUP(A80,ÜRÜNLER!A:C,3,FALSE),VLOOKUP(A80,ÜRÜNLER!A:B,2,FALSE)),"") -> iQ700 Çamaşır Makinesi, 9kg/1400devir, i-dos, Beyaz | J80: 1 | L80: 1 | M80: 1 | N80: =M80+K80+L80+J80+I80+H80+G80+F80+E80+D80+C80 -> 3 | O80: 5 | Q80: 50877.594 | R80: 50878 | S80: 52913.12 | T80: 54948.24
A81: WG44B200TR | B81: =IFERROR(HYPERLINK(VLOOKUP(A81,ÜRÜNLER!A:C,3,FALSE),VLOOKUP(A81,ÜRÜNLER!A:B,2,FALSE)),"") -> iQ700 Çamaşır Makinesi, 9kg/1400devir, Beyaz | I81: 1 | N81: =M81+K81+L81+J81+I81+H81+G81+F81+E81+D81+C81 -> 1 | Q81: devamı yok | R81: 46000 | S81: 47840 | T81: 49680
A82: WG44K2Z0TR | B82: =IFERROR(HYPERLINK(VLOOKUP(A82,ÜRÜNLER!A:C,3,FALSE),VLOOKUP(A82,ÜRÜNLER!A:B,2,FALSE)),"") -> iQ500 Çamaşır Makinesi, 9kg/1400devir, Beyaz | C82: 18 | F82: 2 | J82: 1 | N82: =M82+K82+L82+J82+I82+H82+G82+F82+E82+D82+C82 -> 21 | Q82: 41632.285 | R82: 38718.025 | S82: 40266.746 | T82: 41815.467
A83: WG52A202TR | B83: =IFERROR(HYPERLINK(VLOOKUP(A83,ÜRÜNLER!A:C,3,FALSE),VLOOKUP(A83,ÜRÜNLER!A:B,2,FALSE)),"") -> iQ300 Çamaşır Makinesi, 10kg/1200devir, Beyaz | I83: 1 | J83: 1 | L83: 1 | N83: =M83+K83+L83+J83+I83+H83+G83+F83+E83+D83+C83 -> 3 | Q83: devamı yok | R83: 35189 | S83: 36596.56 | T83: 38004.12 | U83: 1556.7338 | W83: 500
A84: WG52A203TR | B84: =IFERROR(HYPERLINK(VLOOKUP(A84,ÜRÜNLER!A:C,3,FALSE),VLOOKUP(A84,ÜRÜNLER!A:B,2,FALSE)),"") -> iQ300 Çamaşır Makinesi, 10kg/1200devir, Beyaz | C84: 42 | F84: 3 | I84: 1 | J84: 1 | K84: 1 | N84: =M84+K84+L84+J84+I84+H84+G84+F84+E84+D84+C84 -> 48 | O84: 1 | Q84: 37943.23 | R84: 36046.069 | S84: 37487.911 | T84: 38929.754 | U84: 1315.3232
A85: WG52K2ZSTR | B85: =IFERROR(HYPERLINK(VLOOKUP(A85,ÜRÜNLER!A:C,3,FALSE),VLOOKUP(A85,ÜRÜNLER!A:B,2,FALSE)),"") -> iQ500 Çamaşır Makinesi, 10kg/1200devir, Gümüş | C85: 11 | I85: 1 | N85: =M85+K85+L85+J85+I85+H85+G85+F85+E85+D85+C85 -> 12 | Q85: 46383.474 | R85: 44064.301 | S85: 45826.873 | T85: 47589.445
A86: WG52A2A0TR | B86: =IFERROR(HYPERLINK(VLOOKUP(A86,ÜRÜNLER!A:C,3,FALSE),VLOOKUP(A86,ÜRÜNLER!A:B,2,FALSE)),"") -> iQ500 Çamaşır Makinesi, 10kg/1200devir, i-dos, Beyaz | L86: 1 | N86: =M86+K86+L86+J86+I86+H86+G86+F86+E86+D86+C86 -> 1 | Q86: devamı yok | R86: 36000 | S86: 37440 | T86: 38880 | W86: 500
A87: WG52A2F0TR | B87: =IFERROR(HYPERLINK(VLOOKUP(A87,ÜRÜNLER!A:C,3,FALSE),VLOOKUP(A87,ÜRÜNLER!A:B,2,FALSE)),"") -> iQ500 Çamaşır Makinesi, 10kg/1200devir, i-dos, Beyaz | E87: 1 | I87: 1 | J87: 1 | L87: 2 | M87: 1 | N87: =M87+K87+L87+J87+I87+H87+G87+F87+E87+D87+C87 -> 6 | Q87: devamı yok | R87: 36000 | S87: 37440 | T87: 38880 | W87: 500
A88: WG52A2ZXTR | B88: =IFERROR(HYPERLINK(VLOOKUP(A88,ÜRÜNLER!A:C,3,FALSE),VLOOKUP(A88,ÜRÜNLER!A:B,2,FALSE)),"") -> iQ300 Çamaşır Makinesi, 10kg/1200devir, Gümüş | E88: 1 | N88: =M88+K88+L88+J88+I88+H88+G88+F88+E88+D88+C88 -> 1 | Q88: devamı yok | R88: 36000 | S88: 37440 | T88: 38880 | W88: 500
A89: WG52K2Z0TR | B89: =IFERROR(HYPERLINK(VLOOKUP(A89,ÜRÜNLER!A:C,3,FALSE),VLOOKUP(A89,ÜRÜNLER!A:B,2,FALSE)),"") -> iQ500 Çamaşır Makinesi, 10kg/1200devir, Beyaz | F89: 1 | I89: 1 | J89: 1 | N89: =M89+K89+L89+J89+I89+H89+G89+F89+E89+D89+C89 -> 3 | Q89: devamı yok | R89: 38000 | S89: 39520 | T89: 41040 | W89: 500
A90: WG52K2ZXTR | B90: =IFERROR(HYPERLINK(VLOOKUP(A90,ÜRÜNLER!A:C,3,FALSE),VLOOKUP(A90,ÜRÜNLER!A:B,2,FALSE)),"") -> iQ500 Çamaşır Makinesi, 10kg/1200devir, Gümüş | J90: 1 | N90: =M90+K90+L90+J90+I90+H90+G90+F90+E90+D90+C90 -> 1 | Q90: devamı yok | R90: 40000 | S90: 41600 | T90: 43200 | W90: 500
A91: WG54A2Z0TR | B91: =IFERROR(HYPERLINK(VLOOKUP(A91,ÜRÜNLER!A:C,3,FALSE),VLOOKUP(A91,ÜRÜNLER!A:B,2,FALSE)),"") -> iQ300 Çamaşır Makinesi, 10kg/1400devir, Beyaz | L91: 1 | N91: =M91+K91+L91+J91+I91+H91+G91+F91+E91+D91+C91 -> 1 | Q91: devamı yok | R91: 42000 | S91: 43680 | T91: 45360 | W91: 500
A92: WG54B2A1TR | B92: =IFERROR(HYPERLINK(VLOOKUP(A92,ÜRÜNLER!A:C,3,FALSE),VLOOKUP(A92,ÜRÜNLER!A:B,2,FALSE)),"") -> iQ700 Çamaşır Makinesi, 10kg/1400devir, i-dos, Beyaz | I92: 1 | L92: 1 | N92: =M92+K92+L92+J92+I92+H92+G92+F92+E92+D92+C92 -> 2 | O92: 1 | Q92: devamı yok | R92: 53000 | S92: 55120 | T92: 57240 | W92: 500
A93: WG52K2Z1TR | B93: =IFERROR(HYPERLINK(VLOOKUP(A93,ÜRÜNLER!A:C,3,FALSE),VLOOKUP(A93,ÜRÜNLER!A:B,2,FALSE)),"") -> iQ500 Çamaşır Makinesi, 10kg/1200devir, Beyaz | C93: 16 | F93: 1 | J93: 1 | K93: 1 | N93: =M93+K93+L93+J93+I93+H93+G93+F93+E93+D93+C93 -> 19 | Q93: 44563.312 | R93: 42335.147 | S93: 44028.553 | T93: 45721.959
A94: WG54K2Y0TR | B94: =IFERROR(HYPERLINK(VLOOKUP(A94,ÜRÜNLER!A:C,3,FALSE),VLOOKUP(A94,ÜRÜNLER!A:B,2,FALSE)),"") -> iQ500 Çamaşır Makinesi, 10kg/1400devir, i-dos, Beyaz | C94: 24 | F94: 1 | I94: 1 | M94: 1 | N94: =M94+K94+L94+J94+I94+H94+G94+F94+E94+D94+C94 -> 27 | O94: 1 | Q94: 44697.368 | R94: 42462.5 | S94: 44161 | T94: 45859.5 | Y94: 46800
A95: WG64K2Y0TR | B95: =IFERROR(HYPERLINK(VLOOKUP(A95,ÜRÜNLER!A:C,3,FALSE),VLOOKUP(A95,ÜRÜNLER!A:B,2,FALSE)),"") -> iQ500 Çamaşır Makinesi, 11kg/1400devir, i-dos, Beyaz | C95: 7 | N95: =M95+K95+L95+J95+I95+H95+G95+F95+E95+D95+C95 -> 7 | O95: 2 | Q95: 47968.711 | R95: 45570.275 | S95: 47393.086 | T95: 49215.897
A96: WG64K2F0TR | B96: =IFERROR(HYPERLINK(VLOOKUP(A96,ÜRÜNLER!A:C,3,FALSE),VLOOKUP(A96,ÜRÜNLER!A:B,2,FALSE)),"") -> iQ500 Çamaşır Makinesi, 11kg/1400devir, i-dos, Beyaz | L96: 1 | N96: =M96+K96+L96+J96+I96+H96+G96+F96+E96+D96+C96 -> 1 | Q96: devamı yok | R96: 40000 | S96: 41600 | T96: 43200 | W96: 500
A97: WG64K2Z0TR | B97: =IFERROR(HYPERLINK(VLOOKUP(A97,ÜRÜNLER!A:C,3,FALSE),VLOOKUP(A97,ÜRÜNLER!A:B,2,FALSE)),"") -> iQ500 Çamaşır Makinesi, 11kg/1400devir, Beyaz | C97: 53 | F97: 4 | I97: 1 | J97: 1 | K97: 1 | L97: 1 | M97: 1 | N97: =M97+K97+L97+J97+I97+H97+G97+F97+E97+D97+C97 -> 62 | O97: 1 | Q97: 46659.343 | R97: 43393.189 | S97: 45128.917 | T97: 46864.644
A98: WG64K2ZRTR | B98: =IFERROR(HYPERLINK(VLOOKUP(A98,ÜRÜNLER!A:C,3,FALSE),VLOOKUP(A98,ÜRÜNLER!A:B,2,FALSE)),"") -> iQ500 Çamaşır Makinesi, 11kg/1400devir, Antrasit/Dark | C98: 84 | I98: 1 | J98: 1 | K98: 1 | M98: 1 | N98: =M98+K98+L98+J98+I98+H98+G98+F98+E98+D98+C98 -> 88 | O98: 1 | Q98: 49893.289 | R98: 46400.759 | S98: 48256.789 | T98: 50112.819
A99: WM12N200TR | B99: =IFERROR(HYPERLINK(VLOOKUP(A99,ÜRÜNLER!A:C,3,FALSE),VLOOKUP(A99,ÜRÜNLER!A:B,2,FALSE)),"") -> iQ300 Çamaşır Makinesi, 9kg/1200devir, Beyaz | K99: 1 | L99: 1 | N99: =M99+K99+L99+J99+I99+H99+G99+F99+E99+D99+C99 -> 2 | P99: PRİM HARİÇ | Q99: devamı yok | R99: 27000 | S99: 28080 | T99: 29160 | W99: 500
A100: WM14UP91TR | B100: =IFERROR(HYPERLINK(VLOOKUP(A100,ÜRÜNLER!A:C,3,FALSE),VLOOKUP(A100,ÜRÜNLER!A:B,2,FALSE)),"") -> iQ500 Çamaşır Makinesi, 9kg/1400devir, i-dos, Beyaz | I100: 1 | L100: 1 | N100: =M100+K100+L100+J100+I100+H100+G100+F100+E100+D100+C100 -> 2 | Q100: devamı yok | R100: 40000 | S100: 41600 | T100: 43200 | W100: 500
...

Sheet HESAPLAYICI
A1: =Sayfa1!A1 -> STOK KODU | B1: =Sayfa1!B1 -> AÇIKLAMA | C1: =Sayfa1!C1 -> 17 AĞUSTOS HOROZ | D1: =Sayfa1!$S$1 -> TEK ÇEKİM FİYATI | E1: =Sayfa1!$T$1 -> TAKSİTLİ FİYATI 3/6 TAKSİT | F1: =Sayfa1!$U$1 -> AĞUSTOS BİP | G1: =Sayfa1!$V$1 -> 30.09.2026 montaj zorunlu PHASE OUT | H1: =Sayfa1!$W$1 -> Hakedişler LİSTE FİYATINDAN SATILIRSA geçerli olacak | I1: Toplam Bundle İndirim Tutarını Aşağıya Yaz | J1: =Sayfa1!$Y$1 -> ONLINE FİYATI | K1: =Sayfa1!$X$1 -> VARSA BİP KOŞULU | L1: BİP KOŞULU
A2: HB534FER0T | B2: =IFERROR(VLOOKUP(A2,Sayfa1!A:B,2,FALSE),"?") -> iQ300 Ankastre Fırın, 1 Teleskopik Ray, Arkası Kendini Temizler, Siyah/Inox | C2: =IFERROR(VLOOKUP(A2,Sayfa1!A:C,3,FALSE),"?") -> 0 | D2: =IFERROR(VLOOKUP(A2,Sayfa1!$A:$S,17,FALSE),"?") -> devamı yok | E2: =IFERROR(VLOOKUP(A2,Sayfa1!$A:$T,18,FALSE),"?") -> 18607 | F2: =IFERROR(VLOOKUP(A2,Sayfa1!$A:$U,19,FALSE),"?") -> 19351.28 | G2: =IFERROR(VLOOKUP(A2,Sayfa1!$A:$V,20,FALSE),"?") -> 20095.56 | H2: =IFERROR(VLOOKUP(A2,Sayfa1!$A:$W,21,FALSE),"?") -> 0 | J2: =IFERROR(VLOOKUP(A2,Sayfa1!$A:$Y,23,FALSE),"?") -> 500 | K2: =IFERROR(VLOOKUP(A2,Sayfa1!$A:$X,22,FALSE),"?") -> 1606.584 | L2: =IFERROR(VLOOKUP(A2,Sayfa1!$A:$Z,24,FALSE),"?") -> 0
B3: =IFERROR(VLOOKUP(A3,Sayfa1!A:B,2,FALSE),"?") -> ? | C3: =IFERROR(VLOOKUP(A3,Sayfa1!A:C,3,FALSE),"?") -> ? | D3: =IFERROR(VLOOKUP(A3,Sayfa1!$A:$S,17,FALSE),"?") -> ? | E3: =IFERROR(VLOOKUP(A3,Sayfa1!$A:$T,18,FALSE),"?") -> ? | F3: =IFERROR(VLOOKUP(A3,Sayfa1!$A:$U,19,FALSE),"?") -> ? | G3: =IFERROR(VLOOKUP(A3,Sayfa1!$A:$V,20,FALSE),"?") -> ? | H3: =IFERROR(VLOOKUP(A3,Sayfa1!$A:$W,21,FALSE),"?") -> ? | J3: =IFERROR(VLOOKUP(A3,Sayfa1!$A:$Y,23,FALSE),"?") -> ? | K3: =IFERROR(VLOOKUP(A3,Sayfa1!$A:$X,22,FALSE),"?") -> ? | L3: =IFERROR(VLOOKUP(A3,Sayfa1!$A:$Z,24,FALSE),"?") -> ?
B4: =IFERROR(VLOOKUP(A4,Sayfa1!A:B,2,FALSE),"?") -> ? | C4: =IFERROR(VLOOKUP(A4,Sayfa1!A:C,3,FALSE),"?") -> ? | D4: =IFERROR(VLOOKUP(A4,Sayfa1!$A:$S,17,FALSE),"?") -> ? | E4: =IFERROR(VLOOKUP(A4,Sayfa1!$A:$T,18,FALSE),"?") -> ? | F4: =IFERROR(VLOOKUP(A4,Sayfa1!$A:$U,19,FALSE),"?") -> ? | G4: =IFERROR(VLOOKUP(A4,Sayfa1!$A:$V,20,FALSE),"?") -> ? | H4: =IFERROR(VLOOKUP(A4,Sayfa1!$A:$W,21,FALSE),"?") -> ? | J4: =IFERROR(VLOOKUP(A4,Sayfa1!$A:$Y,23,FALSE),"?") -> ? | K4: =IFERROR(VLOOKUP(A4,Sayfa1!$A:$X,22,FALSE),"?") -> ? | L4: =IFERROR(VLOOKUP(A4,Sayfa1!$A:$Z,24,FALSE),"?") -> ?
B5: =IFERROR(VLOOKUP(A5,Sayfa1!A:B,2,FALSE),"?") -> ? | C5: =IFERROR(VLOOKUP(A5,Sayfa1!A:C,3,FALSE),"?") -> ? | D5: =IFERROR(VLOOKUP(A5,Sayfa1!$A:$S,17,FALSE),"?") -> ? | E5: =IFERROR(VLOOKUP(A5,Sayfa1!$A:$T,18,FALSE),"?") -> ? | F5: =IFERROR(VLOOKUP(A5,Sayfa1!$A:$U,19,FALSE),"?") -> ? | G5: =IFERROR(VLOOKUP(A5,Sayfa1!$A:$V,20,FALSE),"?") -> ? | H5: =IFERROR(VLOOKUP(A5,Sayfa1!$A:$W,21,FALSE),"?") -> ? | J5: =IFERROR(VLOOKUP(A5,Sayfa1!$A:$Y,23,FALSE),"?") -> ? | K5: =IFERROR(VLOOKUP(A5,Sayfa1!$A:$X,22,FALSE),"?") -> ? | L5: =IFERROR(VLOOKUP(A5,Sayfa1!$A:$Z,24,FALSE),"?") -> ?
B6: =IFERROR(VLOOKUP(A6,Sayfa1!A:B,2,FALSE),"?") -> ? | C6: =IFERROR(VLOOKUP(A6,Sayfa1!A:C,3,FALSE),"?") -> ? | D6: =IFERROR(VLOOKUP(A6,Sayfa1!$A:$S,17,FALSE),"?") -> ? | E6: =IFERROR(VLOOKUP(A6,Sayfa1!$A:$T,18,FALSE),"?") -> ? | F6: =IFERROR(VLOOKUP(A6,Sayfa1!$A:$U,19,FALSE),"?") -> ? | G6: =IFERROR(VLOOKUP(A6,Sayfa1!$A:$V,20,FALSE),"?") -> ? | H6: =IFERROR(VLOOKUP(A6,Sayfa1!$A:$W,21,FALSE),"?") -> ? | J6: =IFERROR(VLOOKUP(A6,Sayfa1!$A:$Y,23,FALSE),"?") -> ? | K6: =IFERROR(VLOOKUP(A6,Sayfa1!$A:$X,22,FALSE),"?") -> ? | L6: =IFERROR(VLOOKUP(A6,Sayfa1!$A:$Z,24,FALSE),"?") -> ?
B7: =IFERROR(VLOOKUP(A7,Sayfa1!A:B,2,FALSE),"?") -> ? | C7: =IFERROR(VLOOKUP(A7,Sayfa1!A:C,3,FALSE),"?") -> ? | D7: =IFERROR(VLOOKUP(A7,Sayfa1!$A:$S,17,FALSE),"?") -> ? | E7: =IFERROR(VLOOKUP(A7,Sayfa1!$A:$T,18,FALSE),"?") -> ? | F7: =IFERROR(VLOOKUP(A7,Sayfa1!$A:$U,19,FALSE),"?") -> ? | G7: =IFERROR(VLOOKUP(A7,Sayfa1!$A:$V,20,FALSE),"?") -> ? | H7: =IFERROR(VLOOKUP(A7,Sayfa1!$A:$W,21,FALSE),"?") -> ? | J7: =IFERROR(VLOOKUP(A7,Sayfa1!$A:$Y,23,FALSE),"?") -> ? | K7: =IFERROR(VLOOKUP(A7,Sayfa1!$A:$X,22,FALSE),"?") -> ? | L7: =IFERROR(VLOOKUP(A7,Sayfa1!$A:$Z,24,FALSE),"?") -> ?
B8: =IFERROR(VLOOKUP(A8,Sayfa1!A:B,2,FALSE),"?") -> ? | C8: =IFERROR(VLOOKUP(A8,Sayfa1!A:C,3,FALSE),"?") -> ? | D8: =IFERROR(VLOOKUP(A8,Sayfa1!$A:$S,17,FALSE),"?") -> ? | E8: =IFERROR(VLOOKUP(A8,Sayfa1!$A:$T,18,FALSE),"?") -> ? | F8: =IFERROR(VLOOKUP(A8,Sayfa1!$A:$U,19,FALSE),"?") -> ? | G8: =IFERROR(VLOOKUP(A8,Sayfa1!$A:$V,20,FALSE),"?") -> ? | H8: =IFERROR(VLOOKUP(A8,Sayfa1!$A:$W,21,FALSE),"?") -> ? | J8: =IFERROR(VLOOKUP(A8,Sayfa1!$A:$Y,23,FALSE),"?") -> ? | K8: =IFERROR(VLOOKUP(A8,Sayfa1!$A:$X,22,FALSE),"?") -> ? | L8: =IFERROR(VLOOKUP(A8,Sayfa1!$A:$Z,24,FALSE),"?") -> ?
B9: =IFERROR(VLOOKUP(A9,Sayfa1!A:B,2,FALSE),"?") -> ? | C9: =IFERROR(VLOOKUP(A9,Sayfa1!A:C,3,FALSE),"?") -> ? | D9: =IFERROR(VLOOKUP(A9,Sayfa1!$A:$S,17,FALSE),"?") -> ? | E9: =IFERROR(VLOOKUP(A9,Sayfa1!$A:$T,18,FALSE),"?") -> ? | F9: =IFERROR(VLOOKUP(A9,Sayfa1!$A:$U,19,FALSE),"?") -> ? | G9: =IFERROR(VLOOKUP(A9,Sayfa1!$A:$V,20,FALSE),"?") -> ? | H9: =IFERROR(VLOOKUP(A9,Sayfa1!$A:$W,21,FALSE),"?") -> ? | J9: =IFERROR(VLOOKUP(A9,Sayfa1!$A:$Y,23,FALSE),"?") -> ? | K9: =IFERROR(VLOOKUP(A9,Sayfa1!$A:$X,22,FALSE),"?") -> ? | L9: =IFERROR(VLOOKUP(A9,Sayfa1!$A:$Z,24,FALSE),"?") -> ?
B10: =IFERROR(VLOOKUP(A10,Sayfa1!A:B,2,FALSE),"?") -> ? | C10: =IFERROR(VLOOKUP(A10,Sayfa1!A:C,3,FALSE),"?") -> ? | D10: =IFERROR(VLOOKUP(A10,Sayfa1!$A:$S,17,FALSE),"?") -> ? | E10: =IFERROR(VLOOKUP(A10,Sayfa1!$A:$T,18,FALSE),"?") -> ? | F10: =IFERROR(VLOOKUP(A10,Sayfa1!$A:$U,19,FALSE),"?") -> ? | G10: =IFERROR(VLOOKUP(A10,Sayfa1!$A:$V,20,FALSE),"?") -> ? | H10: =IFERROR(VLOOKUP(A10,Sayfa1!$A:$W,21,FALSE),"?") -> ? | J10: =IFERROR(VLOOKUP(A10,Sayfa1!$A:$Y,23,FALSE),"?") -> ? | K10: =IFERROR(VLOOKUP(A10,Sayfa1!$A:$X,22,FALSE),"?") -> ? | L10: =IFERROR(VLOOKUP(A10,Sayfa1!$A:$Z,24,FALSE),"?") -> ?
B11: =IFERROR(VLOOKUP(A11,Sayfa1!A:B,2,FALSE),"?") -> ? | C11: =IFERROR(VLOOKUP(A11,Sayfa1!A:C,3,FALSE),"?") -> ? | D11: =IFERROR(VLOOKUP(A11,Sayfa1!$A:$S,17,FALSE),"?") -> ? | E11: =IFERROR(VLOOKUP(A11,Sayfa1!$A:$T,18,FALSE),"?") -> ? | F11: =IFERROR(VLOOKUP(A11,Sayfa1!$A:$U,19,FALSE),"?") -> ? | G11: =IFERROR(VLOOKUP(A11,Sayfa1!$A:$V,20,FALSE),"?") -> ? | H11: =IFERROR(VLOOKUP(A11,Sayfa1!$A:$W,21,FALSE),"?") -> ? | J11: =IFERROR(VLOOKUP(A11,Sayfa1!$A:$Y,23,FALSE),"?") -> ? | K11: =IFERROR(VLOOKUP(A11,Sayfa1!$A:$X,22,FALSE),"?") -> ? | L11: =IFERROR(VLOOKUP(A11,Sayfa1!$A:$Z,24,FALSE),"?") -> ?
A12: Toplam Satış Fiyatı | E12: =SUM(E2:E11) -> 18607 | F12: =SUM(F2:F11) -> 19351.28
A13: BİP İndirimi | E13: =SUM(G:G)*-1 -> -20095.56 | F13: =SUM(G:G)*-1 -> -20095.56
A14: PhaseOut İndirimi | E14: =SUM(H:H)*-1 -> 0 | F14: =SUM(H:H)*-1 -> 0
A15: Toplam Bundle İndirimi | E15: =I2*-1 -> 0 | F15: =I2*-1 -> 0
A16: Satılabilir Minimum Fiyat | E16: =SUM(E12:E15) -> -1488.56 | F16: =SUM(F12:F15) -> -744.28
A17: Satılabilir Minimum Taksitli Fiyat | E17: =E16*1.08 -> -1607.6448

Sheet Bundle Kampanya
K3: Seçili Ankastre Set Alımına perakende de 5.000 TL İndirim! | L3: Geçerli Ankastre Fırınlar
C5: 2'li LDA alımında perakende de 5.000 TL İndirim! | D5: 2’li LDA alımında perakende de 5.000 ₺ indirim uygulanır. “diğer kampanyalar ile birleşemez” 4.000 ₺ kdv dahil fiyat farkı hak edişi ödenecektir. (Buzdolabı-Çamaşır-Bulaşık-Kurutma-Derin Dondurucu) (XL-XXL Buzdolapları hariç) | L5: HB012FBH1T, HB012FBB1T, HB012FBW1T + (phase out iQ300 ve iQ500 segment modeller) Ankastre fırınlarda geçerlidir.
L9: Uygulama koşulları : Seçili ankastre fırınlar ile set (fırın+ocak+dav.) set alana perakende de 5.000 ₺ indirim uygulanır. Diğer fırınlarda geçerli değildir. KDV dahil 3.700 ₺ hak ediş ödenir. Giriş setlerde( HB011* ve giriş segment muadili fırın modelleri, EB6C5PK80O - EB6C5PB82O ocak, LC64PCC20T - LC64PCC50T - LC64PCC60T davlumbaz modelleri) geçerli değildir.
K17: Seçili Fırınlarla Ankastre set alana perakende de LC63KPJ60T Davlumbaz Hediye! | L17: Geçerli Ankastre Setler
L19: HB557JEB6T, HB734G1B1, HB776G1B1, HB778G3B1, HR776G3B1, HS736G1B2, VB558C0S0, CM724G1B1, HJ852GYB0T, HJ852GYN0T, HJ852GYW0T, HU736AEN0T, HU736AEA0T, HU736AEV0T, HU736AEG0T, HR232GEB3, HU717ABN0T, HU717ABA0T, HU717ABV0T, CD714GXB1
L23: Uygulama koşulları : Seçili ankastre fırınlar ile set (fırın+ocak+dav.) set alana perakende de 12.400 ₺ indirim uygulanır. KDV dahil 9.400 ₺ hak ediş ödenir. Giriş setlerde( HB011* ve giriş segment muadili fırın modelleri, EB6C5PK80O - EB6C5PB82O ocak, LC64PCC20T - LC64PCC50T - LC64PCC60T davlumbaz modelleri) geçerli değildir.

Sheet ÜRÜNLER
A1: Ürün No | B1: Ürün Adı | C1: Ürün Linki | D1: Ürün Grubu | E1: Marka
A2: 50PUS8009/62 | B2: Philips 50" 4K Ambilight LED TV (Titan OS) (50PUS8009/62) | C2: https://www.philips.com.tr/c-p/50PUS8009_62/led-50pus8009-4k-ambilight-tv | D2: Televizyon | E2: Philips
A3: 55PUS8349/62 | B3: Philips 55" 4K Ambilight LED TV (Titan OS) (55PUS8349/62) | C3: https://www.philips.com.tr/c-p/55PUS8349_62/led-55pus8349-4k-ambilight-tv | D3: Televizyon | E3: Philips
A4: AS09IVW32N | B4: Siemens Ev Tipi Klima İç Ünite, 9.000BTU, Beyaz | C4: https://www.siemens-home.bsh-group.com/tr/tr/product/klimalar/AS09XVW32N | D4: Klima | E4: Siemens
A5: AS09OVW32N | B5: Siemens Ev Tipi Klima Dış Ünite, 9.000BTU, Beyaz | C5: https://www.siemens-home.bsh-group.com/tr/tr/product/klimalar/AS09XVW32N | D5: Klima | E5: Siemens
A6: AS12IVW30N | B6: Siemens Ev Tipi Klima İç Ünite, 12.000BTU, Beyaz | C6: https://www.siemens-home.bsh-group.com/tr/tr/product/klimalar/AS12XVW32N | D6: Klima | E6: Siemens
A7: AS12IVW32N | B7: Siemens Ev Tipi Klima İç Ünite, 12.000BTU, Beyaz | C7: https://www.siemens-home.bsh-group.com/tr/tr/product/klimalar/AS12XVW32N | D7: Klima | E7: Siemens
A8: AS12IXB32N | B8: Siemens Ev Tipi Klima İç Ünite, 12.000BTU, Siyah | C8: https://www.siemens-home.bsh-group.com/tr/tr/product/klimalar/AS12XXB32N | D8: Klima | E8: Siemens
A9: AS12OVW30N | B9: Siemens Ev Tipi Klima Dış Ünite, 12.000BTU, Beyaz | C9: https://www.siemens-home.bsh-group.com/tr/tr/product/klimalar/AS12XVW32N | D9: Klima | E9: Siemens
A10: AS12OVW32N | B10: Siemens Ev Tipi Klima Dış Ünite, 12.000BTU, Beyaz | C10: https://www.siemens-home.bsh-group.com/tr/tr/product/klimalar/AS12XVW32N | D10: Klima | E10: Siemens
A11: AS12OXB32N | B11: Siemens Ev Tipi Klima Dış Ünite, 12.000BTU, Beyaz | C11: https://www.siemens-home.bsh-group.com/tr/tr/product/klimalar/AS12XXB32N | D11: Klima | E11: Siemens
A12: AS18IVW30N | B12: Siemens Ev Tipi Klima İç Ünite, 18.000BTU, Beyaz | C12: https://www.siemens-home.bsh-group.com/tr/tr/product/klimalar/AS18XVW32N | D12: Klima | E12: Siemens
... A633: EP6A2PI40O | B633: iQ500 Gazlı Ocak, 60cm, Sert Cam, Beyaz, Döküm | C633: https://www.siemens-home.bsh-group.com/tr/tr/product/pisirme-grubu/ocaklar/gazli-ocaklar/EP6A2PI40O | D633: Ocak | E633: Siemens
A634: TP605EM3 | B634: EQ600 iAroma Tam Otomatik Kahve Makinesi, Siyah/Inox | D634: Kahve Makinesi | E634: Siemens
A635: TP607ET5 | B635: EQ600 iAroma Tam Otomatik Kahve Makinesi, Siyah/Dark Inox | C635: https://www.siemens-home.bsh-group.com/tr/tr/product/kahve-makineleri/tam-otomatik-kahve-makineleri/coffeemachinesautomatedfreestandingeq600/TP607ET5 | D635: Kahve Makinesi | E635: Siemens
A636: TP601E01 | B636: EQ600 iAroma Tam Otomatik Kahve Makinesi, Sabah Sisi Grisi | C636: https://www.siemens-home.bsh-group.com/tr/tr/product/kahve-makineleri/tam-otomatik-kahve-makineleri/coffeemachinesautomatedfreestandingeq600/TP601E01 | D636: Kahve Makinesi | E636: Siemens
