Workbook

Sheet Sayfa1
A1: STOK KODU | B1: AÇIKLAMA | C1: 23 NİSAN HOROZ | D1: 8 NİSAN Studioline HOROZ | E1: 8 NİSAN YILDIZ DEPO | F1: CAM OFİS | G1: İNTERNET DEPO | H1: STUDIO LINE CEPA | I1: ANKAMALL | J1: CEPA | K1: ONE TOWER | L1: OPTİMUM | M1: PANORA | N1: TOPLAM STOK | O1: 22 nisan BEKLEYEN | P1: PRİM HARİÇ ÜRÜN | Q1: NİSAN TOPTAN | R1: HAVALE FİYATI | S1: TEK ÇEKİM FİYATI | T1: NİSAN BİP | U1: Phase out (üretimi biten) 31.05.2026 olarak montaj durumu takip edilecektir | V1: Hakedişler LİSTE FİYATINDAN SATILIRSA geçerli olacak | W1: PREMİUM 4 LÜ ÜRÜN ALIMINDA 27.000 TL İNDİRİM | X1: ONLINE FİYAT | Y1: MONTAJ ZORUNLU BİP / SATIŞ FİYATINDAN DÜŞÜLECEK 21.04.2026-15.05.2026 tarihleri arasında offline geçerli
A2: KA93NVL30N | B2: =IFERROR(HYPERLINK(VLOOKUP(A2,ÜRÜNLER!A:C,3,FALSE),VLOOKUP(A2,ÜRÜNLER!A:B,2,FALSE)),"") -> iQ300 Gardırop Tipi Buzdolabı, 90.8cm, Inox | J2: 1 | K2: 1 | N2: =M2+L2+K2+J2+I2+H2+G2+F2+E2+D2+C2 -> 2 | Q2: devamı yok | R2: 80000 | S2: 83200 | V2: 1000
A3: KF96RSBEA | B3: =IFERROR(HYPERLINK(VLOOKUP(A3,ÜRÜNLER!A:C,3,FALSE),VLOOKUP(A3,ÜRÜNLER!A:B,2,FALSE)),"") -> iQ700 Gardırop Tipi Buzdolabı, Cam Kapı, Alkol Çekmeceli, 90.5cm, Siyah | C3: 3 | J3: 1 | M3: 1 | N3: =M3+L3+K3+J3+I3+H3+G3+F3+E3+D3+C3 -> 5 | O3: 2 | Q3: 210521.14 | R3: 204205.5 | S3: 212373.72 | W3: PREMIUM 4 LÜ SET
A4: KF96NAXEA | B4: =IFERROR(HYPERLINK(VLOOKUP(A4,ÜRÜNLER!A:C,3,FALSE),VLOOKUP(A4,ÜRÜNLER!A:B,2,FALSE)),"") -> iQ300 Gardırop Tipi Buzdolabı, 90.5cm, BlackSteel | C4: 2 | I4: 1 | J4: 1 | K4: 2 | M4: 1 | N4: =M4+L4+K4+J4+I4+H4+G4+F4+E4+D4+C4 -> 7 | O4: 27 | Q4: 128387.15 | R4: 124535.53 | S4: 129516.96 | T4: 34502.89 | W4: PREMIUM 4 LÜ SET
A5: KF96NVPEA | B5: =IFERROR(HYPERLINK(VLOOKUP(A5,ÜRÜNLER!A:C,3,FALSE),VLOOKUP(A5,ÜRÜNLER!A:B,2,FALSE)),"") -> iQ300 Gardırop Tipi Buzdolabı, 90.5cm, Inox | C5: 7 | I5: 1 | K5: 2 | N5: =M5+L5+K5+J5+I5+H5+G5+F5+E5+D5+C5 -> 10 | O5: 15 | Q5: 113545.45 | R5: 110139.09 | S5: 114544.65 | T5: 20657.079 | W5: PREMIUM 4 LÜ SET
A6: KD43NNWE0N | B6: =IFERROR(HYPERLINK(VLOOKUP(A6,ÜRÜNLER!A:C,3,FALSE),VLOOKUP(A6,ÜRÜNLER!A:B,2,FALSE)),"") -> iQ100 Üstten Donduruculu Kulpsuz Buzdolabı, 70cm, Beyaz | C6: 2 | N6: =M6+L6+K6+J6+I6+H6+G6+F6+E6+D6+C6 -> 2 | P6: PRİM HARİÇ | Q6: 30401.26 | R6: 30401.26 | S6: 31617.311
A7: KD55NNWE0N | B7: =IFERROR(HYPERLINK(VLOOKUP(A7,ÜRÜNLER!A:C,3,FALSE),VLOOKUP(A7,ÜRÜNLER!A:B,2,FALSE)),"") -> iQ300 Üstten Donduruculu Kulpsuz Buzdolabı, 70cm, Beyaz | C7: 3 | K7: 1 | N7: =M7+L7+K7+J7+I7+H7+G7+F7+E7+D7+C7 -> 4 | P7: PRİM HARİÇ | Q7: 34025.498 | R7: 34025.498 | S7: 35386.518 | T7: 1491.7772
A8: KD55NNLE0N | B8: =IFERROR(HYPERLINK(VLOOKUP(A8,ÜRÜNLER!A:C,3,FALSE),VLOOKUP(A8,ÜRÜNLER!A:B,2,FALSE)),"") -> iQ300 Üstten Donduruculu Kulpsuz Buzdolabı, 70cm, Inox Görünümlü | N8: =M8+L8+K8+J8+I8+H8+G8+F8+E8+D8+C8 -> 0 | O8: 5 | P8: PRİM HARİÇ | Q8: 39960.567 | R8: 39960.567 | S8: 41558.99 | T8: 4171.0322
A9: KD56NXWF1N | B9: =IFERROR(HYPERLINK(VLOOKUP(A9,ÜRÜNLER!A:C,3,FALSE),VLOOKUP(A9,ÜRÜNLER!A:B,2,FALSE)),"") -> iQ300 Üstten Donduruculu Kulpsuz Buzdolabı, 70cm, Beyaz | K9: 1 | N9: =M9+L9+K9+J9+I9+H9+G9+F9+E9+D9+C9 -> 1 | Q9: devamı yok | R9: 40000 | S9: 41600 | V9: 250
A10: KD76NAIE0N | B10: =IFERROR(HYPERLINK(VLOOKUP(A10,ÜRÜNLER!A:C,3,FALSE),VLOOKUP(A10,ÜRÜNLER!A:B,2,FALSE)),"") -> iQ500 Üstten Donduruculu Kulplu Buzdolabı, 75cm, Inox | I10: 1 | K10: 1 | N10: =M10+L10+K10+J10+I10+H10+G10+F10+E10+D10+C10 -> 2 | Q10: devamı yok | R10: 64999 | S10: 67598.96 | U10: 18233.94 | V10: 250
A11: KD76NAIE1N | B11: =IFERROR(HYPERLINK(VLOOKUP(A11,ÜRÜNLER!A:C,3,FALSE),VLOOKUP(A11,ÜRÜNLER!A:B,2,FALSE)),"") -> iQ500 Üstten Donduruculu Kulplu Buzdolabı, 75cm, Inox | C11: 3 | N11: =M11+L11+K11+J11+I11+H11+G11+F11+E11+D11+C11 -> 3 | O11: 7 | Q11: 82878.063 | R11: 80391.722 | S11: 83607.39 | T11: 20757.133
A12: KD76NAWE1N | B12: =IFERROR(HYPERLINK(VLOOKUP(A12,ÜRÜNLER!A:C,3,FALSE),VLOOKUP(A12,ÜRÜNLER!A:B,2,FALSE)),"") -> iQ500 Üstten Donduruculu Kulplu Buzdolabı, 75cm, Beyaz | N12: =M12+L12+K12+J12+I12+H12+G12+F12+E12+D12+C12 -> 0 | O12: 10 | Q12: 55430 | R12: 53767.1 | S12: 55917.784
A13: KD76NHID1N | B13: =IFERROR(HYPERLINK(VLOOKUP(A13,ÜRÜNLER!A:C,3,FALSE),VLOOKUP(A13,ÜRÜNLER!A:B,2,FALSE)),"") -> iQ500 Üstten Donduruculu Kulplu Buzdolabı, 75cm, Inox | C13: 2 | N13: =M13+L13+K13+J13+I13+H13+G13+F13+E13+D13+C13 -> 2 | Q13: devamı yok | R13: 60000 | S13: 62400
A14: KD76NXIE1N | B14: =IFERROR(HYPERLINK(VLOOKUP(A14,ÜRÜNLER!A:C,3,FALSE),VLOOKUP(A14,ÜRÜNLER!A:B,2,FALSE)),"") -> iQ500 Üstten Donduruculu Kulpsuz Buzdolabı, 75cm, Inox | C14: 5 | N14: =M14+L14+K14+J14+I14+H14+G14+F14+E14+D14+C14 -> 5 | O14: 5 | Q14: 66166.491 | R14: 64181.497 | S14: 66748.757 | T14: 13096.724
A15: KD76NXWE1N | B15: =IFERROR(HYPERLINK(VLOOKUP(A15,ÜRÜNLER!A:C,3,FALSE),VLOOKUP(A15,ÜRÜNLER!A:B,2,FALSE)),"") -> iQ300 Üstten Donduruculu, Kulpsuz Buzdolabı, 75cm, Beyaz | C15: 7 | I15: 1 | J15: 1 | M15: 1 | N15: =M15+L15+K15+J15+I15+H15+G15+F15+E15+D15+C15 -> 10 | O15: 9 | Q15: 61265.27 | R15: 59427.312 | S15: 61804.404 | T15: 9839.6885
A16: KD76NXWE0N | B16: =IFERROR(HYPERLINK(VLOOKUP(A16,ÜRÜNLER!A:C,3,FALSE),VLOOKUP(A16,ÜRÜNLER!A:B,2,FALSE)),"") -> iQ300 Üstten Donduruculu Kulpsuz Buzdolabı, 75cm, Beyaz | K16: 1 | N16: =M16+L16+K16+J16+I16+H16+G16+F16+E16+D16+C16 -> 1 | Q16: devamı yok | R16: 50000 | S16: 52000 | T16: 1783.7897 | V16: 250
A17: KD86NAID1N | B17: =IFERROR(HYPERLINK(VLOOKUP(A17,ÜRÜNLER!A:C,3,FALSE),VLOOKUP(A17,ÜRÜNLER!A:B,2,FALSE)),"") -> iQ500 Üstten Donduruculu Kulplu Buzdolabı, 86cm, Inox | C17: 8 | E17: 1 | I17: 1 | J17: 1 | N17: =M17+L17+K17+J17+I17+H17+G17+F17+E17+D17+C17 -> 11 | O17: 3 | Q17: 95662.202 | R17: 92792.336 | S17: 96504.03 | T17: 23277.319 | W17: PREMIUM 4 LÜ SET
A18: KD86NAWE1N | B18: =IFERROR(HYPERLINK(VLOOKUP(A18,ÜRÜNLER!A:C,3,FALSE),VLOOKUP(A18,ÜRÜNLER!A:B,2,FALSE)),"") -> iQ500 Üstten Donduruculu Kulplu Buzdolabı, 86cm, Beyaz | C18: 5 | N18: =M18+L18+K18+J18+I18+H18+G18+F18+E18+D18+C18 -> 5 | O18: 5 | Q18: 83239.542 | R18: 80742.356 | S18: 83972.05 | T18: 17244.193 | W18: PREMIUM 4 LÜ SET
A19: KD86NHID1N | B19: =IFERROR(HYPERLINK(VLOOKUP(A19,ÜRÜNLER!A:C,3,FALSE),VLOOKUP(A19,ÜRÜNLER!A:B,2,FALSE)),"") -> iQ500 Üstten Donduruculu Kulplu Buzdolabı, 86cm, Inox | K19: 1 | N19: =M19+L19+K19+J19+I19+H19+G19+F19+E19+D19+C19 -> 1 | Q19: devamı yok | R19: 55000 | S19: 57200 | V19: 250
A20: KG36NNLE0N | B20: =IFERROR(HYPERLINK(VLOOKUP(A20,ÜRÜNLER!A:C,3,FALSE),VLOOKUP(A20,ÜRÜNLER!A:B,2,FALSE)),"") -> iQ100 Alttan Donduruculu Kulpsuz Buzdolabı, 60cm, Inox | F20: 1 | K20: 1 | N20: =M20+L20+K20+J20+I20+H20+G20+F20+E20+D20+C20 -> 2 | Q20: devamı yok | R20: 36999 | S20: 38478.96 | V20: 250
A21: KG55NCIE0N | B21: =IFERROR(HYPERLINK(VLOOKUP(A21,ÜRÜNLER!A:C,3,FALSE),VLOOKUP(A21,ÜRÜNLER!A:B,2,FALSE)),"") -> iQ300 Alttan Donduruculu Kulpsuz Buzdolabı, 70cm, Inox | C21: 84 | E21: 4 | I21: 1 | J21: 1 | K21: 1 | M21: 1 | N21: =M21+L21+K21+J21+I21+H21+G21+F21+E21+D21+C21 -> 92 | O21: 21 | Q21: 63469.622 | R21: 60930.837 | S21: 63368.071 | T21: 14388.227
A22: KG55NCWE0N | B22: =IFERROR(HYPERLINK(VLOOKUP(A22,ÜRÜNLER!A:C,3,FALSE),VLOOKUP(A22,ÜRÜNLER!A:B,2,FALSE)),"") -> iQ300 Alttan Donduruculu Kulpsuz Buzdolabı, 70cm, Beyaz | C22: 89 | I22: 1 | K22: 2 | N22: =M22+L22+K22+J22+I22+H22+G22+F22+E22+D22+C22 -> 92 | Q22: 57039.061 | R22: 54757.499 | S22: 56947.799 | T22: 10228.596
A23: KG55NVIE0N | B23: =IFERROR(HYPERLINK(VLOOKUP(A23,ÜRÜNLER!A:C,3,FALSE),VLOOKUP(A23,ÜRÜNLER!A:B,2,FALSE)),"") -> iQ300 Alttan Donduruculu Kulpsuz Buzdolabı, 70cm, Inox | C23: 7 | E23: 1 | K23: 1 | N23: =M23+L23+K23+J23+I23+H23+G23+F23+E23+D23+C23 -> 9 | Q23: 51274.363 | R23: 49736.132 | S23: 51725.577 | T23: 6515.0603
A24: KG55NVWE0N | B24: =IFERROR(HYPERLINK(VLOOKUP(A24,ÜRÜNLER!A:C,3,FALSE),VLOOKUP(A24,ÜRÜNLER!A:B,2,FALSE)),"") -> iQ300 Alttan Donduruculu Kulpsuz Buzdolabı, 70cm, Beyaz | C24: 6 | E24: 1 | I24: 1 | K24: 1 | N24: =M24+L24+K24+J24+I24+H24+G24+F24+E24+D24+C24 -> 9 | Q24: 46796.713 | R24: 45392.811 | S24: 47208.524 | T24: 6164.1546
A25: KG56NLBE0N | B25: =IFERROR(HYPERLINK(VLOOKUP(A25,ÜRÜNLER!A:C,3,FALSE),VLOOKUP(A25,ÜRÜNLER!A:B,2,FALSE)),"") -> iQ500 Alttan Donduruculu Kulpsuz Buzdolabı, 70cm, Parlak Siyah | C25: 16 | I25: 2 | J25: 1 | M25: 2 | N25: =M25+L25+K25+J25+I25+H25+G25+F25+E25+D25+C25 -> 21 | O25: 1 | Q25: 58065.822 | R25: 55743.189 | S25: 57972.917
A26: KG56NQWF0N | B26: =IFERROR(HYPERLINK(VLOOKUP(A26,ÜRÜNLER!A:C,3,FALSE),VLOOKUP(A26,ÜRÜNLER!A:B,2,FALSE)),"") -> iQ500 Alttan Donduruculu Kulpsuz Buzdolabı, 70cm, Seramik Desen | J26: 1 | N26: =M26+L26+K26+J26+I26+H26+G26+F26+E26+D26+C26 -> 1 | Q26: devamı yok | R26: 48000 | S26: 49920 | V26: 500
A27: KG56NTEE0N | B27: =IFERROR(HYPERLINK(VLOOKUP(A27,ÜRÜNLER!A:C,3,FALSE),VLOOKUP(A27,ÜRÜNLER!A:B,2,FALSE)),"") -> iQ500 Alttan Donduruculu Kulpsuz Buzdolabı, 70cm, Mat Siyah | F27: 1 | N27: =M27+L27+K27+J27+I27+H27+G27+F27+E27+D27+C27 -> 1 | Q27: devamı yok | R27: 48000 | S27: 49920 | V27: 500
A28: KG56NTWE0N | B28: =IFERROR(HYPERLINK(VLOOKUP(A28,ÜRÜNLER!A:C,3,FALSE),VLOOKUP(A28,ÜRÜNLER!A:B,2,FALSE)),"") -> iQ500 Alttan Donduruculu Kulpsuz Buzdolabı, 70cm, Seramik Desen | I28: 1 | K28: 1 | N28: =M28+L28+K28+J28+I28+H28+G28+F28+E28+D28+C28 -> 2 | Q28: devamı yok | R28: 48000 | S28: 49920 | V28: 500
A29: KG56NXWE0N | B29: =IFERROR(HYPERLINK(VLOOKUP(A29,ÜRÜNLER!A:C,3,FALSE),VLOOKUP(A29,ÜRÜNLER!A:B,2,FALSE)),"") -> iQ300 Alttan Donduruculu Kulpsuz Buzdolabı, 70cm, Beyaz | C29: 1 | N29: =M29+L29+K29+J29+I29+H29+G29+F29+E29+D29+C29 -> 1 | Q29: devamı yok | R29: 48000 | S29: 49920
A30: KG76APIE0N | B30: =IFERROR(HYPERLINK(VLOOKUP(A30,ÜRÜNLER!A:C,3,FALSE),VLOOKUP(A30,ÜRÜNLER!A:B,2,FALSE)),"") -> iQ700 Alttan Donduruculu Kulplu Buzdolabı, 75cm, Inox | C30: 16 | N30: =M30+L30+K30+J30+I30+H30+G30+F30+E30+D30+C30 -> 16 | Q30: 72088.36 | R30: 67042.175 | S30: 69723.862 | T30: 273.24406 | V30: 250
A31: KG76NCIE0N | B31: =IFERROR(HYPERLINK(VLOOKUP(A31,ÜRÜNLER!A:C,3,FALSE),VLOOKUP(A31,ÜRÜNLER!A:B,2,FALSE)),"") -> iQ500 Alttan Donduruculu Kulplu Buzdolabı, 75cm, Inox | C31: 38 | I31: 1 | J31: 1 | K31: 3 | M31: 1 | N31: =M31+L31+K31+J31+I31+H31+G31+F31+E31+D31+C31 -> 44 | O31: 35 | Q31: 84280.726 | R31: 80909.497 | S31: 84145.877 | T31: 21679.563
A32: KG76NCWE0N | B32: =IFERROR(HYPERLINK(VLOOKUP(A32,ÜRÜNLER!A:C,3,FALSE),VLOOKUP(A32,ÜRÜNLER!A:B,2,FALSE)),"") -> iQ500 Alttan Donduruculu Kulplu Buzdolabı, 75cm, Beyaz | C32: 26 | I32: 1 | K32: 1 | N32: =M32+L32+K32+J32+I32+H32+G32+F32+E32+D32+C32 -> 28 | O32: 31 | Q32: 77045.044 | R32: 73963.242 | S32: 76921.772 | T32: 17219.462
A33: KG76NCXE0N | B33: =IFERROR(HYPERLINK(VLOOKUP(A33,ÜRÜNLER!A:C,3,FALSE),VLOOKUP(A33,ÜRÜNLER!A:B,2,FALSE)),"") -> iQ500 Alttan Donduruculu Kulpsuz Buzdolabı, 75cm, darkSteel | I33: 1 | J33: 1 | M33: 1 | N33: =M33+L33+K33+J33+I33+H33+G33+F33+E33+D33+C33 -> 3 | O33: 81 | Q33: 95152.057 | R33: 115000 | S33: 119600 | T33: 29995.081 | W33: PREMIUM 4 LÜ SET
A34: KG76NVIE0N | B34: =IFERROR(HYPERLINK(VLOOKUP(A34,ÜRÜNLER!A:C,3,FALSE),VLOOKUP(A34,ÜRÜNLER!A:B,2,FALSE)),"") -> iQ300 Alttan Donduruculu Kulpsuz Buzdolabı, 75cm, Inox | C34: 31 | F34: 1 | I34: 1 | K34: 2 | N34: =M34+L34+K34+J34+I34+H34+G34+F34+E34+D34+C34 -> 35 | O34: 21 | Q34: 76173.043 | R34: 73126.122 | S34: 76051.166 | T34: 19676.532
A35: KG76NVWE0N | B35: =IFERROR(HYPERLINK(VLOOKUP(A35,ÜRÜNLER!A:C,3,FALSE),VLOOKUP(A35,ÜRÜNLER!A:B,2,FALSE)),"") -> iQ300 Alttan Donduruculu Kulpsuz Buzdolabı, 75cm, Beyaz | C35: 32 | I35: 1 | J35: 1 | M35: 1 | N35: =M35+L35+K35+J35+I35+H35+G35+F35+E35+D35+C35 -> 35 | O35: 21 | Q35: 68727.331 | R35: 65978.238 | S35: 68617.367 | T35: 13712.215
A36: KG76PAIC0N | B36: =IFERROR(HYPERLINK(VLOOKUP(A36,ÜRÜNLER!A:C,3,FALSE),VLOOKUP(A36,ÜRÜNLER!A:B,2,FALSE)),"") -> iQ700 Alttan Donduruculu Kulplu Buzdolabı, 75cm, Inox | C36: 45 | E36: 2 | F36: 1 | I36: 1 | J36: 1 | M36: 1 | N36: =M36+L36+K36+J36+I36+H36+G36+F36+E36+D36+C36 -> 51 | O36: 11 | Q36: 89108.337 | R36: 85544.004 | S36: 88965.764 | T36: 17382.756
A37: KG76PAWC0N | B37: =IFERROR(HYPERLINK(VLOOKUP(A37,ÜRÜNLER!A:C,3,FALSE),VLOOKUP(A37,ÜRÜNLER!A:B,2,FALSE)),"") -> iQ700 Alttan Donduruculu Kulplu Buzdolabı, 75cm, Beyaz | C37: 24 | E37: 1 | I37: 1 | K37: 3 | N37: =M37+L37+K37+J37+I37+H37+G37+F37+E37+D37+C37 -> 29 | O37: 5 | Q37: 82556.235 | R37: 79253.985 | S37: 82424.145 | T37: 17041.118
A38: KG86NAID2N | B38: =IFERROR(HYPERLINK(VLOOKUP(A38,ÜRÜNLER!A:C,3,FALSE),VLOOKUP(A38,ÜRÜNLER!A:B,2,FALSE)),"") -> iQ500 Alttan Donduruculu Kulplu Buzdolabı, 86cm, Inox | C38: 107 | E38: 1 | F38: 2 | I38: 1 | J38: 1 | K38: 1 | M38: 1 | N38: =M38+L38+K38+J38+I38+H38+G38+F38+E38+D38+C38 -> 114 | O38: 78 | Q38: 97945.234 | R38: 94027.424 | S38: 97788.521 | T38: 27326.629
A39: KG86NCWE0N | B39: =IFERROR(HYPERLINK(VLOOKUP(A39,ÜRÜNLER!A:C,3,FALSE),VLOOKUP(A39,ÜRÜNLER!A:B,2,FALSE)),"") -> iQ500 Alttan Donduruculu Kulplu Buzdolabı, 86cm, Beyaz | C39: 24 | F39: 1 | I39: 1 | N39: =M39+L39+K39+J39+I39+H39+G39+F39+E39+D39+C39 -> 26 | O39: 7 | Q39: 84927.533 | R39: 81530.432 | S39: 84791.649 | T39: 19908.928
A40: KG86NVWE0N | B40: =IFERROR(HYPERLINK(VLOOKUP(A40,ÜRÜNLER!A:C,3,FALSE),VLOOKUP(A40,ÜRÜNLER!A:B,2,FALSE)),"") -> iQ500 Alttan Donduruculu Kulpsuz Buzdolabı, 86cm, Beyaz | C40: 14 | F40: 1 | J40: 1 | N40: =M40+L40+K40+J40+I40+H40+G40+F40+E40+D40+C40 -> 16 | O40: 9 | Q40: 75297.093 | R40: 72285.209 | S40: 75176.617 | T40: 13599.418
A41: KG86PAXB0N | B41: =IFERROR(HYPERLINK(VLOOKUP(A41,ÜRÜNLER!A:C,3,FALSE),VLOOKUP(A41,ÜRÜNLER!A:B,2,FALSE)),"") -> iQ700 Alttan Donduruculu Kulpsuz Buzdolabı, 86cm, darkSteel | C41: 69 | I41: 1 | M41: 1 | N41: =M41+L41+K41+J41+I41+H41+G41+F41+E41+D41+C41 -> 71 | O41: 41 | Q41: 113177.54 | R41: 108650.44 | S41: 112996.46 | T41: 27777.54 | W41: PREMIUM 4 LÜ SET
A42: KG86PAIC0N | B42: =IFERROR(HYPERLINK(VLOOKUP(A42,ÜRÜNLER!A:C,3,FALSE),VLOOKUP(A42,ÜRÜNLER!A:B,2,FALSE)),"") -> iQ700 Alttan Donduruculu Kulplu Buzdolabı, 86cm, Inox | C42: 2 | N42: =M42+L42+K42+J42+I42+H42+G42+F42+E42+D42+C42 -> 2 | Q42: devamı yok | R42: 80000 | S42: 83200
A43: KG86PFIC0N | B43: =IFERROR(HYPERLINK(VLOOKUP(A43,ÜRÜNLER!A:C,3,FALSE),VLOOKUP(A43,ÜRÜNLER!A:B,2,FALSE)),"") -> iQ700 Alttan Donduruculu Kulplu Buzdolabı, 86cm, Inox | C43: 127 | F43: 1 | I43: 1 | K43: 1 | M43: 1 | N43: =M43+L43+K43+J43+I43+H43+G43+F43+E43+D43+C43 -> 131 | O43: 81 | Q43: 106366.38 | R43: 102111.73 | S43: 106196.19 | T43: 28991.962 | W43: PREMIUM 4 LÜ SET
A44: KG86PFWC0N | B44: =IFERROR(HYPERLINK(VLOOKUP(A44,ÜRÜNLER!A:C,3,FALSE),VLOOKUP(A44,ÜRÜNLER!A:B,2,FALSE)),"") -> iQ700 Alttan Donduruculu Kulplu Buzdolabı, 86cm, Beyaz | C44: 51 | F44: 1 | I44: 1 | J44: 1 | N44: =M44+L44+K44+J44+I44+H44+G44+F44+E44+D44+C44 -> 54 | O44: 12 | Q44: 98399.959 | R44: 94463.96 | S44: 98242.519 | T44: 24029.029 | W44: PREMIUM 4 LÜ SET
A45: DONDURUCU | B45: =IFERROR(HYPERLINK(VLOOKUP(A45,ÜRÜNLER!A:C,3,FALSE),VLOOKUP(A45,ÜRÜNLER!A:B,2,FALSE)),"") | N45: =SUM(N2:N44) -> 956
A46: GS24VVWE0N | B46: =IFERROR(HYPERLINK(VLOOKUP(A46,ÜRÜNLER!A:C,3,FALSE),VLOOKUP(A46,ÜRÜNLER!A:B,2,FALSE)),"") -> iQ300 Derin Dondurucu, 146x60cm, Statik, Beyaz | C46: 100 | J46: 1 | N46: =M46+L46+K46+J46+I46+H46+G46+F46+E46+D46+C46 -> 101 | P46: PRİM HARİÇ | Q46: 24592.565 | R46: 23400 | S46: 24336 | T46: 3390.0855
A47: GS24VVWF0N | B47: =IFERROR(HYPERLINK(VLOOKUP(A47,ÜRÜNLER!A:C,3,FALSE),VLOOKUP(A47,ÜRÜNLER!A:B,2,FALSE)),"") -> iQ300 Derin Dondurucu, 146x60cm, Statik, Beyaz | E47: 1 | K47: 1 | N47: =M47+L47+K47+J47+I47+H47+G47+F47+E47+D47+C47 -> 2 | P47: PRİM HARİÇ | Q47: devamı yok | R47: 18000 | S47: 18720 | V47: 250
A48: GS29NVWE0N | B48: =IFERROR(HYPERLINK(VLOOKUP(A48,ÜRÜNLER!A:C,3,FALSE),VLOOKUP(A48,ÜRÜNLER!A:B,2,FALSE)),"") -> iQ300 Derin Dondurucu, 161x60cm, No-Frost, Beyaz | C48: 10 | N48: =M48+L48+K48+J48+I48+H48+G48+F48+E48+D48+C48 -> 10 | P48: PRİM HARİÇ | Q48: 37824.325 | R48: 38959.055 | S48: 40517.417 | T48: 5853.7368 | X48: 35660
A49: GS29VVWE0N | B49: =IFERROR(HYPERLINK(VLOOKUP(A49,ÜRÜNLER!A:C,3,FALSE),VLOOKUP(A49,ÜRÜNLER!A:B,2,FALSE)),"") -> iQ300 Derin Dondurucu, 161x60cm, Statik, Beyaz | C49: 101 | F49: 1 | I49: 1 | J49: 1 | N49: =M49+L49+K49+J49+I49+H49+G49+F49+E49+D49+C49 -> 104 | P49: PRİM HARİÇ | Q49: 25437.803 | R49: 25500 | S49: 26520 | T49: 3504.9522
A50: GS33VVIE0N | B50: =IFERROR(HYPERLINK(VLOOKUP(A50,ÜRÜNLER!A:C,3,FALSE),VLOOKUP(A50,ÜRÜNLER!A:B,2,FALSE)),"") -> iQ300 Derin Dondurucu, 176x60cm, Statik, Inox | C50: 99 | E50: 2 | F50: 3 | I50: 1 | K50: 1 | M50: 1 | N50: =M50+L50+K50+J50+I50+H50+G50+F50+E50+D50+C50 -> 107 | O50: 2 | P50: PRİM HARİÇ | Q50: 31580.843 | R50: 32528.268 | S50: 33829.399 | T50: 4354.603 | X50: 30880
A51: GS33VVWE0N | B51: =IFERROR(HYPERLINK(VLOOKUP(A51,ÜRÜNLER!A:C,3,FALSE),VLOOKUP(A51,ÜRÜNLER!A:B,2,FALSE)),"") -> iQ300 Derin Dondurucu, 176x60cm, Statik, Beyaz | C51: 114 | E51: 5 | I51: 1 | J51: 1 | N51: =M51+L51+K51+J51+I51+H51+G51+F51+E51+D51+C51 -> 121 | P51: PRİM HARİÇ | Q51: 28432.702 | R51: 29285.683 | S51: 30457.111 | T51: 3918.2394 | X51: 27800
A52: GS36NVIEP | B52: =IFERROR(HYPERLINK(VLOOKUP(A52,ÜRÜNLER!A:C,3,FALSE),VLOOKUP(A52,ÜRÜNLER!A:B,2,FALSE)),"") -> iQ300 Derin Dondurucu, 186x60cm, No-Frost, Inox | C52: 37 | M52: 1 | N52: =M52+L52+K52+J52+I52+H52+G52+F52+E52+D52+C52 -> 38 | O52: 29 | P52: PRİM HARİÇ | Q52: 32621.399 | R52: 35883.539 | S52: 37318.88
A53: GS36NVIE0N | B53: =IFERROR(HYPERLINK(VLOOKUP(A53,ÜRÜNLER!A:C,3,FALSE),VLOOKUP(A53,ÜRÜNLER!A:B,2,FALSE)),"") -> iQ300 Derin Dondurucu, 186x60cm, No-Frost Inox | F53: 1 | N53: =M53+L53+K53+J53+I53+H53+G53+F53+E53+D53+C53 -> 1 | P53: PRİM HARİÇ | Q53: devamı yok | R53: 37000 | S53: 38480
A54: GS36NVWF0N | B54: =IFERROR(HYPERLINK(VLOOKUP(A54,ÜRÜNLER!A:C,3,FALSE),VLOOKUP(A54,ÜRÜNLER!A:B,2,FALSE)),"") -> iQ300 Derin Dondurucu, 186x60cm, No-Frost, Beyaz | K54: 1 | N54: =M54+L54+K54+J54+I54+H54+G54+F54+E54+D54+C54 -> 1 | P54: PRİM HARİÇ | Q54: devamı yok | R54: 30000 | S54: 31200 | V54: 500
A55: GS54NVWE0N | B55: =IFERROR(HYPERLINK(VLOOKUP(A55,ÜRÜNLER!A:C,3,FALSE),VLOOKUP(A55,ÜRÜNLER!A:B,2,FALSE)),"") -> iQ300 Derin Dondurucu, 176x70cm, No-Frost, Beyaz | C55: 96 | E55: 3 | N55: =M55+L55+K55+J55+I55+H55+G55+F55+E55+D55+C55 -> 99 | P55: PRİM HARİÇ | Q55: 41328.219 | R55: 45461.041 | S55: 47279.483 | T55: 6401.7489 | X55: 38950
A56: A.DOLAP | B56: =IFERROR(HYPERLINK(VLOOKUP(A56,ÜRÜNLER!A:C,3,FALSE),VLOOKUP(A56,ÜRÜNLER!A:B,2,FALSE)),"") | N56: =SUM(N46:N55) -> 584
A57: CI24WP03 | B57: =IFERROR(HYPERLINK(VLOOKUP(A57,ÜRÜNLER!A:C,3,FALSE),VLOOKUP(A57,ÜRÜNLER!A:B,2,FALSE)),"") -> iQ700 studioLine Ankastre Şarap Soğutucu, 212.5x60.3cm | D57: 4 | H57: 1 | N57: =M57+L57+K57+J57+I57+H57+G57+F57+E57+D57+C57 -> 5 | Q57: 320728.46 | R57: 298277.47 | S57: 310208.56 | V57: 500
A58: CI30BP02 | B58: =IFERROR(HYPERLINK(VLOOKUP(A58,ÜRÜNLER!A:C,3,FALSE),VLOOKUP(A58,ÜRÜNLER!A:B,2,FALSE)),"") -> iQ700 studioLine Alttan Donduruculu Ankastre Buzdolabı, 212.5x75.6cm, Düz Menteşe | D58: 3 | H58: 1 | N58: =M58+L58+K58+J58+I58+H58+G58+F58+E58+D58+C58 -> 4 | Q58: devamı yok | R58: 300000 | S58: 312000 | V58: 500
A59: CI30RP02 | B59: =IFERROR(HYPERLINK(VLOOKUP(A59,ÜRÜNLER!A:C,3,FALSE),VLOOKUP(A59,ÜRÜNLER!A:B,2,FALSE)),"") -> iQ700 studioLine Ankastre Buzdolabı, 212.5x75.6cm, Düz Menteşe | D59: 6 | F59: 1 | J59: 1 | K59: 1 | N59: =M59+L59+K59+J59+I59+H59+G59+F59+E59+D59+C59 -> 9 | Q59: devamı yok | R59: 375000 | S59: 390000 | V59: 500
A60: CI36TP02 | B60: =IFERROR(HYPERLINK(VLOOKUP(A60,ÜRÜNLER!A:C,3,FALSE),VLOOKUP(A60,ÜRÜNLER!A:B,2,FALSE)),"") -> iQ700 Alttan Donduruculu Ankastre Buzdolabı, 212.5x90.8cm, Düz Menteşe | E60: 1 | H60: 1 | K60: 1 | N60: =M60+L60+K60+J60+I60+H60+G60+F60+E60+D60+C60 -> 3 | Q60: devamı yok | R60: 300000 | S60: 312000 | V60: 500
A61: FI24NP32 | B61: =IFERROR(HYPERLINK(VLOOKUP(A61,ÜRÜNLER!A:C,3,FALSE),VLOOKUP(A61,ÜRÜNLER!A:B,2,FALSE)),"") -> iQ700 Ankastre Derin Dondurucu, 212.5x60.3cm, Düz Menteşe | F61: 1 | J61: 1 | K61: 1 | N61: =M61+L61+K61+J61+I61+H61+G61+F61+E61+D61+C61 -> 3 | Q61: devamı yok | R61: 224999 | S61: 233998.96 | V61: 500
A62: FI24NP33 | B62: =IFERROR(HYPERLINK(VLOOKUP(A62,ÜRÜNLER!A:C,3,FALSE),VLOOKUP(A62,ÜRÜNLER!A:B,2,FALSE)),"") -> iQ700 Ankastre Derin Dondurucu, 212.5x60.3cm, Düz Menteşe | C62: 1 | N62: =M62+L62+K62+J62+I62+H62+G62+F62+E62+D62+C62 -> 1 | Q62: 323156.5 | R62: 323156.5 | S62: 336082.76
A63: KU21RADE0 | B63: =IFERROR(HYPERLINK(VLOOKUP(A63,ÜRÜNLER!A:C,3,FALSE),VLOOKUP(A63,ÜRÜNLER!A:B,2,FALSE)),"") -> iQ500 Tezgah Altı Ankastre Buzdolabı, 82x59.8cm, softClosing Düz Menteşe | C63: 1 | N63: =M63+L63+K63+J63+I63+H63+G63+F63+E63+D63+C63 -> 1 | Q63: 56110.789 | R63: 56110.789 | S63: 58355.221
A64: KU21WAHG0 | B64: =IFERROR(HYPERLINK(VLOOKUP(A64,ÜRÜNLER!A:C,3,FALSE),VLOOKUP(A64,ÜRÜNLER!A:B,2,FALSE)),"") -> iQ500 Ankastre Şarap Soğutucu, 81.8x59.8cm | C64: 4 | J64: 1 | M64: 1 | N64: =M64+L64+K64+J64+I64+H64+G64+F64+E64+D64+C64 -> 6 | Q64: 81512.572 | R64: 79067.194 | S64: 82229.882
A65: KI82LADD0 | B65: =IFERROR(HYPERLINK(VLOOKUP(A65,ÜRÜNLER!A:C,3,FALSE),VLOOKUP(A65,ÜRÜNLER!A:B,2,FALSE)),"") -> iQ500 Derin Donduruculu Ankastre Buzdolabı, 177.2x55.8cm, softClosing Düz Menteşe | C65: 12 | N65: =M65+L65+K65+J65+I65+H65+G65+F65+E65+D65+C65 -> 12 | O65: 1 | Q65: 90559.004 | R65: 87842.234 | S65: 91355.923
A66: KI86NHDF0 | B66: =IFERROR(HYPERLINK(VLOOKUP(A66,ÜRÜNLER!A:C,3,FALSE),VLOOKUP(A66,ÜRÜNLER!A:B,2,FALSE)),"") -> iQ500 Alttan Donduruculu Ankastre Buzdolabı, 177.2x55.8cm, softClosing Düz Menteşe | F66: 1 | H66: 1 | N66: =M66+L66+K66+J66+I66+H66+G66+F66+E66+D66+C66 -> 2 | Q66: devamı yok | R66: 72499 | S66: 75398.96 | V66: 500
A67: KI87SAFE0N | B67: =IFERROR(HYPERLINK(VLOOKUP(A67,ÜRÜNLER!A:C,3,FALSE),VLOOKUP(A67,ÜRÜNLER!A:B,2,FALSE)),"") -> iQ500 Alttan Donduruculu Ankastre Buzdolabı, 177.2x55.8cm, Düz Menteşe | C67: 12 | E67: 2 | F67: 1 | K67: 1 | N67: =M67+L67+K67+J67+I67+H67+G67+F67+E67+D67+C67 -> 16 | O67: 1 | Q67: 86644.862 | R67: 84045.517 | S67: 87407.337
A68: KB96NADD0 | B68: =IFERROR(HYPERLINK(VLOOKUP(A68,ÜRÜNLER!A:C,3,FALSE),VLOOKUP(A68,ÜRÜNLER!A:B,2,FALSE)),"") -> iQ500 Alttan Donduruculu Ankastre Buzdolabı, 193.5x70.8cm, softClosing Düz Menteşe | C68: 6 | N68: =M68+L68+K68+J68+I68+H68+G68+F68+E68+D68+C68 -> 6 | O68: 3 | Q68: 103417.85 | R68: 100315.32 | S68: 104327.93
A69: KB96NSDD0 | B69: =IFERROR(HYPERLINK(VLOOKUP(A69,ÜRÜNLER!A:C,3,FALSE),VLOOKUP(A69,ÜRÜNLER!A:B,2,FALSE)),"") -> iQ500 studioLine Alttan Donduruculu Ankastre Buzdolabı, 193.5x70.8cm, Düz Menteşe | D69: 2 | N69: =M69+L69+K69+J69+I69+H69+G69+F69+E69+D69+C69 -> 2 | Q69: 124921.82 | R69: 116177.29 | S69: 120824.38
A70: ÇAMAŞIR MAKİNASI | B70: =IFERROR(HYPERLINK(VLOOKUP(A70,ÜRÜNLER!A:C,3,FALSE),VLOOKUP(A70,ÜRÜNLER!A:B,2,FALSE)),"") | N70: =SUM(N57:N69) -> 70
A71: WA12LPH0TR | B71: =IFERROR(HYPERLINK(VLOOKUP(A71,ÜRÜNLER!A:C,3,FALSE),VLOOKUP(A71,ÜRÜNLER!A:B,2,FALSE)),"") -> iQ500 Çamaşır Makinesi, 10kg/1200devir, i-dos, Beyaz | I71: 1 | J71: 1 | N71: =M71+L71+K71+J71+I71+H71+G71+F71+E71+D71+C71 -> 2 | Q71: devamı yok | R71: 30000 | S71: 31200 | V71: 250
A72: WG42A2X3TR | B72: =IFERROR(HYPERLINK(VLOOKUP(A72,ÜRÜNLER!A:C,3,FALSE),VLOOKUP(A72,ÜRÜNLER!A:B,2,FALSE)),"") -> iQ300 Çamaşır Makinesi, 9kg/1200devir, Beyaz | C72: 84 | F72: 5 | I72: 1 | J72: 1 | M72: 1 | N72: =M72+L72+K72+J72+I72+H72+G72+F72+E72+D72+C72 -> 92 | Q72: 28913.846 | R72: 28046.431 | S72: 29168.288 | T72: 1312.6834
A73: WG42K2Z0TR | B73: =IFERROR(HYPERLINK(VLOOKUP(A73,ÜRÜNLER!A:C,3,FALSE),VLOOKUP(A73,ÜRÜNLER!A:B,2,FALSE)),"") -> iQ500 Çamaşır Makinesi, 9kg/1200devir, Beyaz | C73: 22 | I73: 1 | K73: 1 | N73: =M73+L73+K73+J73+I73+H73+G73+F73+E73+D73+C73 -> 24 | Q73: 35486.101 | R73: 34421.518 | S73: 35798.378 | T73: 1544.2401 | W73: PREMIUM 4 LÜ SET
A74: WG42K2ZXTR | B74: =IFERROR(HYPERLINK(VLOOKUP(A74,ÜRÜNLER!A:C,3,FALSE),VLOOKUP(A74,ÜRÜNLER!A:B,2,FALSE)),"") -> iQ500 Çamaşır Makinesi, 9kg/1200devir, Gümüş | C74: 10 | I74: 1 | J74: 1 | M74: 1 | N74: =M74+L74+K74+J74+I74+H74+G74+F74+E74+D74+C74 -> 13 | O74: 10 | Q74: 38149.667 | R74: 37005.177 | S74: 38485.384 | T74: 2327.5743 | W74: PREMIUM 4 LÜ SET
A75: WG44A2Z1TR | B75: =IFERROR(HYPERLINK(VLOOKUP(A75,ÜRÜNLER!A:C,3,FALSE),VLOOKUP(A75,ÜRÜNLER!A:B,2,FALSE)),"") -> iQ300 Çamaşır Makinesi, 9kg/1400devir, Beyaz | I75: 1 | N75: =M75+L75+K75+J75+I75+H75+G75+F75+E75+D75+C75 -> 1 | Q75: devamı yok | R75: 31000 | S75: 32240 | V75: 500
A76: WG44A2ZRTR | B76: =IFERROR(HYPERLINK(VLOOKUP(A76,ÜRÜNLER!A:C,3,FALSE),VLOOKUP(A76,ÜRÜNLER!A:B,2,FALSE)),"") -> iQ300 Çamaşır Makinesi, 9kg/1400devir, Antrasit/Dark | I76: 1 | J76: 1 | M76: 1 | N76: =M76+L76+K76+J76+I76+H76+G76+F76+E76+D76+C76 -> 3 | Q76: devamı yok | R76: 31000 | S76: 32240 | V76: 500 | W76: PREMIUM 4 LÜ SET
A77: WG44B2A0TR | B77: =IFERROR(HYPERLINK(VLOOKUP(A77,ÜRÜNLER!A:C,3,FALSE),VLOOKUP(A77,ÜRÜNLER!A:B,2,FALSE)),"") -> iQ700 Çamaşır Makinesi, 9kg/1400devir, i-dos, Beyaz | J77: 1 | K77: 1 | M77: 1 | N77: =M77+L77+K77+J77+I77+H77+G77+F77+E77+D77+C77 -> 3 | O77: 2 | Q77: 48454.851 | R77: 47001.206 | S77: 48881.254 | W77: PREMIUM 4 LÜ SET
A78: WG44B200TR | B78: =IFERROR(HYPERLINK(VLOOKUP(A78,ÜRÜNLER!A:C,3,FALSE),VLOOKUP(A78,ÜRÜNLER!A:B,2,FALSE)),"") -> iQ700 Çamaşır Makinesi, 9kg/1400devir, Beyaz | N78: =M78+L78+K78+J78+I78+H78+G78+F78+E78+D78+C78 -> 0 | Q78: devamı yok | R78: 46000 | S78: 47840
A79: WG44K2Z0TR | B79: =IFERROR(HYPERLINK(VLOOKUP(A79,ÜRÜNLER!A:C,3,FALSE),VLOOKUP(A79,ÜRÜNLER!A:B,2,FALSE)),"") -> iQ500 Çamaşır Makinesi, 9kg/1400devir, Beyaz | C79: 15 | J79: 1 | N79: =M79+L79+K79+J79+I79+H79+G79+F79+E79+D79+C79 -> 16 | Q79: 38909.404 | R79: 37742.122 | S79: 39251.807 | T79: 3103.5905
A80: WG52A202TR | B80: =IFERROR(HYPERLINK(VLOOKUP(A80,ÜRÜNLER!A:C,3,FALSE),VLOOKUP(A80,ÜRÜNLER!A:B,2,FALSE)),"") -> iQ300 Çamaşır Makinesi, 10kg/1200devir, Beyaz | C80: 79 | I80: 1 | J80: 1 | K80: 1 | N80: =M80+L80+K80+J80+I80+H80+G80+F80+E80+D80+C80 -> 82 | Q80: devamı yok | R80: 33607 | S80: 34951.28 | T80: 5607.1277
A81: WG52A203TR | B81: =IFERROR(HYPERLINK(VLOOKUP(A81,ÜRÜNLER!A:C,3,FALSE),VLOOKUP(A81,ÜRÜNLER!A:B,2,FALSE)),"") -> iQ300 Çamaşır Makinesi, 10kg/1200devir, Beyaz | C81: 20 | N81: =M81+L81+K81+J81+I81+H81+G81+F81+E81+D81+C81 -> 20 | O81: 20 | Q81: 32467 | R81: 32467 | S81: 33765.68 | T81: 3409.4343
A82: WG52K2ZSTR | B82: =IFERROR(HYPERLINK(VLOOKUP(A82,ÜRÜNLER!A:C,3,FALSE),VLOOKUP(A82,ÜRÜNLER!A:B,2,FALSE)),"") -> iQ500 Çamaşır Makinesi, 10kg/1200devir, Gümüş | N82: =M82+L82+K82+J82+I82+H82+G82+F82+E82+D82+C82 -> 0 | O82: 8 | Q82: 38597 | R82: 38597 | S82: 40140.88 | T82: 1009
A83: WG52A2A0TR | B83: =IFERROR(HYPERLINK(VLOOKUP(A83,ÜRÜNLER!A:C,3,FALSE),VLOOKUP(A83,ÜRÜNLER!A:B,2,FALSE)),"") -> iQ500 Çamaşır Makinesi, 10kg/1200devir, i-dos, Beyaz | K83: 1 | N83: =M83+L83+K83+J83+I83+H83+G83+F83+E83+D83+C83 -> 1 | Q83: devamı yok | R83: 27000 | S83: 28080 | V83: 500
A84: WG52A2F0TR | B84: =IFERROR(HYPERLINK(VLOOKUP(A84,ÜRÜNLER!A:C,3,FALSE),VLOOKUP(A84,ÜRÜNLER!A:B,2,FALSE)),"") -> iQ500 Çamaşır Makinesi, 10kg/1200devir, i-dos, Beyaz | E84: 1 | I84: 1 | J84: 1 | K84: 2 | M84: 1 | N84: =M84+L84+K84+J84+I84+H84+G84+F84+E84+D84+C84 -> 6 | Q84: devamı yok | R84: 35000 | S84: 36400 | V84: 500
A85: WG52A2ZXTR | B85: =IFERROR(HYPERLINK(VLOOKUP(A85,ÜRÜNLER!A:C,3,FALSE),VLOOKUP(A85,ÜRÜNLER!A:B,2,FALSE)),"") -> iQ300 Çamaşır Makinesi, 10kg/1200devir, Gümüş | E85: 1 | I85: 1 | N85: =M85+L85+K85+J85+I85+H85+G85+F85+E85+D85+C85 -> 2 | Q85: devamı yok | R85: 35000 | S85: 36400 | V85: 500
A86: WG52K2Z0TR | B86: =IFERROR(HYPERLINK(VLOOKUP(A86,ÜRÜNLER!A:C,3,FALSE),VLOOKUP(A86,ÜRÜNLER!A:B,2,FALSE)),"") -> iQ500 Çamaşır Makinesi, 10kg/1200devir, Beyaz | C86: 18 | I86: 1 | N86: =M86+L86+K86+J86+I86+H86+G86+F86+E86+D86+C86 -> 19 | Q86: devamı yok | R86: 37000 | S86: 38480 | T86: 582.32652 | W86: PREMIUM 4 LÜ SET
A87: WG52K2ZXTR | B87: =IFERROR(HYPERLINK(VLOOKUP(A87,ÜRÜNLER!A:C,3,FALSE),VLOOKUP(A87,ÜRÜNLER!A:B,2,FALSE)),"") -> iQ500 Çamaşır Makinesi, 10kg/1200devir, Gümüş | J87: 1 | N87: =M87+L87+K87+J87+I87+H87+G87+F87+E87+D87+C87 -> 1 | Q87: devamı yok | R87: 39000 | S87: 40560 | T87: 1298.2905 | W87: PREMIUM 4 LÜ SET
A88: WG54A2Z0TR | B88: =IFERROR(HYPERLINK(VLOOKUP(A88,ÜRÜNLER!A:C,3,FALSE),VLOOKUP(A88,ÜRÜNLER!A:B,2,FALSE)),"") -> iQ300 Çamaşır Makinesi, 10kg/1400devir, Beyaz | I88: 1 | K88: 1 | N88: =M88+L88+K88+J88+I88+H88+G88+F88+E88+D88+C88 -> 2 | Q88: devamı yok | R88: 35000 | S88: 36400 | V88: 250 | W88: PREMIUM 4 LÜ SET
A89: WG54B2A1TR | B89: =IFERROR(HYPERLINK(VLOOKUP(A89,ÜRÜNLER!A:C,3,FALSE),VLOOKUP(A89,ÜRÜNLER!A:B,2,FALSE)),"") -> iQ700 Çamaşır Makinesi, 10kg/1400devir, i-dos, Beyaz | I89: 2 | J89: 1 | K89: 3 | N89: =M89+L89+K89+J89+I89+H89+G89+F89+E89+D89+C89 -> 6 | O89: 1 | Q89: devamı yok | R89: 50000 | S89: 52000 | V89: teşhir fiyatı | W89: PREMIUM 4 LÜ SET
A90: WG54B2ASTR | B90: =IFERROR(HYPERLINK(VLOOKUP(A90,ÜRÜNLER!A:C,3,FALSE),VLOOKUP(A90,ÜRÜNLER!A:B,2,FALSE)),"") -> iQ700 Çamaşır Makinesi, 10kg/1400devir, i-dos, Gümüş | I90: 1 | M90: 1 | N90: =M90+L90+K90+J90+I90+H90+G90+F90+E90+D90+C90 -> 2 | O90: 11 | Q90: devamı yok | R90: 70000 | S90: 72800 | W90: PREMIUM 4 LÜ SET
A91: WG52K2Z1TR | B91: =IFERROR(HYPERLINK(VLOOKUP(A91,ÜRÜNLER!A:C,3,FALSE),VLOOKUP(A91,ÜRÜNLER!A:B,2,FALSE)),"") -> iQ500 Çamaşır Makinesi, 10kg/1200devir, Beyaz | C91: 19 | J91: 1 | N91: =M91+L91+K91+J91+I91+H91+G91+F91+E91+D91+C91 -> 20 | O91: 6 | Q91: 37082.787 | R91: 35970.304 | S91: 37409.116
A92: WG54K2Y0TR | B92: =IFERROR(HYPERLINK(VLOOKUP(A92,ÜRÜNLER!A:C,3,FALSE),VLOOKUP(A92,ÜRÜNLER!A:B,2,FALSE)),"") -> iQ500 Çamaşır Makinesi, 10kg/1400devir, i-dos, Beyaz | C92: 15 | N92: =M92+L92+K92+J92+I92+H92+G92+F92+E92+D92+C92 -> 15 | O92: 6 | Q92: 37551.978 | R92: 36425.419 | S92: 37882.435
A93: WG64K2Y0TR | B93: =IFERROR(HYPERLINK(VLOOKUP(A93,ÜRÜNLER!A:C,3,FALSE),VLOOKUP(A93,ÜRÜNLER!A:B,2,FALSE)),"") -> iQ500 Çamaşır Makinesi, 11kg/1400devir, i-dos, Beyaz | C93: 7 | N93: =M93+L93+K93+J93+I93+H93+G93+F93+E93+D93+C93 -> 7 | O93: 1 | Q93: 38388.325 | R93: 38388.325 | S93: 39923.858
A94: WG64K2F0TR | B94: =IFERROR(HYPERLINK(VLOOKUP(A94,ÜRÜNLER!A:C,3,FALSE),VLOOKUP(A94,ÜRÜNLER!A:B,2,FALSE)),"") -> iQ500 Çamaşır Makinesi, 11kg/1400devir, i-dos, Beyaz | I94: 1 | K94: 1 | N94: =M94+L94+K94+J94+I94+H94+G94+F94+E94+D94+C94 -> 2 | Q94: devamı yok | R94: 37000 | S94: 38480 | W94: PREMIUM 4 LÜ SET
A95: WG64K2Z0TR | B95: =IFERROR(HYPERLINK(VLOOKUP(A95,ÜRÜNLER!A:C,3,FALSE),VLOOKUP(A95,ÜRÜNLER!A:B,2,FALSE)),"") -> iQ500 Çamaşır Makinesi, 11kg/1400devir, Beyaz | C95: 5 | F95: 1 | I95: 1 | J95: 1 | K95: 1 | M95: 1 | N95: =M95+L95+K95+J95+I95+H95+G95+F95+E95+D95+C95 -> 10 | O95: 36 | Q95: 37340.466 | R95: 36220.252 | S95: 37669.062 | W95: PREMIUM 4 LÜ SET
A96: WG64K2ZRTR | B96: =IFERROR(HYPERLINK(VLOOKUP(A96,ÜRÜNLER!A:C,3,FALSE),VLOOKUP(A96,ÜRÜNLER!A:B,2,FALSE)),"") -> iQ500 Çamaşır Makinesi, 11kg/1400devir, Antrasit/Dark | C96: 42 | I96: 1 | J96: 1 | M96: 1 | N96: =M96+L96+K96+J96+I96+H96+G96+F96+E96+D96+C96 -> 45 | O96: 17 | Q96: 41126.379 | R96: 39892.587 | S96: 41488.291 | W96: PREMIUM 4 LÜ SET
A97: WM12N200TR | B97: =IFERROR(HYPERLINK(VLOOKUP(A97,ÜRÜNLER!A:C,3,FALSE),VLOOKUP(A97,ÜRÜNLER!A:B,2,FALSE)),"") -> iQ300 Çamaşır Makinesi, 9kg/1200devir, Beyaz | K97: 2 | N97: =M97+L97+K97+J97+I97+H97+G97+F97+E97+D97+C97 -> 2 | P97: PRİM HARİÇ | Q97: devamı yok | R97: 27000 | S97: 28080 | V97: 500
A98: WM14UP91TR | B98: =IFERROR(HYPERLINK(VLOOKUP(A98,ÜRÜNLER!A:C,3,FALSE),VLOOKUP(A98,ÜRÜNLER!A:B,2,FALSE)),"") -> iQ500 Çamaşır Makinesi, 9kg/1400devir, i-dos, Beyaz | I98: 2 | K98: 1 | N98: =M98+L98+K98+J98+I98+H98+G98+F98+E98+D98+C98 -> 3 | Q98: devamı yok | R98: 33000 | S98: 34320 | V98: 500
A99: WM14XE50TR | B99: =IFERROR(HYPERLINK(VLOOKUP(A99,ÜRÜNLER!A:C,3,FALSE),VLOOKUP(A99,ÜRÜNLER!A:B,2,FALSE)),"") -> iQ700 Çamaşır Makinesi, 10kg/1400devir, i-dos, Beyaz | I99: 1 | N99: =M99+L99+K99+J99+I99+H99+G99+F99+E99+D99+C99 -> 1 | Q99: devamı yok | R99: 37000 | S99: 38480 | V99: 500
A100: WN54C2A0TR | B100: =IFERROR(HYPERLINK(VLOOKUP(A100,ÜRÜNLER!A:C,3,FALSE),VLOOKUP(A100,ÜRÜNLER!A:B,2,FALSE)),"") -> iQ700 Kurutmalı Çamaşır Makinesi, 10.5kg/6kg/1400devir, i-dos, Beyaz | C100: 2 | I100: 1 | N100: =M100+L100+K100+J100+I100+H100+G100+F100+E100+D100+C100 -> 3 | O100: 1 | Q100: 74984.819 | R100: 72735.275 | S100: 75644.686
...

Sheet HESAPLAYICI
A1: =Sayfa1!A1 -> STOK KODU | B1: =Sayfa1!B1 -> AÇIKLAMA | C1: =Sayfa1!C1 -> 23 NİSAN HOROZ | D1: =Sayfa1!$Q$1 -> NİSAN TOPTAN | E1: =Sayfa1!$R$1 -> HAVALE FİYATI | F1: =Sayfa1!$S$1 -> TEK ÇEKİM FİYATI | G1: =Sayfa1!$T$1 -> NİSAN BİP | H1: =Sayfa1!$U$1 -> Phase out (üretimi biten) 31.05.2026 olarak montaj durumu takip edilecektir | I1: Toplam Bundle İndirim Tutarını Aşağıya Yaz | J1: =Sayfa1!$W$1 -> PREMİUM 4 LÜ ÜRÜN ALIMINDA 27.000 TL İNDİRİM | K1: =Sayfa1!$V$1 -> Hakedişler LİSTE FİYATINDAN SATILIRSA geçerli olacak | L1: =Sayfa1!$X$1 -> ONLINE FİYAT
A2: HB534FER0T | B2: =IFERROR(VLOOKUP(A2,Sayfa1!A:B,2,FALSE),"?") -> iQ300 Ankastre Fırın, 1 Teleskopik Ray, Arkası Kendini Temizler, Siyah/Inox | C2: =IFERROR(VLOOKUP(A2,Sayfa1!A:C,3,FALSE),"?") -> 0 | D2: =IFERROR(VLOOKUP(A2,Sayfa1!$A:$Q,17,FALSE),"?") -> devamı yok | E2: =IFERROR(VLOOKUP(A2,Sayfa1!$A:$R,18,FALSE),"?") -> 18000 | F2: =IFERROR(VLOOKUP(A2,Sayfa1!$A:$S,19,FALSE),"?") -> 18720 | G2: =IFERROR(VLOOKUP(A2,Sayfa1!$A:$T,20,FALSE),"?") -> 0 | H2: =IFERROR(VLOOKUP(A2,Sayfa1!$A:$U,21,FALSE),"?") -> 1656.58 | J2: =IFERROR(VLOOKUP(A2,Sayfa1!$A:$W,23,FALSE),"?") -> 0 | K2: =IFERROR(VLOOKUP(A2,Sayfa1!$A:$V,22,FALSE),"?") -> 250 | L2: =IFERROR(VLOOKUP(A2,Sayfa1!$A:$X,24,FALSE),"?") -> 0
B3: =IFERROR(VLOOKUP(A3,Sayfa1!A:B,2,FALSE),"?") -> ? | C3: =IFERROR(VLOOKUP(A3,Sayfa1!A:C,3,FALSE),"?") -> ? | D3: =IFERROR(VLOOKUP(A3,Sayfa1!$A:$Q,17,FALSE),"?") -> ? | E3: =IFERROR(VLOOKUP(A3,Sayfa1!$A:$R,18,FALSE),"?") -> ? | F3: =IFERROR(VLOOKUP(A3,Sayfa1!$A:$S,19,FALSE),"?") -> ? | G3: =IFERROR(VLOOKUP(A3,Sayfa1!$A:$T,20,FALSE),"?") -> ? | H3: =IFERROR(VLOOKUP(A3,Sayfa1!$A:$U,21,FALSE),"?") -> ? | J3: =IFERROR(VLOOKUP(A3,Sayfa1!$A:$W,23,FALSE),"?") -> ? | K3: =IFERROR(VLOOKUP(A3,Sayfa1!$A:$V,22,FALSE),"?") -> ? | L3: =IFERROR(VLOOKUP(A3,Sayfa1!$A:$X,24,FALSE),"?") -> ?
B4: =IFERROR(VLOOKUP(A4,Sayfa1!A:B,2,FALSE),"?") -> ? | C4: =IFERROR(VLOOKUP(A4,Sayfa1!A:C,3,FALSE),"?") -> ? | D4: =IFERROR(VLOOKUP(A4,Sayfa1!$A:$Q,17,FALSE),"?") -> ? | E4: =IFERROR(VLOOKUP(A4,Sayfa1!$A:$R,18,FALSE),"?") -> ? | F4: =IFERROR(VLOOKUP(A4,Sayfa1!$A:$S,19,FALSE),"?") -> ? | G4: =IFERROR(VLOOKUP(A4,Sayfa1!$A:$T,20,FALSE),"?") -> ? | H4: =IFERROR(VLOOKUP(A4,Sayfa1!$A:$U,21,FALSE),"?") -> ? | J4: =IFERROR(VLOOKUP(A4,Sayfa1!$A:$W,23,FALSE),"?") -> ? | K4: =IFERROR(VLOOKUP(A4,Sayfa1!$A:$V,22,FALSE),"?") -> ? | L4: =IFERROR(VLOOKUP(A4,Sayfa1!$A:$X,24,FALSE),"?") -> ?
B5: =IFERROR(VLOOKUP(A5,Sayfa1!A:B,2,FALSE),"?") -> ? | C5: =IFERROR(VLOOKUP(A5,Sayfa1!A:C,3,FALSE),"?") -> ? | D5: =IFERROR(VLOOKUP(A5,Sayfa1!$A:$Q,17,FALSE),"?") -> ? | E5: =IFERROR(VLOOKUP(A5,Sayfa1!$A:$R,18,FALSE),"?") -> ? | F5: =IFERROR(VLOOKUP(A5,Sayfa1!$A:$S,19,FALSE),"?") -> ? | G5: =IFERROR(VLOOKUP(A5,Sayfa1!$A:$T,20,FALSE),"?") -> ? | H5: =IFERROR(VLOOKUP(A5,Sayfa1!$A:$U,21,FALSE),"?") -> ? | J5: =IFERROR(VLOOKUP(A5,Sayfa1!$A:$W,23,FALSE),"?") -> ? | K5: =IFERROR(VLOOKUP(A5,Sayfa1!$A:$V,22,FALSE),"?") -> ? | L5: =IFERROR(VLOOKUP(A5,Sayfa1!$A:$X,24,FALSE),"?") -> ?
B6: =IFERROR(VLOOKUP(A6,Sayfa1!A:B,2,FALSE),"?") -> ? | C6: =IFERROR(VLOOKUP(A6,Sayfa1!A:C,3,FALSE),"?") -> ? | D6: =IFERROR(VLOOKUP(A6,Sayfa1!$A:$Q,17,FALSE),"?") -> ? | E6: =IFERROR(VLOOKUP(A6,Sayfa1!$A:$R,18,FALSE),"?") -> ? | F6: =IFERROR(VLOOKUP(A6,Sayfa1!$A:$S,19,FALSE),"?") -> ? | G6: =IFERROR(VLOOKUP(A6,Sayfa1!$A:$T,20,FALSE),"?") -> ? | H6: =IFERROR(VLOOKUP(A6,Sayfa1!$A:$U,21,FALSE),"?") -> ? | J6: =IFERROR(VLOOKUP(A6,Sayfa1!$A:$W,23,FALSE),"?") -> ? | K6: =IFERROR(VLOOKUP(A6,Sayfa1!$A:$V,22,FALSE),"?") -> ? | L6: =IFERROR(VLOOKUP(A6,Sayfa1!$A:$X,24,FALSE),"?") -> ?
B7: =IFERROR(VLOOKUP(A7,Sayfa1!A:B,2,FALSE),"?") -> ? | C7: =IFERROR(VLOOKUP(A7,Sayfa1!A:C,3,FALSE),"?") -> ? | D7: =IFERROR(VLOOKUP(A7,Sayfa1!$A:$Q,17,FALSE),"?") -> ? | E7: =IFERROR(VLOOKUP(A7,Sayfa1!$A:$R,18,FALSE),"?") -> ? | F7: =IFERROR(VLOOKUP(A7,Sayfa1!$A:$S,19,FALSE),"?") -> ? | G7: =IFERROR(VLOOKUP(A7,Sayfa1!$A:$T,20,FALSE),"?") -> ? | H7: =IFERROR(VLOOKUP(A7,Sayfa1!$A:$U,21,FALSE),"?") -> ? | J7: =IFERROR(VLOOKUP(A7,Sayfa1!$A:$W,23,FALSE),"?") -> ? | K7: =IFERROR(VLOOKUP(A7,Sayfa1!$A:$V,22,FALSE),"?") -> ? | L7: =IFERROR(VLOOKUP(A7,Sayfa1!$A:$X,24,FALSE),"?") -> ?
B8: =IFERROR(VLOOKUP(A8,Sayfa1!A:B,2,FALSE),"?") -> ? | C8: =IFERROR(VLOOKUP(A8,Sayfa1!A:C,3,FALSE),"?") -> ? | D8: =IFERROR(VLOOKUP(A8,Sayfa1!$A:$Q,17,FALSE),"?") -> ? | E8: =IFERROR(VLOOKUP(A8,Sayfa1!$A:$R,18,FALSE),"?") -> ? | F8: =IFERROR(VLOOKUP(A8,Sayfa1!$A:$S,19,FALSE),"?") -> ? | G8: =IFERROR(VLOOKUP(A8,Sayfa1!$A:$T,20,FALSE),"?") -> ? | H8: =IFERROR(VLOOKUP(A8,Sayfa1!$A:$U,21,FALSE),"?") -> ? | J8: =IFERROR(VLOOKUP(A8,Sayfa1!$A:$W,23,FALSE),"?") -> ? | K8: =IFERROR(VLOOKUP(A8,Sayfa1!$A:$V,22,FALSE),"?") -> ? | L8: =IFERROR(VLOOKUP(A8,Sayfa1!$A:$X,24,FALSE),"?") -> ?
B9: =IFERROR(VLOOKUP(A9,Sayfa1!A:B,2,FALSE),"?") -> ? | C9: =IFERROR(VLOOKUP(A9,Sayfa1!A:C,3,FALSE),"?") -> ? | D9: =IFERROR(VLOOKUP(A9,Sayfa1!$A:$Q,17,FALSE),"?") -> ? | E9: =IFERROR(VLOOKUP(A9,Sayfa1!$A:$R,18,FALSE),"?") -> ? | F9: =IFERROR(VLOOKUP(A9,Sayfa1!$A:$S,19,FALSE),"?") -> ? | G9: =IFERROR(VLOOKUP(A9,Sayfa1!$A:$T,20,FALSE),"?") -> ? | H9: =IFERROR(VLOOKUP(A9,Sayfa1!$A:$U,21,FALSE),"?") -> ? | J9: =IFERROR(VLOOKUP(A9,Sayfa1!$A:$W,23,FALSE),"?") -> ? | K9: =IFERROR(VLOOKUP(A9,Sayfa1!$A:$V,22,FALSE),"?") -> ? | L9: =IFERROR(VLOOKUP(A9,Sayfa1!$A:$X,24,FALSE),"?") -> ?
B10: =IFERROR(VLOOKUP(A10,Sayfa1!A:B,2,FALSE),"?") -> ? | C10: =IFERROR(VLOOKUP(A10,Sayfa1!A:C,3,FALSE),"?") -> ? | D10: =IFERROR(VLOOKUP(A10,Sayfa1!$A:$Q,17,FALSE),"?") -> ? | E10: =IFERROR(VLOOKUP(A10,Sayfa1!$A:$R,18,FALSE),"?") -> ? | F10: =IFERROR(VLOOKUP(A10,Sayfa1!$A:$S,19,FALSE),"?") -> ? | G10: =IFERROR(VLOOKUP(A10,Sayfa1!$A:$T,20,FALSE),"?") -> ? | H10: =IFERROR(VLOOKUP(A10,Sayfa1!$A:$U,21,FALSE),"?") -> ? | J10: =IFERROR(VLOOKUP(A10,Sayfa1!$A:$W,23,FALSE),"?") -> ? | K10: =IFERROR(VLOOKUP(A10,Sayfa1!$A:$V,22,FALSE),"?") -> ? | L10: =IFERROR(VLOOKUP(A10,Sayfa1!$A:$X,24,FALSE),"?") -> ?
B11: =IFERROR(VLOOKUP(A11,Sayfa1!A:B,2,FALSE),"?") -> ? | C11: =IFERROR(VLOOKUP(A11,Sayfa1!A:C,3,FALSE),"?") -> ? | D11: =IFERROR(VLOOKUP(A11,Sayfa1!$A:$Q,17,FALSE),"?") -> ? | E11: =IFERROR(VLOOKUP(A11,Sayfa1!$A:$R,18,FALSE),"?") -> ? | F11: =IFERROR(VLOOKUP(A11,Sayfa1!$A:$S,19,FALSE),"?") -> ? | G11: =IFERROR(VLOOKUP(A11,Sayfa1!$A:$T,20,FALSE),"?") -> ? | H11: =IFERROR(VLOOKUP(A11,Sayfa1!$A:$U,21,FALSE),"?") -> ? | J11: =IFERROR(VLOOKUP(A11,Sayfa1!$A:$W,23,FALSE),"?") -> ? | K11: =IFERROR(VLOOKUP(A11,Sayfa1!$A:$V,22,FALSE),"?") -> ? | L11: =IFERROR(VLOOKUP(A11,Sayfa1!$A:$X,24,FALSE),"?") -> ?
A12: Toplam Satış Fiyatı | E12: =SUM(E2:E11) -> 18000 | F12: =SUM(F2:F11) -> 18720
A13: BİP İndirimi | E13: =SUM(G:G)*-1 -> 0 | F13: =SUM(G:G)*-1 -> 0
A14: PhaseOut İndirimi | E14: =SUM(H:H)*-1 -> -1656.58 | F14: =SUM(H:H)*-1 -> -1656.58
A15: Toplam Bundle İndirimi | E15: =I2*-1 -> 0 | F15: =I2*-1 -> 0
A16: Satılabilir Minimum Fiyat | E16: =SUM(E12:E15) -> 16343.42 | F16: =SUM(F12:F15) -> 17063.42
A17: Satılabilir Minimum Taksitli Fiyat | E17: =E16*1.08 -> 17650.894

Sheet Bundle Kampanya
C2: 2’li LDA alımında perakende de 5.000 ₺ indirim fırsatı! | D2: 2’li LDA alımında (Buzdolabı - Çamaşır - Bulaşık - Derin Dondurucu) perakende de 5.000 ₺ indirim uygulanır. “diğer kampanyalar ile birleşemez” 4.000 ₺ kdv dahil fiyat farkı hak edişi ödenecektir.
K9: Seçili Ankastre fırın ile set alana perakende de 6.000 ₺ indirim! | L9: Geçerli Ankastre Fırınlar
C11: 2’li LDA alımında Kurutma Makinelerinde perakende de 10.000 ₺ indirim fırsatı! | D11: 2’li LDA alımında (Buzdolabı - Çamaşır - Bulaşık - Derin Dondurucu) + KURUTMA perakende de 10.000 ₺ indirim uygulanır. “diğer kampanyalar ile birleşemez” 8.000 ₺ kdv dahil fiyat farkı hak edişi ödenecektir. | L11: HB012FBH1T, HB012FBB1T, HB012FBW1T + (phase out iQ300 segment modeller) Ankastre fırınlarda geçerlidir. (HB011 ve giriş segment muadili modeller dahil değildir.)
L15: Uygulama koşulları : Seçili ankastre fırınlar ile set (fırın+ocak+dav.) set alana perakden de 6.000 ₺ indirim uygulanır. Diğer fırınlarda geçerli değildir. KDV dahil 4.500 ₺ hak ediş ödenir.
C21: 4'lü çeyiz seti alana perakende de 15.000 ₺ İndirim! | D21: 4'lü çeyiz seti alana perakende de 15.000 ₺ indirim! (Buzdolabı-Derin Dondurucu-Çamaşır-Kurutma+Bulaşık)
K27: Perakende de Seçili Ankastre Fırın ve Ocak alana LC63KPJ60T kodlu davlumbaz hediye! | L27: Geçerli Ankastre Setler
D29: Uygulama koşulları : Seçili ürün gruplarından 4'lü LDA alan tüketicilere perakende de 15.000 ₺ indirim! KDV dahil 12.200 ₺ hakediş ödenir. (Buzdolab-Derin Dondurucu-Çamaşır-Kurutma+Bulaşık) | L29: ( HB778G3B1, HR776G3B1, HS736G1B2, HB776G1B1, HB734G1B1, HR232GEB3, HB557JEB6T, HJ852GYN0T, HJ852GYB0T, HJ852GYW0T, HU736AEG0T, HU736AEV0T, HU736AEA0T, HU736AEN0T, HU717ABN0T, HU717ABA0T, HU717ABV0T) ve (phase out iQ500 segment ve üzeri modeller) Ankastre fırınlarda geçerlidir. (HB011 ve giriş segment muadili modeller dahil değildir.)
L33: Uygulama koşulları : Perakende de Seçili Ankastre Fırın ve Ocak alanaLC63KPJ60T kodlu davlumbaz hediyedir. Diğer davlumbazlarda perakende de 11.610 ₺ net indirim uygulanır. Giriş setlerde geçerli değildir. KDV dahil 8.850 ₺ hak ediş ödenir.
C36: Seçili Premium Ürünlerden 3'lü LDA Alımına Ek Kurutma alana WQ42J200TR Kurutma Makinesi perakende de 9.999 ₺! | D36: Kampanya Kapsamındaki Ürünler
D38: Buzdolabı (KD86NAWE1N, KD86NAID1N, KD86NAIE0N, KG86PAXB0N, KG76NCXE0N, KG86PFIC0N, KG86PFWC0N, KF96NAXEA, KF96RSBEA, KF96NVPEA) Bulaşık Makinesi (SN15EC00NT, SN15EI00KT, SN15EW00KT, SN23IC62MT, SN25EI63KT, SN25EI70MT, SN27YI82DT, SN25EI82AT, SN25EI83CT, SN57ZS82DT, SN55ES82KT, SN75EX11CE, SN63HX62MT, SX95EX12CE) Çamaşır Makinesi (WG42K2Z0TR, WG42K2ZXTR, WG52K2Z0TR, WG52K2ZXTR, WG54A2Z0TR, WG54B2ASTR, WG54B2A1TR, WG44B2A0TR, WG44A2ZRTR, WG64K2F0TR, WG64K2Z0TR, WG64K2ZRTR) Kurutma Makinesi (WQ42J200TR, WQ43J2C0TR, WQ42G20RTR, WQ42J20XTR, WQ44G2C1TR, WQ52K200TR, WQ45B2A0TR, WQ45B2AXTR, WQ52J20RTR)
K40: "HB557" Ankastre fırın segmenti ve üzeri Set alımlarına “SN616X00DT” kodlu tam ankastre bulaşık makinesi perakende de %50 indirimli! | L40: Geçerli Ankastre Fırınlar
L42: "HB557" Ankastre fırın segmenti ve daha üst segment fırınlar dahildir.
D44: Uygulama koşulları : Seçili premium ürünlerden 3'lü alımına ek kurutma alan tüketicilere WQ42J200TR Kurutma Makinesi perakende de 9.999 ₺! Diğer seçili kurutmalarda perakende de 35.271 ₺ indirim uygulanmalıdır. KDV dahil 27.000 ₺ hak ediş ödenir. (Buzdolabı+Çamaşır+Bulaşık+Kurutma)
L46: Uygulama koşulları : Seçili ankastre set (fırın+ocak+dav.) alımlarında “SN616X00DT” kodlu tam ankastre bulaşık makinesine perakende de %50 indirim uygulanır. Diğer ankastre bulaşık makinlerinde perakende de 18.315 ₺ indirim uygulanır. Giriş setlerde geçerli değildir. KDV dahil 12.000 ₺ hak ediş ödenir.
C51: XL - XXL Buzdolabı alana VSX21A300 Toz Torbasız Süpürge perakende de Hediye veya VSM120B IQ500 Şarjlı Süpürge perkende de 6.360 TL! “diğer kampanyalar ile birleşemez” | D51: XL veya XXL Buzdolabı alana VSX21A300 Toz Torbasız Süpürge peralende de Hediye verilir veya VSM120B IQ500 Şarjlı Süpürge perakende de 6.360 ₺! "Diğer Süpürgelerde perakende de 10.840 ₺ indirim uygulanır" 8.200 ₺ kdv dahil fiyat farkı hak edişi ödenecektir. “Diğer kampanyalar ile birleşemez” (Süpürge almak istemeyen tüketiciler için Buzdolaplarında indirim yapılabilir.)
K58: "HB557" Ankastre fırın segmenti ve üzeri Set alımlarına “BF623LMS3” kodlu ankastre mikrodalga perakende de 1.990₺! | L58: Geçerli Ankastre Fırınlar
L60: "HB557" Ankastre fırın segmenti ve daha üst segment fırınlar dahildir.
L64: Uygulama koşulları : Seçili ankastre set (fırın+ocak+dav.) alımlarında “BF623LMS3” kodlu ankastre mikrodalga perakende de 1.990₺. Diğer ankastre mikrodalgalarda da perakende de 14.790 ₺ indirim uygulanır. Giriş setlerde geçerli değildir. KDV dahil 12.000 ₺ hak ediş ödenir.

Sheet ÜRÜNLER
A1: Ürün No | B1: Ürün Adı | C1: Ürün Linki
A2: 50PUS8009/62 | B2: Philips 50" 4K Ambilight LED TV | C2: https://www.philips.com.tr/c-p/50PUS8009_62/led-50pus8009-4k-ambilight-tv
A3: AS09IVW32N | B3: Siemens Ev Tipi Klima İç Ünite, 9.000BTU, Beyaz | C3: https://www.siemens-home.bsh-group.com/tr/tr/product/klimalar/AS09XVW32N
A4: AS09OVW32N | B4: Siemens Ev Tipi Klima Dış Ünite, 9.000BTU, Beyaz | C4: https://www.siemens-home.bsh-group.com/tr/tr/product/klimalar/AS09XVW32N
A5: AS12IVW30N | B5: Siemens Ev Tipi Klima İç Ünite, 12.000BTU, Beyaz | C5: https://www.siemens-home.bsh-group.com/tr/tr/product/klimalar/AS12XVW32N
A6: AS12IVW32N | B6: Siemens Ev Tipi Klima İç Ünite, 12.000BTU, Beyaz | C6: https://www.siemens-home.bsh-group.com/tr/tr/product/klimalar/AS12XVW32N
A7: AS12IXB32N | B7: Siemens Ev Tipi Klima İç Ünite, 12.000BTU, Siyah | C7: https://www.siemens-home.bsh-group.com/tr/tr/product/klimalar/AS12XXB32N
A8: AS12OVW30N | B8: Siemens Ev Tipi Klima Dış Ünite, 12.000BTU, Beyaz | C8: https://www.siemens-home.bsh-group.com/tr/tr/product/klimalar/AS12XVW32N
A9: AS12OVW32N | B9: Siemens Ev Tipi Klima Dış Ünite, 12.000BTU, Beyaz | C9: https://www.siemens-home.bsh-group.com/tr/tr/product/klimalar/AS12XVW32N
A10: AS12OXB32N | B10: Siemens Ev Tipi Klima Dış Ünite, 12.000BTU, Beyaz | C10: https://www.siemens-home.bsh-group.com/tr/tr/product/klimalar/AS12XXB32N
A11: AS18IVW30N | B11: Siemens Ev Tipi Klima İç Ünite, 18.000BTU, Beyaz | C11: https://www.siemens-home.bsh-group.com/tr/tr/product/klimalar/AS18XVW32N
A12: AS18IXB32N | B12: Siemens Ev Tipi Klima İç Ünite, 18.000BTU, Siyah | C12: https://www.siemens-home.bsh-group.com/tr/tr/product/klimalar/AS18XXB32N
... A542: KD76NAWE1N | B542: iQ500 Üstten Donduruculu Kulplu Buzdolabı, 75cm, Beyaz | C542: https://www.siemens-home.bsh-group.com/tr/tr/product/KD76NAWE1N
