Workbook

Sheet Sayfa1
A1: STOK KODU | B1: AÇIKLAMA | C1: 30 Mart HOROZ | D1: 30 MART Studioline HOROZ | E1: 19 MART YILDIZ DEPO | F1: CAM OFİS | G1: İNTERNET DEPO | H1: STUDIO LINE CEPA | I1: ANKAMALL | J1: CEPA | K1: ONE TOWER | L1: PANORA | M1: VEGA | N1: TOPLAM STOK | O1: 13 MART BEKLEYEN | P1: PRİM HARİÇ ÜRÜN | Q1: MART TOPTAN | R1: HAVALE FİYATI | S1: TEK ÇEKİM FİYATI | T1: MART BİP | U1: Phase out ürünler 30.04.2026 montaj ZORUNLU | V1: Hakedişler LİSTE FİYATINDAN SATILIRSA geçerli olacak | W1: PREMİUM 4 LÜ ÜRÜN ALIMINDA 27.000 TL İNDİRİM | X1: ONLINE FİYAT
A2: KA93NVL30N | B2: =IFERROR(HYPERLINK(VLOOKUP(A2,ÜRÜNLER!A:C,3,FALSE),VLOOKUP(A2,ÜRÜNLER!A:B,2,FALSE)),"") -> iQ300 Gardırop Tipi Buzdolabı, 90.8cm, Inox | J2: 1 | K2: 1 | N2: =SUM(C2:M2) -> 2 | Q2: devamı yok | R2: 70000 | S2: 72800 | V2: 250
A3: KF96RSBEA | B3: =IFERROR(HYPERLINK(VLOOKUP(A3,ÜRÜNLER!A:C,3,FALSE),VLOOKUP(A3,ÜRÜNLER!A:B,2,FALSE)),"") -> iQ700 Gardırop Tipi Buzdolabı, Cam Kapı, Alkol Çekmeceli, 90.5cm, Siyah | C3: 6 | J3: 1 | L3: 1 | N3: =SUM(C3:M3) -> 8 | O3: 1 | Q3: 210521.14 | R3: 199995.08 | S3: 207994.89 | W3: PREMIUM 4 LÜ SET
A4: KF96NAXEA | B4: =IFERROR(HYPERLINK(VLOOKUP(A4,ÜRÜNLER!A:C,3,FALSE),VLOOKUP(A4,ÜRÜNLER!A:B,2,FALSE)),"") -> iQ300 Gardırop Tipi Buzdolabı, 90.5cm, BlackSteel | C4: 7 | I4: 1 | J4: 1 | K4: 2 | L4: 1 | N4: =SUM(C4:M4) -> 12 | O4: 35 | Q4: 128387.15 | R4: 124535.53 | S4: 129516.96 | T4: 34502.89 | W4: PREMIUM 4 LÜ SET
A5: KF96NVPEA | B5: =IFERROR(HYPERLINK(VLOOKUP(A5,ÜRÜNLER!A:C,3,FALSE),VLOOKUP(A5,ÜRÜNLER!A:B,2,FALSE)),"") -> iQ300 Gardırop Tipi Buzdolabı, 90.5cm, Inox | C5: 5 | I5: 1 | K5: 2 | N5: =SUM(C5:M5) -> 8 | O5: 16 | Q5: 113545.45 | R5: 110139.09 | S5: 114544.65 | T5: 20657.079 | W5: PREMIUM 4 LÜ SET
A6: KD43NNWE0N | B6: =IFERROR(HYPERLINK(VLOOKUP(A6,ÜRÜNLER!A:C,3,FALSE),VLOOKUP(A6,ÜRÜNLER!A:B,2,FALSE)),"") -> iQ100 Üstten Donduruculu Kulpsuz Buzdolabı, 70cm, Beyaz | C6: 3 | N6: =SUM(C6:M6) -> 3 | P6: PRİM HARİÇ | Q6: 30401.26 | R6: 30401.26 | S6: 31617.311
A7: KD55NNWE0N | B7: =IFERROR(HYPERLINK(VLOOKUP(A7,ÜRÜNLER!A:C,3,FALSE),VLOOKUP(A7,ÜRÜNLER!A:B,2,FALSE)),"") -> iQ300 Üstten Donduruculu Kulpsuz Buzdolabı, 70cm, Beyaz | C7: 5 | N7: =SUM(C7:M7) -> 5 | O7: 2 | Q7: 34025.498 | R7: 33004.733 | S7: 34324.922 | T7: 1491.7772
A8: KD55NNLE0N | B8: =IFERROR(HYPERLINK(VLOOKUP(A8,ÜRÜNLER!A:C,3,FALSE),VLOOKUP(A8,ÜRÜNLER!A:B,2,FALSE)),"") -> iQ300 Üstten Donduruculu Kulpsuz Buzdolabı, 70cm, Inox Görünümlü | N8: =SUM(C8:M8) -> 0 | O8: 5 | Q8: 39960.567 | R8: 38761.75 | S8: 40312.22 | T8: 4171.0322
A9: KD56NXWF1N | B9: =IFERROR(HYPERLINK(VLOOKUP(A9,ÜRÜNLER!A:C,3,FALSE),VLOOKUP(A9,ÜRÜNLER!A:B,2,FALSE)),"") -> iQ300 Üstten Donduruculu Kulpsuz Buzdolabı, 70cm, Beyaz | K9: 1 | N9: =SUM(C9:M9) -> 1 | Q9: devamı yok | R9: 40000 | S9: 41600 | V9: 250
A10: KD76NAIE0N | B10: =IFERROR(HYPERLINK(VLOOKUP(A10,ÜRÜNLER!A:C,3,FALSE),VLOOKUP(A10,ÜRÜNLER!A:B,2,FALSE)),"") -> iQ500 Üstten Donduruculu Kulplu Buzdolabı, 75cm, Inox | I10: 1 | K10: 1 | N10: =SUM(C10:M10) -> 2 | Q10: devamı yok | R10: 64999 | S10: 67598.96 | U10: 18233.94 | V10: 250
A11: KD76NAIE1N | B11: =IFERROR(HYPERLINK(VLOOKUP(A11,ÜRÜNLER!A:C,3,FALSE),VLOOKUP(A11,ÜRÜNLER!A:B,2,FALSE)),"") -> iQ500 Üstten Donduruculu Kulplu Buzdolabı, 75cm, Inox | C11: 4 | N11: =SUM(C11:M11) -> 4 | O11: 6 | Q11: 82878.063 | R11: 80391.722 | S11: 83607.39 | T11: 20757.133
A12: KD76NHID1N | B12: =IFERROR(HYPERLINK(VLOOKUP(A12,ÜRÜNLER!A:C,3,FALSE),VLOOKUP(A12,ÜRÜNLER!A:B,2,FALSE)),"") -> iQ500 Üstten Donduruculu Kulplu Buzdolabı, 75cm, Inox | C12: 2 | N12: =SUM(C12:M12) -> 2 | Q12: devamı yok | R12: 60000 | S12: 62400
A13: KD76NXIE1N | B13: =IFERROR(HYPERLINK(VLOOKUP(A13,ÜRÜNLER!A:C,3,FALSE),VLOOKUP(A13,ÜRÜNLER!A:B,2,FALSE)),"") -> iQ500 Üstten Donduruculu Kulpsuz Buzdolabı, 75cm, Inox | C13: 2 | N13: =SUM(C13:M13) -> 2 | O13: 8 | Q13: 66166.491 | R13: 64181.497 | S13: 66748.757 | T13: 13096.724
A14: KD76NXWE1N | B14: =IFERROR(HYPERLINK(VLOOKUP(A14,ÜRÜNLER!A:C,3,FALSE),VLOOKUP(A14,ÜRÜNLER!A:B,2,FALSE)),"") -> iQ300 Üstten Donduruculu, Kulpsuz Buzdolabı, 75cm, Beyaz | C14: 6 | I14: 1 | J14: 1 | L14: 1 | N14: =SUM(C14:M14) -> 9 | O14: 14 | Q14: 61265.27 | R14: 59427.312 | S14: 61804.404 | T14: 9839.6885
A15: KD76NXWE0N | B15: =IFERROR(HYPERLINK(VLOOKUP(A15,ÜRÜNLER!A:C,3,FALSE),VLOOKUP(A15,ÜRÜNLER!A:B,2,FALSE)),"") -> iQ300 Üstten Donduruculu Kulpsuz Buzdolabı, 75cm, Beyaz | K15: 1 | N15: =SUM(C15:M15) -> 1 | Q15: devamı yok | R15: 50000 | S15: 52000 | T15: 1783.7897 | V15: 250
A16: KD86NAID1N | B16: =IFERROR(HYPERLINK(VLOOKUP(A16,ÜRÜNLER!A:C,3,FALSE),VLOOKUP(A16,ÜRÜNLER!A:B,2,FALSE)),"") -> iQ500 Üstten Donduruculu Kulplu Buzdolabı, 86cm, Inox | C16: 4 | E16: 1 | I16: 1 | J16: 1 | N16: =SUM(C16:M16) -> 7 | O16: 6 | Q16: 95662.202 | R16: 92792.336 | S16: 96504.03 | T16: 23277.319 | W16: PREMIUM 4 LÜ SET
A17: KD86NAIE0N | B17: =IFERROR(HYPERLINK(VLOOKUP(A17,ÜRÜNLER!A:C,3,FALSE),VLOOKUP(A17,ÜRÜNLER!A:B,2,FALSE)),"") -> iQ500 Üstten Donduruculu Kulplu Buzdolabı, 86cm, Inox | N17: =SUM(C17:M17) -> 0 | R17: 0 | U17: 18538.14 | V17: 250 | W17: KD86NAIE0N
A18: KD86NAWE1N | B18: =IFERROR(HYPERLINK(VLOOKUP(A18,ÜRÜNLER!A:C,3,FALSE),VLOOKUP(A18,ÜRÜNLER!A:B,2,FALSE)),"") -> iQ500 Üstten Donduruculu Kulplu Buzdolabı, 86cm, Beyaz | C18: 6 | N18: =SUM(C18:M18) -> 6 | O18: 6 | Q18: 83239.542 | R18: 80742.356 | S18: 83972.05 | T18: 17244.193 | W18: PREMIUM 4 LÜ SET
A19: KD86NHID1N | B19: =IFERROR(HYPERLINK(VLOOKUP(A19,ÜRÜNLER!A:C,3,FALSE),VLOOKUP(A19,ÜRÜNLER!A:B,2,FALSE)),"") -> iQ500 Üstten Donduruculu Kulplu Buzdolabı, 86cm, Inox | K19: 1 | N19: =SUM(C19:M19) -> 1 | Q19: devamı yok | R19: 55000 | S19: 57200 | V19: 250
A20: KG36NNLE0N | B20: =IFERROR(HYPERLINK(VLOOKUP(A20,ÜRÜNLER!A:C,3,FALSE),VLOOKUP(A20,ÜRÜNLER!A:B,2,FALSE)),"") -> iQ100 Alttan Donduruculu Kulpsuz Buzdolabı, 60cm, Inox | K20: 1 | N20: =SUM(C20:M20) -> 1 | Q20: devamı yok | R20: 36999 | S20: 38478.96 | V20: 250
A21: KG55NCIE0N | B21: =IFERROR(HYPERLINK(VLOOKUP(A21,ÜRÜNLER!A:C,3,FALSE),VLOOKUP(A21,ÜRÜNLER!A:B,2,FALSE)),"") -> iQ300 Alttan Donduruculu Kulpsuz Buzdolabı, 70cm, Inox | C21: 65 | E21: 4 | I21: 1 | J21: 1 | K21: 1 | L21: 1 | N21: =SUM(C21:M21) -> 73 | O21: 40 | Q21: 63469.622 | R21: 61565.534 | S21: 64028.155 | T21: 14388.227
A22: KG55NCWE0N | B22: =IFERROR(HYPERLINK(VLOOKUP(A22,ÜRÜNLER!A:C,3,FALSE),VLOOKUP(A22,ÜRÜNLER!A:B,2,FALSE)),"") -> iQ300 Alttan Donduruculu Kulpsuz Buzdolabı, 70cm, Beyaz | C22: 91 | I22: 1 | K22: 2 | N22: =SUM(C22:M22) -> 94 | Q22: 57039.061 | R22: 55327.889 | S22: 57541.005 | T22: 10228.596
A23: KG55NVIE0N | B23: =IFERROR(HYPERLINK(VLOOKUP(A23,ÜRÜNLER!A:C,3,FALSE),VLOOKUP(A23,ÜRÜNLER!A:B,2,FALSE)),"") -> iQ300 Alttan Donduruculu Kulpsuz Buzdolabı, 70cm, Inox | C23: 9 | E23: 1 | K23: 1 | N23: =SUM(C23:M23) -> 11 | Q23: 51274.363 | R23: 49736.132 | S23: 51725.577 | T23: 6515.0603
A24: KG55NVWE0N | B24: =IFERROR(HYPERLINK(VLOOKUP(A24,ÜRÜNLER!A:C,3,FALSE),VLOOKUP(A24,ÜRÜNLER!A:B,2,FALSE)),"") -> iQ300 Alttan Donduruculu Kulpsuz Buzdolabı, 70cm, Beyaz | C24: 8 | E24: 1 | I24: 1 | K24: 1 | N24: =SUM(C24:M24) -> 11 | Q24: 46796.713 | R24: 45392.811 | S24: 47208.524 | T24: 6164.1546
A25: KG56NLBE0N | B25: =IFERROR(HYPERLINK(VLOOKUP(A25,ÜRÜNLER!A:C,3,FALSE),VLOOKUP(A25,ÜRÜNLER!A:B,2,FALSE)),"") -> iQ500 Alttan Donduruculu Kulpsuz Buzdolabı, 70cm, Parlak Siyah | C25: 19 | I25: 2 | J25: 1 | L25: 2 | N25: =SUM(C25:M25) -> 24 | Q25: 58065.822 | R25: 55162.531 | S25: 57369.032
A26: KG56NQWF0N | B26: =IFERROR(HYPERLINK(VLOOKUP(A26,ÜRÜNLER!A:C,3,FALSE),VLOOKUP(A26,ÜRÜNLER!A:B,2,FALSE)),"") -> iQ500 Alttan Donduruculu Kulpsuz Buzdolabı, 70cm, Seramik Desen | J26: 1 | N26: =SUM(C26:M26) -> 1 | Q26: devamı yok | R26: 45000 | S26: 46800 | V26: 250
A27: KG56NTEE0N | B27: =IFERROR(HYPERLINK(VLOOKUP(A27,ÜRÜNLER!A:C,3,FALSE),VLOOKUP(A27,ÜRÜNLER!A:B,2,FALSE)),"") -> iQ500 Alttan Donduruculu Kulpsuz Buzdolabı, 70cm, Mat Siyah | F27: 1 | N27: =SUM(C27:M27) -> 1 | Q27: devamı yok | R27: 45000 | S27: 46800 | V27: 250
A28: KG56NTWE0N | B28: =IFERROR(HYPERLINK(VLOOKUP(A28,ÜRÜNLER!A:C,3,FALSE),VLOOKUP(A28,ÜRÜNLER!A:B,2,FALSE)),"") -> iQ500 Alttan Donduruculu Kulpsuz Buzdolabı, 70cm, Seramik Desen | I28: 1 | K28: 1 | N28: =SUM(C28:M28) -> 2 | Q28: devamı yok | R28: 45000 | S28: 46800 | V28: 250
A29: KG56NXWE0N | B29: =IFERROR(HYPERLINK(VLOOKUP(A29,ÜRÜNLER!A:C,3,FALSE),VLOOKUP(A29,ÜRÜNLER!A:B,2,FALSE)),"") -> iQ300 Alttan Donduruculu Kulpsuz Buzdolabı, 70cm, Beyaz | C29: 1 | N29: =SUM(C29:M29) -> 1 | Q29: devamı yok | R29: 45999 | S29: 47838.96
A30: KG76APIE0N | B30: =IFERROR(HYPERLINK(VLOOKUP(A30,ÜRÜNLER!A:C,3,FALSE),VLOOKUP(A30,ÜRÜNLER!A:B,2,FALSE)),"") -> iQ700 Alttan Donduruculu Kulplu Buzdolabı, 75cm, Inox | C30: 16 | N30: =SUM(C30:M30) -> 16 | Q30: 72088.36 | R30: 67042.175 | S30: 69723.862 | T30: 273.24406
A31: KG76NCIE0N | B31: =IFERROR(HYPERLINK(VLOOKUP(A31,ÜRÜNLER!A:C,3,FALSE),VLOOKUP(A31,ÜRÜNLER!A:B,2,FALSE)),"") -> iQ500 Alttan Donduruculu Kulplu Buzdolabı, 75cm, Inox | C31: 16 | I31: 1 | J31: 1 | K31: 3 | L31: 1 | N31: =SUM(C31:M31) -> 22 | O31: 70 | Q31: 84280.726 | R31: 81752.304 | S31: 85022.396 | T31: 21679.563
A32: KG76NCWE0N | B32: =IFERROR(HYPERLINK(VLOOKUP(A32,ÜRÜNLER!A:C,3,FALSE),VLOOKUP(A32,ÜRÜNLER!A:B,2,FALSE)),"") -> iQ500 Alttan Donduruculu Kulplu Buzdolabı, 75cm, Beyaz | C32: 9 | I32: 1 | K32: 1 | N32: =SUM(C32:M32) -> 11 | O32: 53 | Q32: 77045.044 | R32: 74733.692 | S32: 77723.04 | T32: 17219.462
A33: KG76NCXE0N | B33: =IFERROR(HYPERLINK(VLOOKUP(A33,ÜRÜNLER!A:C,3,FALSE),VLOOKUP(A33,ÜRÜNLER!A:B,2,FALSE)),"") -> iQ500 Alttan Donduruculu Kulpsuz Buzdolabı, 75cm, darkSteel | I33: 1 | J33: 1 | L33: 1 | N33: =SUM(C33:M33) -> 3 | O33: 80 | Q33: 95152.057 | R33: 92297.496 | S33: 95989.395 | T33: 29995.081 | W33: PREMIUM 4 LÜ SET
A34: KG76NVIE0N | B34: =IFERROR(HYPERLINK(VLOOKUP(A34,ÜRÜNLER!A:C,3,FALSE),VLOOKUP(A34,ÜRÜNLER!A:B,2,FALSE)),"") -> iQ300 Alttan Donduruculu Kulpsuz Buzdolabı, 75cm, Inox | C34: 28 | F34: 1 | I34: 1 | K34: 2 | N34: =SUM(C34:M34) -> 32 | O34: 30 | Q34: 76173.043 | R34: 73887.852 | S34: 76843.366 | T34: 19676.532
A35: KG76NVWE0N | B35: =IFERROR(HYPERLINK(VLOOKUP(A35,ÜRÜNLER!A:C,3,FALSE),VLOOKUP(A35,ÜRÜNLER!A:B,2,FALSE)),"") -> iQ300 Alttan Donduruculu Kulpsuz Buzdolabı, 75cm, Beyaz | C35: 24 | I35: 1 | J35: 1 | L35: 1 | N35: =SUM(C35:M35) -> 27 | O35: 30 | Q35: 68727.331 | R35: 66665.511 | S35: 69332.132 | T35: 13712.215
A36: KG76PAIC0N | B36: =IFERROR(HYPERLINK(VLOOKUP(A36,ÜRÜNLER!A:C,3,FALSE),VLOOKUP(A36,ÜRÜNLER!A:B,2,FALSE)),"") -> iQ700 Alttan Donduruculu Kulplu Buzdolabı, 75cm, Inox | C36: 39 | E36: 2 | F36: 1 | I36: 1 | J36: 1 | L36: 1 | N36: =SUM(C36:M36) -> 45 | O36: 30 | Q36: 89108.337 | R36: 86435.087 | S36: 89892.491 | T36: 17382.756
A37: KG76PAWC0N | B37: =IFERROR(HYPERLINK(VLOOKUP(A37,ÜRÜNLER!A:C,3,FALSE),VLOOKUP(A37,ÜRÜNLER!A:B,2,FALSE)),"") -> iQ700 Alttan Donduruculu Kulplu Buzdolabı, 75cm, Beyaz | C37: 18 | E37: 1 | I37: 1 | K37: 3 | N37: =SUM(C37:M37) -> 23 | O37: 12 | Q37: 82556.235 | R37: 80079.548 | S37: 83282.73 | T37: 17041.118
A38: KG86NAID2N | B38: =IFERROR(HYPERLINK(VLOOKUP(A38,ÜRÜNLER!A:C,3,FALSE),VLOOKUP(A38,ÜRÜNLER!A:B,2,FALSE)),"") -> iQ500 Alttan Donduruculu Kulplu Buzdolabı, 86cm, Inox | C38: 66 | E38: 1 | F38: 1 | I38: 1 | J38: 1 | K38: 1 | L38: 1 | M38: 1 | N38: =SUM(C38:M38) -> 73 | O38: 154 | Q38: 97945.234 | R38: 95006.877 | S38: 98807.152 | T38: 27326.629
A39: KG86NCWE0N | B39: =IFERROR(HYPERLINK(VLOOKUP(A39,ÜRÜNLER!A:C,3,FALSE),VLOOKUP(A39,ÜRÜNLER!A:B,2,FALSE)),"") -> iQ500 Alttan Donduruculu Kulplu Buzdolabı, 86cm, Beyaz | C39: 11 | F39: 1 | I39: 1 | N39: =SUM(C39:M39) -> 13 | O39: 24 | Q39: 84927.533 | R39: 82379.707 | S39: 85674.895 | T39: 19908.928
A40: KG86NVWE0N | B40: =IFERROR(HYPERLINK(VLOOKUP(A40,ÜRÜNLER!A:C,3,FALSE),VLOOKUP(A40,ÜRÜNLER!A:B,2,FALSE)),"") -> iQ500 Alttan Donduruculu Kulpsuz Buzdolabı, 86cm, Beyaz | C40: 13 | F40: 1 | J40: 1 | N40: =SUM(C40:M40) -> 15 | O40: 12 | Q40: 75297.093 | R40: 73038.18 | S40: 75959.707 | T40: 13599.418
A41: KG86PAXB0N | B41: =IFERROR(HYPERLINK(VLOOKUP(A41,ÜRÜNLER!A:C,3,FALSE),VLOOKUP(A41,ÜRÜNLER!A:B,2,FALSE)),"") -> iQ700 Alttan Donduruculu Kulpsuz Buzdolabı, 86cm, darkSteel | C41: 85 | I41: 1 | L41: 1 | N41: =SUM(C41:M41) -> 87 | O41: 40 | Q41: 113177.54 | R41: 109782.21 | S41: 114173.5 | T41: 27777.54 | W41: PREMIUM 4 LÜ SET
A42: KG86PAIC0N | B42: =IFERROR(HYPERLINK(VLOOKUP(A42,ÜRÜNLER!A:C,3,FALSE),VLOOKUP(A42,ÜRÜNLER!A:B,2,FALSE)),"") -> iQ700 Alttan Donduruculu Kulplu Buzdolabı, 86cm, Inox | C42: 2 | N42: =SUM(C42:M42) -> 2 | Q42: devamı yok | R42: 80000 | S42: 83200
A43: KG86PFIC0N | B43: =IFERROR(HYPERLINK(VLOOKUP(A43,ÜRÜNLER!A:C,3,FALSE),VLOOKUP(A43,ÜRÜNLER!A:B,2,FALSE)),"") -> iQ700 Alttan Donduruculu Kulplu Buzdolabı, 86cm, Inox | C43: 123 | F43: 1 | I43: 1 | K43: 1 | L43: 1 | N43: =SUM(C43:M43) -> 127 | O43: 90 | Q43: 106366.38 | R43: 103175.39 | S43: 107302.41 | T43: 28991.962 | W43: PREMIUM 4 LÜ SET
A44: KG86PFWC0N | B44: =IFERROR(HYPERLINK(VLOOKUP(A44,ÜRÜNLER!A:C,3,FALSE),VLOOKUP(A44,ÜRÜNLER!A:B,2,FALSE)),"") -> iQ700 Alttan Donduruculu Kulplu Buzdolabı, 86cm, Beyaz | C44: 41 | F44: 1 | I44: 1 | J44: 1 | N44: =SUM(C44:M44) -> 44 | O44: 24 | Q44: 98399.959 | R44: 95447.96 | S44: 99265.878 | T44: 24029.029 | W44: PREMIUM 4 LÜ SET
A45: A.DOLAP DONDURUCU | B45: =IFERROR(HYPERLINK(VLOOKUP(A45,ÜRÜNLER!A:C,3,FALSE),VLOOKUP(A45,ÜRÜNLER!A:B,2,FALSE)),"") | C45: STUDIOLINE ÜRÜNLERİ BUNDLE KAMPANYASINA DAHİL EDİLEMEZ | N45: =SUM(N2:N44) -> 832
A46: GS24VVWE0N | B46: =IFERROR(HYPERLINK(VLOOKUP(A46,ÜRÜNLER!A:C,3,FALSE),VLOOKUP(A46,ÜRÜNLER!A:B,2,FALSE)),"") -> iQ300 Derin Dondurucu, 146x60cm, Statik, Beyaz | C46: 100 | J46: 1 | N46: =SUM(C46:M46) -> 101 | P46: PRİM HARİÇ | Q46: 24592.565 | R46: 25822.193 | S46: 26855.081 | T46: 3390.0855
A47: GS24VVWF0N | B47: =IFERROR(HYPERLINK(VLOOKUP(A47,ÜRÜNLER!A:C,3,FALSE),VLOOKUP(A47,ÜRÜNLER!A:B,2,FALSE)),"") -> iQ300 Derin Dondurucu, 146x60cm, Statik, Beyaz | E47: 1 | K47: 1 | N47: =SUM(C47:M47) -> 2 | P47: PRİM HARİÇ | Q47: devamı yok | R47: 20000 | S47: 20800 | V47: 500
A48: GS29NVWE0N | B48: =IFERROR(HYPERLINK(VLOOKUP(A48,ÜRÜNLER!A:C,3,FALSE),VLOOKUP(A48,ÜRÜNLER!A:B,2,FALSE)),"") -> iQ300 Derin Dondurucu, 161x60cm, No-Frost, Beyaz | C48: 5 | N48: =SUM(C48:M48) -> 5 | O48: 6 | P48: PRİM HARİÇ | Q48: 37824.325 | R48: 39715.541 | S48: 41304.163 | T48: 5853.7368
A49: GS29VVWE0N | B49: =IFERROR(HYPERLINK(VLOOKUP(A49,ÜRÜNLER!A:C,3,FALSE),VLOOKUP(A49,ÜRÜNLER!A:B,2,FALSE)),"") -> iQ300 Derin Dondurucu, 161x60cm, Statik, Beyaz | C49: 103 | F49: 1 | I49: 1 | J49: 1 | N49: =SUM(C49:M49) -> 106 | P49: PRİM HARİÇ | Q49: 25437.803 | R49: 26709.694 | S49: 27778.081 | T49: 3504.9522
A50: GS33VVIE0N | B50: =IFERROR(HYPERLINK(VLOOKUP(A50,ÜRÜNLER!A:C,3,FALSE),VLOOKUP(A50,ÜRÜNLER!A:B,2,FALSE)),"") -> iQ300 Derin Dondurucu, 176x60cm, Statik, Inox | C50: 59 | E50: 2 | F50: 2 | I50: 1 | K50: 1 | L50: 1 | M50: 1 | N50: =SUM(C50:M50) -> 67 | O50: 53 | P50: PRİM HARİÇ | Q50: 31580.843 | R50: 33159.885 | S50: 34486.28 | T50: 4354.603
A51: GS33VVWE0N | B51: =IFERROR(HYPERLINK(VLOOKUP(A51,ÜRÜNLER!A:C,3,FALSE),VLOOKUP(A51,ÜRÜNLER!A:B,2,FALSE)),"") -> iQ300 Derin Dondurucu, 176x60cm, Statik, Beyaz | C51: 119 | E51: 5 | I51: 1 | J51: 1 | N51: =SUM(C51:M51) -> 126 | O51: 24 | P51: PRİM HARİÇ | Q51: 28432.702 | R51: 29854.337 | S51: 31048.511 | T51: 3918.2394
A52: GS36NVIEP | B52: =IFERROR(HYPERLINK(VLOOKUP(A52,ÜRÜNLER!A:C,3,FALSE),VLOOKUP(A52,ÜRÜNLER!A:B,2,FALSE)),"") -> iQ300 Derin Dondurucu, 186x60cm, No-Frost, Inox | C52: 38 | N52: =SUM(C52:M52) -> 38 | O52: 32 | P52: PRİM HARİÇ | Q52: 32621.399 | R52: 34252.469 | S52: 35622.568
A53: GS36NVIE0N | B53: =IFERROR(HYPERLINK(VLOOKUP(A53,ÜRÜNLER!A:C,3,FALSE),VLOOKUP(A53,ÜRÜNLER!A:B,2,FALSE)),"") -> iQ300 Derin Dondurucu, 186x60cm, No-Frost Inox | F53: 1 | N53: =SUM(C53:M53) -> 1 | P53: PRİM HARİÇ | Q53: 35452.698 | R53: 37225.333 | S53: 38714.347
A54: GS36NVWF0N | B54: =IFERROR(HYPERLINK(VLOOKUP(A54,ÜRÜNLER!A:C,3,FALSE),VLOOKUP(A54,ÜRÜNLER!A:B,2,FALSE)),"") -> iQ300 Derin Dondurucu, 186x60cm, No-Frost, Beyaz | K54: 1 | N54: =SUM(C54:M54) -> 1 | P54: PRİM HARİÇ | Q54: devamı yok | R54: 30000 | S54: 31200 | V54: 500
A55: GS54NVWE0N | B55: =IFERROR(HYPERLINK(VLOOKUP(A55,ÜRÜNLER!A:C,3,FALSE),VLOOKUP(A55,ÜRÜNLER!A:B,2,FALSE)),"") -> iQ300 Derin Dondurucu, 176x70cm, No-Frost, Beyaz | C55: 38 | E55: 3 | N55: =SUM(C55:M55) -> 41 | O55: 60 | P55: PRİM HARİÇ | Q55: 41328.219 | R55: 43394.63 | S55: 45130.416 | T55: 6401.7489
A56: CI24WP03 | B56: =IFERROR(HYPERLINK(VLOOKUP(A56,ÜRÜNLER!A:C,3,FALSE),VLOOKUP(A56,ÜRÜNLER!A:B,2,FALSE)),"") -> iQ700 studioLine Ankastre Şarap Soğutucu, 212.5x60.3cm | D56: 5 | H56: 1 | N56: =SUM(C56:M56) -> 6 | Q56: 311386.85 | R56: 289589.77 | S56: 301173.36 | V56: 500
A57: CI30BP02 | B57: =IFERROR(HYPERLINK(VLOOKUP(A57,ÜRÜNLER!A:C,3,FALSE),VLOOKUP(A57,ÜRÜNLER!A:B,2,FALSE)),"") -> iQ700 studioLine Alttan Donduruculu Ankastre Buzdolabı, 212.5x75.6cm, Düz Menteşe | D57: 5 | H57: 1 | N57: =SUM(C57:M57) -> 6 | Q57: 260305 | R57: 242083.65 | S57: 251767 | V57: 500
A58: CI30RP02 | B58: =IFERROR(HYPERLINK(VLOOKUP(A58,ÜRÜNLER!A:C,3,FALSE),VLOOKUP(A58,ÜRÜNLER!A:B,2,FALSE)),"") -> iQ700 studioLine Ankastre Buzdolabı, 212.5x75.6cm, Düz Menteşe | D58: 6 | J58: 1 | K58: 1 | M58: 1 | N58: =SUM(C58:M58) -> 9 | Q58: 339447.91 | R58: 315686.56 | S58: 328314.02 | V58: 500
A59: CI36TP02 | B59: =IFERROR(HYPERLINK(VLOOKUP(A59,ÜRÜNLER!A:C,3,FALSE),VLOOKUP(A59,ÜRÜNLER!A:B,2,FALSE)),"") -> iQ700 Alttan Donduruculu Ankastre Buzdolabı, 212.5x90.8cm, Düz Menteşe | E59: 1 | H59: 1 | K59: 1 | N59: =SUM(C59:M59) -> 3 | Q59: devamı yok | R59: 300000 | S59: 312000 | V59: 500
A60: FI24NP32 | B60: =IFERROR(HYPERLINK(VLOOKUP(A60,ÜRÜNLER!A:C,3,FALSE),VLOOKUP(A60,ÜRÜNLER!A:B,2,FALSE)),"") -> iQ700 Ankastre Derin Dondurucu, 212.5x60.3cm, Düz Menteşe | J60: 1 | K60: 1 | M60: 1 | N60: =SUM(C60:M60) -> 3 | Q60: devamı yok | R60: 224999 | S60: 233998.96 | V60: 500
A61: FI24NP33 | B61: =IFERROR(HYPERLINK(VLOOKUP(A61,ÜRÜNLER!A:C,3,FALSE),VLOOKUP(A61,ÜRÜNLER!A:B,2,FALSE)),"") -> iQ700 Ankastre Derin Dondurucu, 212.5x60.3cm, Düz Menteşe | C61: 1 | N61: =SUM(C61:M61) -> 1 | Q61: 323156.5 | R61: 306998.68 | S61: 319278.62
A62: KU21RADE0 | B62: =IFERROR(HYPERLINK(VLOOKUP(A62,ÜRÜNLER!A:C,3,FALSE),VLOOKUP(A62,ÜRÜNLER!A:B,2,FALSE)),"") -> iQ500 Tezgah Altı Ankastre Buzdolabı, 82x59.8cm, softClosing Düz Menteşe | C62: 1 | N62: =SUM(C62:M62) -> 1 | Q62: 56110.789 | R62: 53305.25 | S62: 55437.46
A63: KU21WAHG0 | B63: =IFERROR(HYPERLINK(VLOOKUP(A63,ÜRÜNLER!A:C,3,FALSE),VLOOKUP(A63,ÜRÜNLER!A:B,2,FALSE)),"") -> iQ500 Ankastre Şarap Soğutucu, 81.8x59.8cm | C63: 4 | J63: 1 | L63: 1 | N63: =SUM(C63:M63) -> 6 | Q63: 81512.572 | R63: 77436.943 | S63: 80534.421
A64: KI82LADD0 | B64: =IFERROR(HYPERLINK(VLOOKUP(A64,ÜRÜNLER!A:C,3,FALSE),VLOOKUP(A64,ÜRÜNLER!A:B,2,FALSE)),"") -> iQ500 Derin Donduruculu Ankastre Buzdolabı, 177.2x55.8cm, softClosing Düz Menteşe | C64: 10 | N64: =SUM(C64:M64) -> 10 | O64: 2 | Q64: 90559.004 | R64: 86031.053 | S64: 89472.296
A65: KI86NHDF0 | B65: =IFERROR(HYPERLINK(VLOOKUP(A65,ÜRÜNLER!A:C,3,FALSE),VLOOKUP(A65,ÜRÜNLER!A:B,2,FALSE)),"") -> iQ500 Alttan Donduruculu Ankastre Buzdolabı, 177.2x55.8cm, softClosing Düz Menteşe | H65: 1 | M65: 1 | N65: =SUM(C65:M65) -> 2 | Q65: devamı yok | R65: 72499 | S65: 75398.96 | V65: 500
A66: KI87SAFE0N | B66: =IFERROR(HYPERLINK(VLOOKUP(A66,ÜRÜNLER!A:C,3,FALSE),VLOOKUP(A66,ÜRÜNLER!A:B,2,FALSE)),"") -> iQ500 Alttan Donduruculu Ankastre Buzdolabı, 177.2x55.8cm, Düz Menteşe | C66: 11 | E66: 2 | F66: 1 | K66: 1 | N66: =SUM(C66:M66) -> 15 | Q66: 86644.862 | R66: 82312.619 | S66: 85605.124
A67: KB96NADD0 | B67: =IFERROR(HYPERLINK(VLOOKUP(A67,ÜRÜNLER!A:C,3,FALSE),VLOOKUP(A67,ÜRÜNLER!A:B,2,FALSE)),"") -> iQ500 Alttan Donduruculu Ankastre Buzdolabı, 193.5x70.8cm, softClosing Düz Menteşe | C67: 7 | N67: =SUM(C67:M67) -> 7 | O67: 9 | Q67: 103417.85 | R67: 98246.96 | S67: 102176.84
A68: KB96NSDD0 | B68: =IFERROR(HYPERLINK(VLOOKUP(A68,ÜRÜNLER!A:C,3,FALSE),VLOOKUP(A68,ÜRÜNLER!A:B,2,FALSE)),"") | D68: 2 | N68: =SUM(C68:M68) -> 2 | Q68: 124921.82 | R68: 116177.29 | S68: 120824.38
A69: ÇAMAŞIR MAKİNASI | B69: =IFERROR(HYPERLINK(VLOOKUP(A69,ÜRÜNLER!A:C,3,FALSE),VLOOKUP(A69,ÜRÜNLER!A:B,2,FALSE)),"") | N69: =SUM(N46:N67) -> 557
A70: WA12LPH0TR | B70: =IFERROR(HYPERLINK(VLOOKUP(A70,ÜRÜNLER!A:C,3,FALSE),VLOOKUP(A70,ÜRÜNLER!A:B,2,FALSE)),"") -> iQ500 Çamaşır Makinesi, 10kg/1200devir, i-dos, Beyaz | I70: 1 | J70: 1 | N70: =SUM(C70:M70) -> 2 | Q70: devamı yok | R70: 30000 | S70: 31200 | V70: 250
A71: WG42A2X3TR | B71: =IFERROR(HYPERLINK(VLOOKUP(A71,ÜRÜNLER!A:C,3,FALSE),VLOOKUP(A71,ÜRÜNLER!A:B,2,FALSE)),"") -> iQ300 Çamaşır Makinesi, 9kg/1200devir, Beyaz | C71: 108 | I71: 1 | J71: 1 | L71: 1 | M71: 5 | N71: =SUM(C71:M71) -> 116 | Q71: 28913.846 | R71: 27468.154 | S71: 28566.88
A72: WG42K2Z0TR | B72: =IFERROR(HYPERLINK(VLOOKUP(A72,ÜRÜNLER!A:C,3,FALSE),VLOOKUP(A72,ÜRÜNLER!A:B,2,FALSE)),"") -> iQ500 Çamaşır Makinesi, 9kg/1200devir, Beyaz | C72: 26 | I72: 1 | K72: 1 | N72: =SUM(C72:M72) -> 28 | Q72: 35486.101 | R72: 34421.518 | S72: 35798.378 | T72: 1544.2401 | W72: PREMIUM 4 LÜ SET
A73: WG42K2ZXTR | B73: =IFERROR(HYPERLINK(VLOOKUP(A73,ÜRÜNLER!A:C,3,FALSE),VLOOKUP(A73,ÜRÜNLER!A:B,2,FALSE)),"") -> iQ500 Çamaşır Makinesi, 9kg/1200devir, Gümüş | C73: 19 | I73: 1 | J73: 1 | L73: 1 | N73: =SUM(C73:M73) -> 22 | Q73: 38149.667 | R73: 37005.177 | S73: 38485.384 | T73: 2327.5743 | W73: PREMIUM 4 LÜ SET
A74: WG44A2Z1TR | B74: =IFERROR(HYPERLINK(VLOOKUP(A74,ÜRÜNLER!A:C,3,FALSE),VLOOKUP(A74,ÜRÜNLER!A:B,2,FALSE)),"") -> iQ300 Çamaşır Makinesi, 9kg/1400devir, Beyaz | I74: 1 | N74: =SUM(C74:M74) -> 1 | Q74: devamı yok | R74: 31000 | S74: 32240 | V74: 250
A75: WG44A2ZRTR | B75: =IFERROR(HYPERLINK(VLOOKUP(A75,ÜRÜNLER!A:C,3,FALSE),VLOOKUP(A75,ÜRÜNLER!A:B,2,FALSE)),"") -> iQ300 Çamaşır Makinesi, 9kg/1400devir, Antrasit/Dark | I75: 1 | J75: 1 | L75: 1 | N75: =SUM(C75:M75) -> 3 | Q75: devamı yok | R75: 31000 | S75: 32240 | V75: 250 | W75: PREMIUM 4 LÜ SET
A76: WG44B2A0TR | B76: =IFERROR(HYPERLINK(VLOOKUP(A76,ÜRÜNLER!A:C,3,FALSE),VLOOKUP(A76,ÜRÜNLER!A:B,2,FALSE)),"") -> iQ700 Çamaşır Makinesi, 9kg/1400devir, i-dos, Beyaz | C76: 3 | J76: 1 | K76: 1 | L76: 1 | N76: =SUM(C76:M76) -> 6 | Q76: 48454.851 | R76: 47001.206 | S76: 48881.254 | W76: PREMIUM 4 LÜ SET
A77: WG44B200TR | B77: =IFERROR(HYPERLINK(VLOOKUP(A77,ÜRÜNLER!A:C,3,FALSE),VLOOKUP(A77,ÜRÜNLER!A:B,2,FALSE)),"") -> iQ700 Çamaşır Makinesi, 9kg/1400devir, Beyaz | C77: 1 | N77: =SUM(C77:M77) -> 1 | Q77: devamı yok | R77: 46000 | S77: 47840
A78: WG44K2Z0TR | B78: =IFERROR(HYPERLINK(VLOOKUP(A78,ÜRÜNLER!A:C,3,FALSE),VLOOKUP(A78,ÜRÜNLER!A:B,2,FALSE)),"") -> iQ500 Çamaşır Makinesi, 9kg/1400devir, Beyaz | C78: 15 | J78: 1 | N78: =SUM(C78:M78) -> 16 | O78: 6 | Q78: 38909.404 | R78: 37742.122 | S78: 39251.807 | T78: 3103.5905
A79: WG52A202TR | B79: =IFERROR(HYPERLINK(VLOOKUP(A79,ÜRÜNLER!A:C,3,FALSE),VLOOKUP(A79,ÜRÜNLER!A:B,2,FALSE)),"") -> iQ300 Çamaşır Makinesi, 10kg/1200devir, Beyaz | C79: 133 | I79: 1 | J79: 1 | K79: 1 | N79: =SUM(C79:M79) -> 136 | Q79: devamı yok | R79: 32500 | S79: 33800 | T79: 3376.8951
A80: WG52A2A0TR | B80: =IFERROR(HYPERLINK(VLOOKUP(A80,ÜRÜNLER!A:C,3,FALSE),VLOOKUP(A80,ÜRÜNLER!A:B,2,FALSE)),"") -> iQ500 Çamaşır Makinesi, 10kg/1200devir, i-dos, Beyaz | K80: 1 | N80: =SUM(C80:M80) -> 1 | Q80: devamı yok | R80: 27000 | S80: 28080 | V80: 250
A81: WG52A2F0TR | B81: =IFERROR(HYPERLINK(VLOOKUP(A81,ÜRÜNLER!A:C,3,FALSE),VLOOKUP(A81,ÜRÜNLER!A:B,2,FALSE)),"") -> iQ500 Çamaşır Makinesi, 10kg/1200devir, i-dos, Beyaz | E81: 1 | I81: 1 | J81: 1 | K81: 2 | L81: 1 | N81: =SUM(C81:M81) -> 6 | Q81: devamı yok | R81: 34000 | S81: 35360 | V81: 250
A82: WG52A2ZXTR | B82: =IFERROR(HYPERLINK(VLOOKUP(A82,ÜRÜNLER!A:C,3,FALSE),VLOOKUP(A82,ÜRÜNLER!A:B,2,FALSE)),"") -> iQ300 Çamaşır Makinesi, 10kg/1200devir, Gümüş | E82: 1 | I82: 1 | N82: =SUM(C82:M82) -> 2 | Q82: devamı yok | R82: 34000 | S82: 35360 | V82: 250
A83: WG52K2Z0TR | B83: =IFERROR(HYPERLINK(VLOOKUP(A83,ÜRÜNLER!A:C,3,FALSE),VLOOKUP(A83,ÜRÜNLER!A:B,2,FALSE)),"") -> iQ500 Çamaşır Makinesi, 10kg/1200devir, Beyaz | C83: 21 | I83: 1 | N83: =SUM(C83:M83) -> 22 | Q83: devamı yok | R83: 35000 | S83: 36400 | T83: 582.32652 | W83: PREMIUM 4 LÜ SET
A84: WG52K2ZXTR | B84: =IFERROR(HYPERLINK(VLOOKUP(A84,ÜRÜNLER!A:C,3,FALSE),VLOOKUP(A84,ÜRÜNLER!A:B,2,FALSE)),"") -> iQ500 Çamaşır Makinesi, 10kg/1200devir, Gümüş | C84: 1 | J84: 1 | N84: =SUM(C84:M84) -> 2 | Q84: devamı yok | R84: 37000 | S84: 38480 | T84: 1298.2905 | W84: PREMIUM 4 LÜ SET
A85: WG54A2Z0TR | B85: =IFERROR(HYPERLINK(VLOOKUP(A85,ÜRÜNLER!A:C,3,FALSE),VLOOKUP(A85,ÜRÜNLER!A:B,2,FALSE)),"") -> iQ300 Çamaşır Makinesi, 10kg/1400devir, Beyaz | I85: 1 | K85: 1 | N85: =SUM(C85:M85) -> 2 | Q85: devamı yok | R85: 35000 | S85: 36400 | V85: 250 | W85: PREMIUM 4 LÜ SET
A86: WG54B2A1TR | B86: =IFERROR(HYPERLINK(VLOOKUP(A86,ÜRÜNLER!A:C,3,FALSE),VLOOKUP(A86,ÜRÜNLER!A:B,2,FALSE)),"") -> iQ700 Çamaşır Makinesi, 10kg/1400devir, i-dos, Beyaz | I86: 2 | J86: 1 | K86: 3 | N86: =SUM(C86:M86) -> 6 | Q86: 53006.906 | R86: 53006.906 | S86: 55127.182 | W86: PREMIUM 4 LÜ SET
A87: WG54B2ASTR | B87: =IFERROR(HYPERLINK(VLOOKUP(A87,ÜRÜNLER!A:C,3,FALSE),VLOOKUP(A87,ÜRÜNLER!A:B,2,FALSE)),"") -> iQ700 Çamaşır Makinesi, 10kg/1400devir, i-dos, Gümüş | I87: 1 | L87: 1 | N87: =SUM(C87:M87) -> 2 | O87: 10 | Q87: 54077.328 | R87: 51373.462 | S87: 53428.4 | W87: PREMIUM 4 LÜ SET
A88: WG64K2F0TR | B88: =IFERROR(HYPERLINK(VLOOKUP(A88,ÜRÜNLER!A:C,3,FALSE),VLOOKUP(A88,ÜRÜNLER!A:B,2,FALSE)),"") -> iQ500 Çamaşır Makinesi, 11kg/1400devir, i-dos, Beyaz | I88: 1 | J88: 1 | K88: 1 | N88: =SUM(C88:M88) -> 3 | Q88: devamı yok | R88: 37000 | S88: 38480 | W88: PREMIUM 4 LÜ SET
A89: WG64K2Z0TR | B89: =IFERROR(HYPERLINK(VLOOKUP(A89,ÜRÜNLER!A:C,3,FALSE),VLOOKUP(A89,ÜRÜNLER!A:B,2,FALSE)),"") -> iQ500 Çamaşır Makinesi, 11kg/1400devir, Beyaz | I89: 1 | J89: 1 | K89: 1 | L89: 1 | M89: 1 | N89: =SUM(C89:M89) -> 5 | O89: 14 | Q89: 37340.466 | R89: 35473.443 | S89: 36892.38 | W89: PREMIUM 4 LÜ SET
A90: WG64K2ZRTR | B90: =IFERROR(HYPERLINK(VLOOKUP(A90,ÜRÜNLER!A:C,3,FALSE),VLOOKUP(A90,ÜRÜNLER!A:B,2,FALSE)),"") -> iQ500 Çamaşır Makinesi, 11kg/1400devir, Antrasit/Dark | C90: 35 | I90: 1 | J90: 1 | L90: 1 | N90: =SUM(C90:M90) -> 38 | Q90: 41126.379 | R90: 39070.06 | S90: 40632.862 | W90: PREMIUM 4 LÜ SET
A91: WM12N200TR | B91: =IFERROR(HYPERLINK(VLOOKUP(A91,ÜRÜNLER!A:C,3,FALSE),VLOOKUP(A91,ÜRÜNLER!A:B,2,FALSE)),"") -> iQ300 Çamaşır Makinesi, 9kg/1200devir, Beyaz | K91: 2 | N91: =SUM(C91:M91) -> 2 | P91: PRİM HARİÇ | Q91: devamı yok | R91: 26000 | S91: 27040 | V91: 250
A92: WM14UP91TR | B92: =IFERROR(HYPERLINK(VLOOKUP(A92,ÜRÜNLER!A:C,3,FALSE),VLOOKUP(A92,ÜRÜNLER!A:B,2,FALSE)),"") -> iQ500 Çamaşır Makinesi, 9kg/1400devir, i-dos, Beyaz | I92: 2 | K92: 1 | N92: =SUM(C92:M92) -> 3 | Q92: devamı yok | R92: 32000 | S92: 33280 | V92: 250
A93: WM14XE50TR | B93: =IFERROR(HYPERLINK(VLOOKUP(A93,ÜRÜNLER!A:C,3,FALSE),VLOOKUP(A93,ÜRÜNLER!A:B,2,FALSE)),"") -> iQ700 Çamaşır Makinesi, 10kg/1400devir, i-dos, Beyaz | I93: 1 | N93: =SUM(C93:M93) -> 1 | Q93: devamı yok | R93: 36000 | S93: 37440 | V93: 250
A94: WN54C2A0TR | B94: =IFERROR(HYPERLINK(VLOOKUP(A94,ÜRÜNLER!A:C,3,FALSE),VLOOKUP(A94,ÜRÜNLER!A:B,2,FALSE)),"") -> iQ700 Kurutmalı Çamaşır Makinesi, 10.5kg/6kg/1400devir, i-dos, Beyaz | C94: 2 | I94: 1 | N94: =SUM(C94:M94) -> 3 | Q94: 74984.819 | R94: 71235.578 | S94: 74085.002
A95: KURUTMA MAKİNASI | B95: =IFERROR(HYPERLINK(VLOOKUP(A95,ÜRÜNLER!A:C,3,FALSE),VLOOKUP(A95,ÜRÜNLER!A:B,2,FALSE)),"") | N95: =SUM(N70:N94) -> 429
A96: WQ41G20TTR | B96: =IFERROR(HYPERLINK(VLOOKUP(A96,ÜRÜNLER!A:C,3,FALSE),VLOOKUP(A96,ÜRÜNLER!A:B,2,FALSE)),"") -> iQ300 Isı Pompalı Kurutma Makinesi, 9kg, Gümüş | J96: 1 | K96: 1 | N96: =SUM(C96:M96) -> 2 | Q96: devamı yok | R96: 36000 | S96: 37440 | V96: 250
A97: WQ41G2C0TR | B97: =IFERROR(HYPERLINK(VLOOKUP(A97,ÜRÜNLER!A:C,3,FALSE),VLOOKUP(A97,ÜRÜNLER!A:B,2,FALSE)),"") -> iQ500 Isı Pompalı Kurutma Makinesi, 9kg, Beyaz | I97: 1 | N97: =SUM(C97:M97) -> 1 | Q97: devamı yok | R97: 35000 | S97: 36400 | T97: 2790.4525 | V97: 250
A98: WQ42A201TR | B98: =IFERROR(HYPERLINK(VLOOKUP(A98,ÜRÜNLER!A:C,3,FALSE),VLOOKUP(A98,ÜRÜNLER!A:B,2,FALSE)),"") -> iQ300 Isı Pompalı Kurutma Makinesi, 9kg, Beyaz | I98: 1 | J98: 1 | K98: 2 | L98: 1 | N98: =SUM(C98:M98) -> 5 | Q98: 39552.883 | R98: 39552.883 | S98: 41134.999 | T98: 2462.9806
A99: WQ42J200TR | B99: =IFERROR(HYPERLINK(VLOOKUP(A99,ÜRÜNLER!A:C,3,FALSE),VLOOKUP(A99,ÜRÜNLER!A:B,2,FALSE)),"") -> iQ500 Isı Pompalı Kurutma Makinesi, 9kg, Beyaz | C99: 31 | J99: 1 | N99: =SUM(C99:M99) -> 32 | Q99: 43183.847 | R99: 41024.655 | S99: 42665.641 | T99: 2410.3684 | W99: PREMIUM 4 LÜ SET
A100: WQ42J20XTR | B100: =IFERROR(HYPERLINK(VLOOKUP(A100,ÜRÜNLER!A:C,3,FALSE),VLOOKUP(A100,ÜRÜNLER!A:B,2,FALSE)),"") -> iQ500 Isı Pompalı Kurutma Makinesi, 9kg, Gümüş | N100: =SUM(C100:M100) -> 0 | Q100: 43404 | R100: 43404 | S100: 45140.16
...

Sheet HESAPLAYICI
A1: =Sayfa1!A1 -> STOK KODU | B1: =Sayfa1!B1 -> AÇIKLAMA | C1: =Sayfa1!C1 -> 30 Mart HOROZ | D1: =Sayfa1!Q1 -> MART TOPTAN | E1: =Sayfa1!R1 -> HAVALE FİYATI | F1: =Sayfa1!S1 -> TEK ÇEKİM FİYATI | G1: =Sayfa1!T1 -> MART BİP | H1: =Sayfa1!U1 -> Phase out ürünler 30.04.2026 montaj ZORUNLU | I1: Toplam Bundle İndirim Tutarını Aşağıya Yaz | J1: =Sayfa1!V1 -> Hakedişler LİSTE FİYATINDAN SATILIRSA geçerli olacak | K1: =Sayfa1!W1 -> PREMİUM 4 LÜ ÜRÜN ALIMINDA 27.000 TL İNDİRİM | L1: =Sayfa1!X1 -> ONLINE FİYAT
A2: BF922L1B1 | B2: =IFERROR(VLOOKUP(A2,Sayfa1!A:B,2,FALSE),"?") -> iQ700 studioLine Ankastre Mikrodalga, 21L, Siyah | C2: =IFERROR(VLOOKUP(A2,Sayfa1!A:C,3,FALSE),"?") -> 0 | D2: =IFERROR(VLOOKUP(A2,Sayfa1!A:Q,17,FALSE),"?") -> 48975.731 | E2: =IFERROR(VLOOKUP(A2,Sayfa1!A:R,18,FALSE),"?") -> 45547.43 | F2: =IFERROR(VLOOKUP(A2,Sayfa1!A:S,19,FALSE),"?") -> 47369.327 | G2: =IFERROR(VLOOKUP(A2,Sayfa1!A:T,20,FALSE),"?") -> 0 | H2: =IFERROR(VLOOKUP(A2,Sayfa1!A:U,21,FALSE),"?") -> 0 | I2: 0 | J2: =IFERROR(VLOOKUP(A2,Sayfa1!A:V,22,FALSE),"?") -> 500 | K2: =IFERROR(VLOOKUP(A2,Sayfa1!A:W,23,FALSE),"?") -> 0 | L2: =IFERROR(VLOOKUP(A2,Sayfa1!A:X,24,FALSE),"?") -> 0
A3: HN978GQB1 | B3: =IFERROR(VLOOKUP(A3,Sayfa1!A:B,2,FALSE),"?") -> iQ700 studioLine Buhar ve Mikrodalga Fonksiyonlu Ankastre Fırın, Komple Kendini Temizler, Siyah | C3: =IFERROR(VLOOKUP(A3,Sayfa1!A:C,3,FALSE),"?") -> 0 | D3: =IFERROR(VLOOKUP(A3,Sayfa1!A:Q,17,FALSE),"?") -> 214828.55 | E3: =IFERROR(VLOOKUP(A3,Sayfa1!A:R,18,FALSE),"?") -> 199790.55 | F3: =IFERROR(VLOOKUP(A3,Sayfa1!A:S,19,FALSE),"?") -> 207782.18 | G3: =IFERROR(VLOOKUP(A3,Sayfa1!A:S,19,FALSE),"?") -> 207782.18 | H3: =IFERROR(VLOOKUP(A3,Sayfa1!A:U,21,FALSE),"?") -> 0 | J3: =IFERROR(VLOOKUP(A3,Sayfa1!A:V,22,FALSE),"?") -> 500 | K3: =IFERROR(VLOOKUP(A3,Sayfa1!A:W,23,FALSE),"?") -> 0 | L3: =IFERROR(VLOOKUP(A3,Sayfa1!A:X,24,FALSE),"?") -> 0
A4: LC91KLT65 | B4: =IFERROR(VLOOKUP(A4,Sayfa1!A:B,2,FALSE),"?") -> iQ700 studioLine Eğimli Davlumbaz, 90cm, 441m3, Siyah Cam | C4: =IFERROR(VLOOKUP(A4,Sayfa1!A:C,3,FALSE),"?") -> 0 | D4: =IFERROR(VLOOKUP(A4,Sayfa1!A:Q,17,FALSE),"?") -> 79664.143 | E4: =IFERROR(VLOOKUP(A4,Sayfa1!A:R,18,FALSE),"?") -> 74087.653 | F4: =IFERROR(VLOOKUP(A4,Sayfa1!A:S,19,FALSE),"?") -> 77051.16 | G4: =IFERROR(VLOOKUP(A4,Sayfa1!A:S,19,FALSE),"?") -> 77051.16 | H4: =IFERROR(VLOOKUP(A4,Sayfa1!A:U,21,FALSE),"?") -> 0 | J4: =IFERROR(VLOOKUP(A4,Sayfa1!A:V,22,FALSE),"?") -> 500 | K4: =IFERROR(VLOOKUP(A4,Sayfa1!A:W,23,FALSE),"?") -> 0 | L4: =IFERROR(VLOOKUP(A4,Sayfa1!A:X,24,FALSE),"?") -> 0
A5: EZ877KZY1E | B5: =IFERROR(VLOOKUP(A5,Sayfa1!A:B,2,FALSE),"?") -> iQ700 studioLine İndüksiyonlu Ocak, 80cm, Çerçeveli, Siyah | C5: =IFERROR(VLOOKUP(A5,Sayfa1!A:C,3,FALSE),"?") -> 0 | D5: =IFERROR(VLOOKUP(A5,Sayfa1!A:Q,17,FALSE),"?") -> 174205 | E5: =IFERROR(VLOOKUP(A5,Sayfa1!A:R,18,FALSE),"?") -> 162010.65 | F5: =IFERROR(VLOOKUP(A5,Sayfa1!A:S,19,FALSE),"?") -> 168491.08 | G5: =IFERROR(VLOOKUP(A5,Sayfa1!A:S,19,FALSE),"?") -> 168491.08 | H5: =IFERROR(VLOOKUP(A5,Sayfa1!A:U,21,FALSE),"?") -> 0 | J5: =IFERROR(VLOOKUP(A5,Sayfa1!A:V,22,FALSE),"?") -> 500 | K5: =IFERROR(VLOOKUP(A5,Sayfa1!A:W,23,FALSE),"?") -> 0 | L5: =IFERROR(VLOOKUP(A5,Sayfa1!A:X,24,FALSE),"?") -> 0
A6: CI24WP03 | B6: =IFERROR(VLOOKUP(A6,Sayfa1!A:B,2,FALSE),"?") -> iQ700 studioLine Ankastre Şarap Soğutucu, 212.5x60.3cm | C6: =IFERROR(VLOOKUP(A6,Sayfa1!A:C,3,FALSE),"?") -> 0 | D6: =IFERROR(VLOOKUP(A6,Sayfa1!A:Q,17,FALSE),"?") -> 311386.85 | E6: =IFERROR(VLOOKUP(A6,Sayfa1!A:R,18,FALSE),"?") -> 289589.77 | F6: =IFERROR(VLOOKUP(A6,Sayfa1!A:S,19,FALSE),"?") -> 301173.36 | G6: =IFERROR(VLOOKUP(A6,Sayfa1!A:S,19,FALSE),"?") -> 301173.36 | H6: =IFERROR(VLOOKUP(A6,Sayfa1!A:U,21,FALSE),"?") -> 0 | J6: =IFERROR(VLOOKUP(A6,Sayfa1!A:V,22,FALSE),"?") -> 500 | K6: =IFERROR(VLOOKUP(A6,Sayfa1!A:W,23,FALSE),"?") -> 0 | L6: =IFERROR(VLOOKUP(A6,Sayfa1!A:X,24,FALSE),"?") -> 0
A7: BI910C1B1 | B7: =IFERROR(VLOOKUP(A7,Sayfa1!A:B,2,FALSE),"?") -> ? | C7: =IFERROR(VLOOKUP(A7,Sayfa1!A:C,3,FALSE),"?") -> ? | D7: =IFERROR(VLOOKUP(A7,Sayfa1!A:Q,17,FALSE),"?") -> ? | E7: =IFERROR(VLOOKUP(A7,Sayfa1!A:R,18,FALSE),"?") -> ? | F7: =IFERROR(VLOOKUP(A7,Sayfa1!A:S,19,FALSE),"?") -> ? | G7: =IFERROR(VLOOKUP(A7,Sayfa1!A:S,19,FALSE),"?") -> ? | H7: =IFERROR(VLOOKUP(A7,Sayfa1!A:U,21,FALSE),"?") -> ? | J7: =IFERROR(VLOOKUP(A7,Sayfa1!A:V,22,FALSE),"?") -> ? | K7: =IFERROR(VLOOKUP(A7,Sayfa1!A:W,23,FALSE),"?") -> ? | L7: =IFERROR(VLOOKUP(A7,Sayfa1!A:X,24,FALSE),"?") -> ?
B8: =IFERROR(VLOOKUP(A8,Sayfa1!A:B,2,FALSE),"?") -> ? | C8: =IFERROR(VLOOKUP(A8,Sayfa1!A:C,3,FALSE),"?") -> ? | D8: =IFERROR(VLOOKUP(A8,Sayfa1!A:Q,17,FALSE),"?") -> ? | E8: =IFERROR(VLOOKUP(A8,Sayfa1!A:R,18,FALSE),"?") -> ? | F8: =IFERROR(VLOOKUP(A8,Sayfa1!A:S,19,FALSE),"?") -> ? | G8: =IFERROR(VLOOKUP(A8,Sayfa1!A:S,19,FALSE),"?") -> ? | H8: =IFERROR(VLOOKUP(A8,Sayfa1!A:U,21,FALSE),"?") -> ? | J8: =IFERROR(VLOOKUP(A8,Sayfa1!A:V,22,FALSE),"?") -> ? | K8: =IFERROR(VLOOKUP(A8,Sayfa1!A:W,23,FALSE),"?") -> ? | L8: =IFERROR(VLOOKUP(A8,Sayfa1!A:X,24,FALSE),"?") -> ?
B9: =IFERROR(VLOOKUP(A9,Sayfa1!A:B,2,FALSE),"?") -> ? | C9: =IFERROR(VLOOKUP(A9,Sayfa1!A:C,3,FALSE),"?") -> ? | D9: =IFERROR(VLOOKUP(A9,Sayfa1!A:Q,17,FALSE),"?") -> ? | E9: =IFERROR(VLOOKUP(A9,Sayfa1!A:R,18,FALSE),"?") -> ? | F9: =IFERROR(VLOOKUP(A9,Sayfa1!A:S,19,FALSE),"?") -> ? | G9: =IFERROR(VLOOKUP(A9,Sayfa1!A:S,19,FALSE),"?") -> ? | H9: =IFERROR(VLOOKUP(A9,Sayfa1!A:U,21,FALSE),"?") -> ? | J9: =IFERROR(VLOOKUP(A9,Sayfa1!A:V,22,FALSE),"?") -> ? | K9: =IFERROR(VLOOKUP(A9,Sayfa1!A:W,23,FALSE),"?") -> ? | L9: =IFERROR(VLOOKUP(A9,Sayfa1!A:X,24,FALSE),"?") -> ?
B10: =IFERROR(VLOOKUP(A10,Sayfa1!A:B,2,FALSE),"?") -> ? | C10: =IFERROR(VLOOKUP(A10,Sayfa1!A:C,3,FALSE),"?") -> ? | D10: =IFERROR(VLOOKUP(A10,Sayfa1!A:Q,17,FALSE),"?") -> ? | E10: =IFERROR(VLOOKUP(A10,Sayfa1!A:R,18,FALSE),"?") -> ? | F10: =IFERROR(VLOOKUP(A10,Sayfa1!A:S,19,FALSE),"?") -> ? | G10: =IFERROR(VLOOKUP(A10,Sayfa1!A:S,19,FALSE),"?") -> ? | H10: =IFERROR(VLOOKUP(A10,Sayfa1!A:U,21,FALSE),"?") -> ? | J10: =IFERROR(VLOOKUP(A10,Sayfa1!A:V,22,FALSE),"?") -> ? | K10: =IFERROR(VLOOKUP(A10,Sayfa1!A:W,23,FALSE),"?") -> ? | L10: =IFERROR(VLOOKUP(A10,Sayfa1!A:X,24,FALSE),"?") -> ?
B11: =IFERROR(VLOOKUP(A11,Sayfa1!A:B,2,FALSE),"?") -> ? | C11: =IFERROR(VLOOKUP(A11,Sayfa1!A:C,3,FALSE),"?") -> ? | D11: =IFERROR(VLOOKUP(A11,Sayfa1!A:Q,17,FALSE),"?") -> ? | E11: =IFERROR(VLOOKUP(A11,Sayfa1!A:R,18,FALSE),"?") -> ? | F11: =IFERROR(VLOOKUP(A11,Sayfa1!A:S,19,FALSE),"?") -> ? | G11: =IFERROR(VLOOKUP(A11,Sayfa1!A:S,19,FALSE),"?") -> ? | H11: =IFERROR(VLOOKUP(A11,Sayfa1!A:U,21,FALSE),"?") -> ? | J11: =IFERROR(VLOOKUP(A11,Sayfa1!A:V,22,FALSE),"?") -> ? | K11: =IFERROR(VLOOKUP(A11,Sayfa1!A:W,23,FALSE),"?") -> ? | L11: =IFERROR(VLOOKUP(A11,Sayfa1!A:X,24,FALSE),"?") -> ?
A12: Toplam Satış Fiyatı | E12: =SUM(E2:E11) -> 771026.06 | F12: =SUM(F2:F11) -> 801867.1
A13: BİP İndirimi | E13: =SUM(G:G)*-1 -> -754497.78 | F13: =SUM(G:G)*-1 -> -754497.78
A14: PhaseOut İndirimi | E14: =SUM(H:H)*-1 -> 0 | F14: =SUM(H:H)*-1 -> 0
A15: Toplam Bundle İndirimi | E15: =I2*-1 -> 0 | F15: =I2*-1 -> 0
A16: Satılabilir Minimum Fiyat | E16: =SUM(E12:E15) -> 16528.284 | F16: =SUM(F12:F15) -> 47369.327
A17: Satılabilir Minimum Taksitli Fiyat | E17: =E16*1.08 -> 17850.547

Sheet Bundle Kampanya
C1: YENİ
C2: 2’li LDA alımında perakende de 5.000 ₺ indirim fırsatı! | D2: 2’li LDA alımında (Buzdolabı - Çamaşır - Bulaşık - Derin Dondurucu) perakende de 5.000 ₺ indirim uygulanır. “diğer kampanyalar ile birleşemez” 4.000 ₺ kdv dahil fiyat farkı hak edişi ödenecektir.
K9: Seçili Ankastre fırın ile set alana perakende de 6.000 ₺ indirim! | L9: Geçerli Ankastre Fırınlar
C11: 2’li LDA alımında Kurutma Makinelerinde perakende de 10.000 ₺ indirim fırsatı! | D11: 2’li LDA alımında (Buzdolabı - Çamaşır - Bulaşık - Derin Dondurucu) + KURUTMA perakende de 10.000 ₺ indirim uygulanır. “diğer kampanyalar ile birleşemez” 8.000 ₺ kdv dahil fiyat farkı hak edişi ödenecektir. | L11: (HB214FBS1T, HB012FBB1T, HB214FBW1T, HB012FBW1T, HB514FBH0T, HB514FBH2T, HB012FBH1T, HB514FBR1T, HB514FBR1T) Ankastre fırınlarda geçerlidir.
L15: Uygulama koşulları : Seçili ankastre fırınlar ile set (fırın+ocak+dav.) set alana perakende de 6.000 ₺ indirim uygulanır. Diğer fırınlarda geçerli değildir. KDV dahil 4.500 ₺ hak ediş ödenir.
C21: 4'lü çeyiz seti alana perakende de 15.000 ₺ İndirim! | D21: 4'lü çeyiz seti alana perakende de 15.000 ₺ indirim! (Buzdolabı-Derin Dondurucu-Çamaşır-Kurutma-Bulaşık)
K27: Seçili Ankastre set alana perakende de 8.000 ₺ indirim! | L27: Geçerli Ankastre Setler
D29: Uygulama koşulları : Seçili ürün gruplarından 4'lü LDA alan tüketicilere perakende de 15.000 ₺ indirim! KDV dahil 12.200 ₺ hakediş ödenir. (Buzdolab-Derin Dondurucu-Çamaşır-Kurutma-Bulaşık) | L29: Giriş setler hariçtir.
L33: Uygulama koşulları : Seçili ankastre set (fırın+ocak+dav.) alımlarında perakende de 8.000 ₺ net indirim uygulanır. Giriş setlerde geçerli değildir. KDV dahil 6.200 ₺ hak ediş ödenir.
C36: Seçili Premium Ürünlerden 3'lü LDA Alımına Ek Kurutma alana WQ42J200TR Kurutma Makinesi perakende de 9.999 ₺! | D36: Kampanya Kapsamındaki Ürünler
D38: Buzdolabı (KD86NAWE1N, KD86NAID1N, KD86NAIE0N, KG86PAXB0N, KG76NCXE0N, KG86PFIC0N, KG86PFWC0N, KF96NAXEA, KF96RSBEA, KF96NVPEA) Bulaşık Makinesi (SN15EC00NT, SN15EI00KT, SN15EW00KT, SN23IC62MT, SN25EI63KT, SN25EI70MT, SN27YI82DT, SN25EI82AT, SN25EI83CT, SN57ZS82DT, SN55ES82KT, SN75EX11CE, SN63HX62MT, SX95EX12CE) Çamaşır Makinesi (WG42K2Z0TR, WG42K2ZXTR, WG52K2Z0TR, WG52K2ZXTR, WG54A2Z0TR, WG54B2ASTR, WG54B2A1TR, WG44B2A0TR, WG44A2ZRTR, WG64K2F0TR, WG64K2Z0TR, WG64K2ZRTR) Kurutma Makinesi (WQ42J200TR, WQ43J2C0TR, WQ42G20RTR, WQ44G2C1TR, WQ52K200TR, WQ45B2A0TR, WQ45B2AXTR, WQ52J20RTR)
K40: "HB557" Ankastre fırın segmenti ve üzeri Set alımlarına “SN616X00DT” kodlu tam ankastre bulaşık makinesi perakende de %50 indirimli! | L40: Geçerli Ankastre Fırınlar
L42: "HB557" Ankastre fırın segmenti ve daha üst segment fırınlar dahildir.
D44: Uygulama koşulları : Seçili premium ürünlerden 3'lü alımına ek kurutma alan tüketicilere WQ42J200TR Kurutma Makinesi perakende de 9.999 ₺! Diğer seçili kurutmalarda perakende de 35.271 ₺ indirim uygulanmalıdır. KDV dahil 27.000 ₺ hak ediş ödenir. (Buzdolabı+Çamaşır+Bulaşık+Kurutma)
L46: Uygulama koşulları : Seçili ankastre set (fırın+ocak+dav.) alımlarında “SN616X00DT” kodlu tam ankastre bulaşık makinesine perakende de %50 indirim uygulanır. Diğer ankastre bulaşık makinlerinde perakende de 18.315 ₺ indirim uygulanır. Giriş setlerde geçerli değildir. KDV dahil 12.000 ₺ hak ediş ödenir.
C51: XL veya XXL Buzdolabı Alana perakende de VSC3A210 Toz Torbalı Süpürge Hediye! veya VSM120B IQ500 Şarjlı Süpürge perakende de 7.450 TL “Diğer kampanyalar ile birleşemez” | D51: XL veya XXL Buzdolabı alana VSC3A210 Toz Torbalı Süpürge perakende de Hediye verilir veya VSM120B IQ500 Şarjlı Süpürge perakende de 7.450 ₺! "Diğer Süpürgelerde perakende de 9.750 ₺ indirim uygulanır" 7.500 ₺ kdv dahil fiyat farkı hak edişi ödenecektir. “Diğer kampanyalar ile birleşemez” (Süpürge almak istemeyen tüketiciler için Buzdolaplarında indirim yapılabilir.)
K57: YENİ
K58: "HB557" Ankastre fırın segmenti ve üzeri Set alımlarına “BF623LMS3” kodlu ankastre mikrodalga perakende de 1.990₺! | L58: Geçerli Ankastre Fırınlar
L60: "HB557" Ankastre fırın segmenti ve daha üst segment fırınlar dahildir.
L64: Uygulama koşulları : Seçili ankastre set (fırın+ocak+dav.) alımlarında “BF623LMS3” kodlu ankastre mikrodalga perakende de 1.990₺. Diğer ankastre mikrodalgalarda da perakende de 14.790 ₺ indirim uygulanır. Giriş setlerde geçerli değildir. KDV dahil 12.000 ₺ hak ediş ödenir.

Sheet ÜRÜNLER
A1: Ürün No | B1: Ürün Adı | C1: Ürün Linki
A2: AS09IVW32N | B2: Siemens Ev Tipi Klima İç Ünite, 9.000BTU, Beyaz | C2: https://www.siemens-home.bsh-group.com/tr/tr/product/klimalar/AS09XVW32N
A3: AS09OVW32N | B3: Siemens Ev Tipi Klima Dış Ünite, 9.000BTU, Beyaz | C3: https://www.siemens-home.bsh-group.com/tr/tr/product/klimalar/AS09XVW32N
A4: AS12IVW30N | B4: Siemens Ev Tipi Klima İç Ünite, 12.000BTU, Beyaz | C4: https://www.siemens-home.bsh-group.com/tr/tr/product/klimalar/AS12XVW32N
A5: AS12IVW32N | B5: Siemens Ev Tipi Klima İç Ünite, 12.000BTU, Beyaz | C5: https://www.siemens-home.bsh-group.com/tr/tr/product/klimalar/AS12XVW32N
A6: AS12IXB32N | B6: Siemens Ev Tipi Klima İç Ünite, 12.000BTU, Siyah | C6: https://www.siemens-home.bsh-group.com/tr/tr/product/klimalar/AS12XXB32N
A7: AS12OVW30N | B7: Siemens Ev Tipi Klima Dış Ünite, 12.000BTU, Beyaz | C7: https://www.siemens-home.bsh-group.com/tr/tr/product/klimalar/AS12XVW32N
A8: AS12OVW32N | B8: Siemens Ev Tipi Klima Dış Ünite, 12.000BTU, Beyaz | C8: https://www.siemens-home.bsh-group.com/tr/tr/product/klimalar/AS12XVW32N
A9: AS12OXB32N | B9: Siemens Ev Tipi Klima Dış Ünite, 12.000BTU, Beyaz | C9: https://www.siemens-home.bsh-group.com/tr/tr/product/klimalar/AS12XXB32N
A10: AS18IVW30N | B10: Siemens Ev Tipi Klima İç Ünite, 18.000BTU, Beyaz | C10: https://www.siemens-home.bsh-group.com/tr/tr/product/klimalar/AS18XVW32N
A11: AS18IXB32N | B11: Siemens Ev Tipi Klima İç Ünite, 18.000BTU, Siyah | C11: https://www.siemens-home.bsh-group.com/tr/tr/product/klimalar/AS18XXB32N
A12: AS18OVW30N | B12: Siemens Ev Tipi Klima Dış Ünite, 18.000BTU, Beyaz | C12: https://www.siemens-home.bsh-group.com/tr/tr/product/klimalar/AS18XVW32N
... A469: WG52A202TR | B469: iQ300 Çamaşır Makinesi, 10kg/1200devir, Beyaz | C469: https://www.siemens-home.bsh-group.com/tr/tr/product/yikama-ve-utuleme-grubu/camasir-makineleri/solo-camasir-makineleri/WG52A202TR
A470: WG52A203TR | B470: iQ300 Çamaşır Makinesi, 10kg/1200devir, Beyaz
A471: WG52A2A0TR | B471: iQ500 Çamaşır Makinesi, 10kg/1200devir, i-dos, Beyaz | C471: https://www.siemens-home.bsh-group.com/tr/tr/product/prsiemenswm/WG52A2A0TR
A472: WG52A2F0TR | B472: iQ500 Çamaşır Makinesi, 10kg/1200devir, i-dos, Beyaz | C472: https://www.siemens-home.bsh-group.com/tr/tr/product/yikama-ve-utuleme-grubu/camasir-makineleri/solo-camasir-makineleri/WG52A2F0TR
A473: WG52A2XVTR | B473: iQ300 Çamaşır Makinesi, 10kg/1200devir, Gümüş | C473: https://www.siemens-home.bsh-group.com/tr/tr/product/evlilik-kampanyasi-camasir-makineleri/WG52A2XVTR
A474: WG52A2Z0TR | B474: iQ500 Çamaşır Makinesi, 10kg/1200devir, Beyaz | C474: https://www.siemens-home.bsh-group.com/tr/tr/product/yikama-ve-utuleme-grubu/camasir-makineleri/iq300-camasir-makineleri/WG52A2Z0TR
A475: WG52A2ZXTR | B475: iQ300 Çamaşır Makinesi, 10kg/1200devir, Gümüş | C475: https://www.siemens-home.bsh-group.com/tr/tr/product/yikama-ve-utuleme-grubu/camasir-makineleri/solo-camasir-makineleri/WG52A2ZXTR
A476: WG52K2Z0TR | B476: iQ500 Çamaşır Makinesi, 10kg/1200devir, Beyaz | C476: https://www.siemens-home.bsh-group.com/tr/tr/product/yikama-ve-utuleme-grubu/camasir-makineleri/solo-camasir-makineleri/WG52K2Z0TR
A477: WG52K2Z1TR | B477: iQ500 Çamaşır Makinesi, 10kg/1200devir, Beyaz
A478: WG52K2ZXTR | B478: iQ500 Çamaşır Makinesi, 10kg/1200devir, Gümüş | C478: https://www.siemens-home.bsh-group.com/tr/tr/product/yikama-ve-utuleme-grubu/camasir-makineleri/solo-camasir-makineleri/WG52K2ZXTR
A479: WG54A200TR | B479: iQ300 Çamaşır Makinesi, 10kg/1400devir, Beyaz | C479: https://www.siemens-home.bsh-group.com/tr/tr/product/prsiemenswm/WG54A200TR
A480: WG54A2Z0TR | B480: iQ300 Çamaşır Makinesi, 10kg/1400devir, Beyaz | C480: https://www.siemens-home.bsh-group.com/tr/tr/product/yikama-ve-utuleme-grubu/camasir-makineleri/solo-camasir-makineleri/WG54A2Z0TR
A481: WG54B2A0TR | B481: iQ700 Çamaşır Makinesi, 10kg/1400devir, i-dos, Beyaz | C481: https://www.siemens-home.bsh-group.com/tr/tr/product/yikama-ve-utuleme-grubu/camasir-makineleri/iq700-camasir-makineleri/WG54B2A0TR
A482: WG54B2A1TR | B482: iQ700 Çamaşır Makinesi, 10kg/1400devir, i-dos, Beyaz | C482: https://www.siemens-home.bsh-group.com/tr/tr/product/yikama-ve-utuleme-grubu/camasir-makineleri/solo-camasir-makineleri/WG54B2A1TR
A483: WG54B2ASTR | B483: iQ700 Çamaşır Makinesi, 10kg/1400devir, i-dos, Gümüş | C483: https://www.siemens-home.bsh-group.com/tr/tr/product/yikama-ve-utuleme-grubu/camasir-makineleri/solo-camasir-makineleri/WG54B2ASTR
A484: WG54B2AXTR | B484: iQ700 Çamaşır Makinesi, 10kg/1400devir, i-dos, Gümüş | C484: https://www.siemens-home.bsh-group.com/tr/tr/product/yikama-ve-utuleme-grubu/camasir-makineleri/iq700-camasir-makineleri/WG54B2AXTR
A485: WG54K2Y0TR | B485: iQ500 Çamaşır Makinesi, 10kg/1400devir, i-dos, Beyaz | C485: https://www.siemens-home.bsh-group.com/tr/tr/product/yikama-ve-utuleme-grubu/camasir-makineleri/solo-camasir-makineleri/WG54K2Y0TR
A486: WG64K2Y0TR | B486: iQ500 Çamaşır Makinesi, 11kg/1400devir, i-dos, Beyaz | C486: https://www.siemens-home.bsh-group.com/tr/tr/product/yikama-ve-utuleme-grubu/camasir-makineleri/solo-camasir-makineleri/WG64K2Y0TR
A487: WG64K2F0TR | B487: iQ500 Çamaşır Makinesi, 11kg/1400devir, i-dos, Beyaz | C487: https://www.siemens-home.bsh-group.com/tr/tr/product/yikama-ve-utuleme-grubu/camasir-makineleri/solo-camasir-makineleri/WG64K2F0TR
A488: WG64K2Z0TR | B488: iQ500 Çamaşır Makinesi, 11kg/1400devir, Beyaz | C488: https://www.siemens-home.bsh-group.com/tr/tr/product/yikama-ve-utuleme-grubu/camasir-makineleri/solo-camasir-makineleri/WG64K2Z0TR
A489: WG64K2ZRTR | B489: iQ500 Çamaşır Makinesi, 11kg/1400devir, Antrasit/Dark | C489: https://www.siemens-home.bsh-group.com/tr/tr/product/yikama-ve-utuleme-grubu/camasir-makineleri/solo-camasir-makineleri/WG64K2ZRTR
... A517: SZ36RB04 | B517: Siemens Bulaşık Makinesi 3. Tepsi | C517: https://www.siemens-home.bsh-group.com/tr/tr/productservice/SZ36RB04(00)
