Workbook

Sheet Sayfa1
A1: STOK KODU | B1: AÇIKLAMA | C1: 17 EYLÜL HOROZ | D1: 28 EYLÜL STUDIOLINE HOROZ | E1: 28 EYLÜL YILDIZ DEPO | F1: CAM OFİS KAPALI KUTU | G1: CAM OFİS TEŞHİR | H1: STUDIO LINE CEPA | I1: ANKAMALL | J1: CEPA | K1: OPTIMUM | L1: ONE TOWER | M1: PANORA | N1: TOPLAM STOK | O1: 8 EKİM BEKLEYEN | P1: PRİM HARİÇ ÜRÜN | Q1: EKİM TOPTAN | R1: HAVALE FİYATI | S1: TEK ÇEKİM FİYATI | T1: TAKSİTLİ FİYATI 3/6 TAKSİT | U1: EKİM BİP | V1: 30.11.2026 montaj zorunlu PHASE OUT | W1: Hakedişler LİSTE FİYATINDAN SATILIRSA geçerli olacak | X1: ONLINE FİYATI | Y1: ÜRÜN NOTLARI
A2: KA93NVL30N | B2: =IFERROR(HYPERLINK(VLOOKUP(A2,ÜRÜNLER!A:C,3,FALSE),VLOOKUP(A2,ÜRÜNLER!A:B,2,FALSE)),"") -> iQ300 Gardırop Tipi Buzdolabı, 90.8cm, Inox | J2: 1 | L2: 1 | N2: =M2+K2+L2+J2+I2+H2+G2+F2+E2+D2+C2 -> 2 | O2: 0 | Q2: devamı yok | R2: 80000 | S2: 83200 | T2: 86400 | W2: 1000
A3: KF96RSBEA | B3: =IFERROR(HYPERLINK(VLOOKUP(A3,ÜRÜNLER!A:C,3,FALSE),VLOOKUP(A3,ÜRÜNLER!A:B,2,FALSE)),"") -> iQ700 Gardırop Tipi Buzdolabı, Cam Kapı, Alkol Çekmeceli, 90.5cm, Siyah | C3: 4 | F3: 1 | I3: 1 | J3: 1 | M3: 1 | N3: =M3+K3+L3+J3+I3+H3+G3+F3+E3+D3+C3 -> 8 | O3: 11 | Q3: 215784.17 | R3: 204994.96 | S3: 213194.76 | T3: 221394.56
A4: KF96NAXEA | B4: =IFERROR(HYPERLINK(VLOOKUP(A4,ÜRÜNLER!A:C,3,FALSE),VLOOKUP(A4,ÜRÜNLER!A:B,2,FALSE)),"") -> iQ300 Gardırop Tipi Buzdolabı, 90.5cm, BlackSteel | I4: 1 | J4: 1 | K4: 1 | L4: 2 | M4: 1 | N4: =M4+K4+L4+J4+I4+H4+G4+F4+E4+D4+C4 -> 6 | O4: 16 | Q4: 134806.51 | R4: 134806.51 | S4: 140198.77 | T4: 145591.03 | U4: 37017.155
A5: KF96NVPEA | B5: =IFERROR(HYPERLINK(VLOOKUP(A5,ÜRÜNLER!A:C,3,FALSE),VLOOKUP(A5,ÜRÜNLER!A:B,2,FALSE)),"") -> iQ300 Gardırop Tipi Buzdolabı, 90.5cm, Inox | C5: 13 | I5: 1 | L5: 2 | N5: =M5+K5+L5+J5+I5+H5+G5+F5+E5+D5+C5 -> 16 | O5: 1 | Q5: 118087.27 | R5: 112182.91 | S5: 116670.22 | T5: 121157.54 | U5: 22366.339 | W5: 250
A6: KD43NNWE0N | B6: =IFERROR(HYPERLINK(VLOOKUP(A6,ÜRÜNLER!A:C,3,FALSE),VLOOKUP(A6,ÜRÜNLER!A:B,2,FALSE)),"") -> iQ100 Üstten Donduruculu Kulpsuz Buzdolabı, 70cm, Beyaz | C6: 1 | N6: =M6+K6+L6+J6+I6+H6+G6+F6+E6+D6+C6 -> 1 | O6: 0 | P6: PRİM HARİÇ | Q6: 35217.432 | R6: 35569.606 | S6: 36992.39 | T6: 38415.175
A7: KD55NNWE0N | B7: =IFERROR(HYPERLINK(VLOOKUP(A7,ÜRÜNLER!A:C,3,FALSE),VLOOKUP(A7,ÜRÜNLER!A:B,2,FALSE)),"") -> iQ300 Üstten Donduruculu Kulpsuz Buzdolabı, 70cm, Beyaz | F7: 1 | N7: =M7+K7+L7+J7+I7+H7+G7+F7+E7+D7+C7 -> 1 | O7: 0 | P7: PRİM HARİÇ | Q7: devamı yok | R7: 36986.142 | S7: 38465.587 | T7: 39945.033
A8: KD55NNLE0N | B8: =IFERROR(HYPERLINK(VLOOKUP(A8,ÜRÜNLER!A:C,3,FALSE),VLOOKUP(A8,ÜRÜNLER!A:B,2,FALSE)),"") -> iQ300 Üstten Donduruculu Kulpsuz Buzdolabı, 70cm, Inox Görünümlü | C8: 3 | N8: =M8+K8+L8+J8+I8+H8+G8+F8+E8+D8+C8 -> 3 | O8: 0 | P8: PRİM HARİÇ | Q8: devamı yok | R8: 43670 | S8: 45416.8 | T8: 47163.6 | U8: 2879.6533
A9: KD56NXWF1N | B9: =IFERROR(HYPERLINK(VLOOKUP(A9,ÜRÜNLER!A:C,3,FALSE),VLOOKUP(A9,ÜRÜNLER!A:B,2,FALSE)),"") -> iQ300 Üstten Donduruculu Kulpsuz Buzdolabı, 70cm, Beyaz | L9: 1 | N9: =M9+K9+L9+J9+I9+H9+G9+F9+E9+D9+C9 -> 1 | O9: 0 | Q9: devamı yok | R9: 40000 | S9: 41600 | T9: 43200 | W9: 500
A10: KD76NAIE1N | B10: =IFERROR(HYPERLINK(VLOOKUP(A10,ÜRÜNLER!A:C,3,FALSE),VLOOKUP(A10,ÜRÜNLER!A:B,2,FALSE)),"") -> iQ500 Üstten Donduruculu Kulplu Buzdolabı, 75cm, Inox | C10: 11 | N10: =M10+K10+L10+J10+I10+H10+G10+F10+E10+D10+C10 -> 11 | O10: 0 | Q10: 84535.625 | R10: 80308.843 | S10: 83521.197 | T10: 86733.551 | U10: 12012.369
A11: KD76NAWE1N | B11: =IFERROR(HYPERLINK(VLOOKUP(A11,ÜRÜNLER!A:C,3,FALSE),VLOOKUP(A11,ÜRÜNLER!A:B,2,FALSE)),"") -> iQ500 Üstten Donduruculu Kulplu Buzdolabı, 75cm, Beyaz | C11: 5 | N11: =M11+K11+L11+J11+I11+H11+G11+F11+E11+D11+C11 -> 5 | O11: 5 | Q11: 62949.551 | R11: 59802.074 | S11: 62194.157 | T11: 64586.24
A12: KD76NXIE1N | B12: =IFERROR(HYPERLINK(VLOOKUP(A12,ÜRÜNLER!A:C,3,FALSE),VLOOKUP(A12,ÜRÜNLER!A:B,2,FALSE)),"") -> iQ500 Üstten Donduruculu Kulpsuz Buzdolabı, 75cm, Inox | C12: 11 | N12: =M12+K12+L12+J12+I12+H12+G12+F12+E12+D12+C12 -> 11 | O12: 0 | Q12: 70136.481 | R12: 66629.657 | S12: 69294.843 | T12: 71960.029 | U12: 5101.5972
A13: KD76NXWE1N | B13: =IFERROR(HYPERLINK(VLOOKUP(A13,ÜRÜNLER!A:C,3,FALSE),VLOOKUP(A13,ÜRÜNLER!A:B,2,FALSE)),"") -> iQ300 Üstten Donduruculu, Kulpsuz Buzdolabı, 75cm, Beyaz | I13: 1 | J13: 1 | M13: 1 | N13: =M13+K13+L13+J13+I13+H13+G13+F13+E13+D13+C13 -> 3 | O13: 11 | Q13: 64328.533 | R13: 61112.107 | S13: 63556.591 | T13: 66001.075 | U13: 11177.371
A14: KD76NXWE0N | B14: =IFERROR(HYPERLINK(VLOOKUP(A14,ÜRÜNLER!A:C,3,FALSE),VLOOKUP(A14,ÜRÜNLER!A:B,2,FALSE)),"") -> iQ300 Üstten Donduruculu Kulpsuz Buzdolabı, 75cm, Beyaz | L14: 1 | N14: =M14+K14+L14+J14+I14+H14+G14+F14+E14+D14+C14 -> 1 | O14: 0 | Q14: devamı yok | R14: 55000 | S14: 57200 | T14: 59400 | W14: 500
A15: KD76NNWE0N | B15: =IFERROR(HYPERLINK(VLOOKUP(A15,ÜRÜNLER!A:C,3,FALSE),VLOOKUP(A15,ÜRÜNLER!A:B,2,FALSE)),"") -> iQ300 Üstten Donduruculu Kulpsuz Buzdolabı, 75cm, Beyaz | N15: =M15+K15+L15+J15+I15+H15+G15+F15+E15+D15+C15 -> 0 | O15: 0 | Q15: 56792.905 | R15: 56793 | S15: 59064.72 | T15: 61336.44 | U15: 5920.8122
A16: KD86NAID1N | B16: =IFERROR(HYPERLINK(VLOOKUP(A16,ÜRÜNLER!A:C,3,FALSE),VLOOKUP(A16,ÜRÜNLER!A:B,2,FALSE)),"") -> iQ500 Üstten Donduruculu Kulplu Buzdolabı, 86cm, Inox | C16: 9 | E16: 1 | I16: 1 | J16: 1 | K16: 1 | N16: =M16+K16+L16+J16+I16+H16+G16+F16+E16+D16+C16 -> 13 | O16: 0 | Q16: 98053.757 | R16: 93151.069 | S16: 96877.112 | T16: 100603.16 | U16: 19751.432
A17: KD86NAWE1N | B17: =IFERROR(HYPERLINK(VLOOKUP(A17,ÜRÜNLER!A:C,3,FALSE),VLOOKUP(A17,ÜRÜNLER!A:B,2,FALSE)),"") -> iQ500 Üstten Donduruculu Kulplu Buzdolabı, 86cm, Beyaz | C17: 1 | N17: =M17+K17+L17+J17+I17+H17+G17+F17+E17+D17+C17 -> 1 | O17: 10 | Q17: 85320.531 | R17: 81054.504 | S17: 84296.684 | T17: 87538.864 | U17: 12797.275
A18: KD86NHID1N | B18: =IFERROR(HYPERLINK(VLOOKUP(A18,ÜRÜNLER!A:C,3,FALSE),VLOOKUP(A18,ÜRÜNLER!A:B,2,FALSE)),"") -> iQ500 Üstten Donduruculu Kulplu Buzdolabı, 86cm, Inox | L18: 1 | N18: =M18+K18+L18+J18+I18+H18+G18+F18+E18+D18+C18 -> 1 | O18: 0 | Q18: devamı yok | R18: 55000 | S18: 57200 | T18: 59400 | W18: 500
A19: KG36NNLE0N | B19: =IFERROR(HYPERLINK(VLOOKUP(A19,ÜRÜNLER!A:C,3,FALSE),VLOOKUP(A19,ÜRÜNLER!A:B,2,FALSE)),"") -> iQ100 Alttan Donduruculu Kulpsuz Buzdolabı, 60cm, Inox | N19: =M19+K19+L19+J19+I19+H19+G19+F19+E19+D19+C19 -> 0 | O19: 0 | Q19: devamı yok | R19: 40000 | S19: 41600 | T19: 43200 | W19: 500
A20: KG55NCIE0N | B20: =IFERROR(HYPERLINK(VLOOKUP(A20,ÜRÜNLER!A:C,3,FALSE),VLOOKUP(A20,ÜRÜNLER!A:B,2,FALSE)),"") -> iQ300 Alttan Donduruculu Kulpsuz Buzdolabı, 70cm, Inox | C20: 55 | E20: 4 | I20: 1 | J20: 1 | L20: 1 | M20: 1 | N20: =M20+K20+L20+J20+I20+H20+G20+F20+E20+D20+C20 -> 63 | O20: 0 | Q20: 65373.711 | R20: 62105.025 | S20: 64589.226 | T20: 67073.427 | U20: 15803.943
A21: KG55NCWE0N | B21: =IFERROR(HYPERLINK(VLOOKUP(A21,ÜRÜNLER!A:C,3,FALSE),VLOOKUP(A21,ÜRÜNLER!A:B,2,FALSE)),"") -> iQ300 Alttan Donduruculu Kulpsuz Buzdolabı, 70cm, Beyaz | C21: 75 | I21: 1 | K21: 1 | L21: 2 | N21: =M21+K21+L21+J21+I21+H21+G21+F21+E21+D21+C21 -> 79 | O21: 0 | Q21: 60461.405 | R21: 57438.335 | S21: 59735.868 | T21: 62033.401 | U21: 12845.126
A22: KG55NVIE0N | B22: =IFERROR(HYPERLINK(VLOOKUP(A22,ÜRÜNLER!A:C,3,FALSE),VLOOKUP(A22,ÜRÜNLER!A:B,2,FALSE)),"") -> iQ300 Alttan Donduruculu Kulpsuz Buzdolabı, 70cm, Inox | E22: 1 | L22: 1 | N22: =M22+K22+L22+J22+I22+H22+G22+F22+E22+D22+C22 -> 2 | O22: 0 | Q22: devamı yok | R22: 55000 | S22: 57200 | T22: 59400 | U22: 6001.9872
A23: KG55NVWE0N | B23: =IFERROR(HYPERLINK(VLOOKUP(A23,ÜRÜNLER!A:C,3,FALSE),VLOOKUP(A23,ÜRÜNLER!A:B,2,FALSE)),"") -> iQ300 Alttan Donduruculu Kulpsuz Buzdolabı, 70cm, Beyaz | E23: 1 | L23: 1 | N23: =M23+K23+L23+J23+I23+H23+G23+F23+E23+D23+C23 -> 2 | O23: 0 | Q23: devamı yok | R23: 44500 | S23: 46280 | T23: 48060 | U23: 2497.0134 | W23: 500
A24: KG56NCID0N | B24: =IFERROR(HYPERLINK(VLOOKUP(A24,ÜRÜNLER!A:C,3,FALSE),VLOOKUP(A24,ÜRÜNLER!A:B,2,FALSE)),"") -> iQ300 Alttan Donduruculu Kulpsuz Buzdolabı, 70cm, Inox (Wi-Fi) | C24: 3 | N24: =M24+K24+L24+J24+I24+H24+G24+F24+E24+D24+C24 -> 3 | O24: 0 | Q24: 60254.001 | R24: 57241.301 | S24: 59530.953 | T24: 61820.605 | U24: 3277.2569
A25: KG56NCWD0N | B25: =IFERROR(HYPERLINK(VLOOKUP(A25,ÜRÜNLER!A:C,3,FALSE),VLOOKUP(A25,ÜRÜNLER!A:B,2,FALSE)),"") -> iQ300 Alttan Donduruculu Kulpsuz Buzdolabı, 70cm, Beyaz (Wi-Fi) | C25: 2 | N25: =M25+K25+L25+J25+I25+H25+G25+F25+E25+D25+C25 -> 2 | O25: 0 | Q25: 55360.41 | R25: 52592.39 | S25: 54696.085 | T25: 56799.781
A26: KG56NCXD0N | B26: =IFERROR(HYPERLINK(VLOOKUP(A26,ÜRÜNLER!A:C,3,FALSE),VLOOKUP(A26,ÜRÜNLER!A:B,2,FALSE)),"") -> iQ300 Alttan Donduruculu Kulpsuz Buzdolabı, 70cm, Black Inox (Wi-Fi) | C26: 2 | N26: =M26+K26+L26+J26+I26+H26+G26+F26+E26+D26+C26 -> 2 | O26: 0 | Q26: 63899.365 | R26: 60704.397 | S26: 63132.573 | T26: 65560.749 | U26: 3992.3887
A27: KG56NLBE0N | B27: =IFERROR(HYPERLINK(VLOOKUP(A27,ÜRÜNLER!A:C,3,FALSE),VLOOKUP(A27,ÜRÜNLER!A:B,2,FALSE)),"") -> iQ500 Alttan Donduruculu Kulpsuz Buzdolabı, 70cm, Parlak Siyah | C27: 4 | I27: 2 | J27: 1 | K27: 1 | M27: 2 | N27: =M27+K27+L27+J27+I27+H27+G27+F27+E27+D27+C27 -> 10 | O27: 0 | Q27: 65451.17 | R27: 62178.612 | S27: 64665.756 | T27: 67152.901
A28: KG56NNWD0N | B28: =IFERROR(HYPERLINK(VLOOKUP(A28,ÜRÜNLER!A:C,3,FALSE),VLOOKUP(A28,ÜRÜNLER!A:B,2,FALSE)),"") -> iQ100 Alttan Donduruculu Kulpsuz Buzdolabı, 70cm, Beyaz (Wi-Fi) | C28: 42 | I28: 1 | N28: =M28+K28+L28+J28+I28+H28+G28+F28+E28+D28+C28 -> 43 | O28: 0 | Q28: 46178.679 | R28: 43869.745 | S28: 45624.535 | T28: 47379.324
A29: KG56NQWF0N | B29: =IFERROR(HYPERLINK(VLOOKUP(A29,ÜRÜNLER!A:C,3,FALSE),VLOOKUP(A29,ÜRÜNLER!A:B,2,FALSE)),"") -> iQ500 Alttan Donduruculu Kulpsuz Buzdolabı, 70cm, Seramik Desen | J29: 1 | N29: =M29+K29+L29+J29+I29+H29+G29+F29+E29+D29+C29 -> 1 | O29: 0 | Q29: devamı yok | R29: 48000 | S29: 49920 | T29: 51840 | W29: 500
A30: KG56NTEE0N | B30: =IFERROR(HYPERLINK(VLOOKUP(A30,ÜRÜNLER!A:C,3,FALSE),VLOOKUP(A30,ÜRÜNLER!A:B,2,FALSE)),"") -> iQ500 Alttan Donduruculu Kulpsuz Buzdolabı, 70cm, Mat Siyah | G30: 1 | N30: =M30+K30+L30+J30+I30+H30+G30+F30+E30+D30+C30 -> 1 | O30: 0 | Q30: devamı yok | R30: 48000 | S30: 49920 | T30: 51840 | W30: 500
A31: KG56NTWE0N | B31: =IFERROR(HYPERLINK(VLOOKUP(A31,ÜRÜNLER!A:C,3,FALSE),VLOOKUP(A31,ÜRÜNLER!A:B,2,FALSE)),"") -> iQ500 Alttan Donduruculu Kulpsuz Buzdolabı, 70cm, Seramik Desen | L31: 1 | N31: =M31+K31+L31+J31+I31+H31+G31+F31+E31+D31+C31 -> 1 | O31: 0 | Q31: devamı yok | R31: 48000 | S31: 49920 | T31: 51840 | W31: 500
A32: KG56NVPD0N | B32: =IFERROR(HYPERLINK(VLOOKUP(A32,ÜRÜNLER!A:C,3,FALSE),VLOOKUP(A32,ÜRÜNLER!A:B,2,FALSE)),"") -> iQ300 Alttan Donduruculu Kulpsuz Buzdolabı, 70cm, Inox (Wi-Fi) | C32: 26 | I32: 1 | N32: =M32+K32+L32+J32+I32+H32+G32+F32+E32+D32+C32 -> 27 | O32: 20 | Q32: 52906.163 | R32: 50260.855 | S32: 52271.289 | T32: 54281.723
A33: KG56NVWD0N | B33: =IFERROR(HYPERLINK(VLOOKUP(A33,ÜRÜNLER!A:C,3,FALSE),VLOOKUP(A33,ÜRÜNLER!A:B,2,FALSE)),"") -> iQ300 Alttan Donduruculu Kulpsuz Buzdolabı, 70cm, Beyaz (Wi-Fi) | C33: 30 | N33: =M33+K33+L33+J33+I33+H33+G33+F33+E33+D33+C33 -> 30 | O33: 21 | Q33: 50483.32 | R33: 47959.154 | S33: 49877.52 | T33: 51795.886
A34: KG76APIE0N | B34: =IFERROR(HYPERLINK(VLOOKUP(A34,ÜRÜNLER!A:C,3,FALSE),VLOOKUP(A34,ÜRÜNLER!A:B,2,FALSE)),"") -> iQ700 Alttan Donduruculu Kulplu Buzdolabı, 75cm, Inox | C34: 13 | N34: =M34+K34+L34+J34+I34+H34+G34+F34+E34+D34+C34 -> 13 | O34: 0 | Q34: 84646.164 | R34: 80413.856 | S34: 83630.41 | T34: 86846.965 | U34: 6343.8389
A35: KG76NCIE0N | B35: =IFERROR(HYPERLINK(VLOOKUP(A35,ÜRÜNLER!A:C,3,FALSE),VLOOKUP(A35,ÜRÜNLER!A:B,2,FALSE)),"") -> iQ500 Alttan Donduruculu Kulplu Buzdolabı, 75cm, Inox | C35: 3 | I35: 1 | J35: 1 | K35: 1 | L35: 3 | M35: 1 | N35: =M35+K35+L35+J35+I35+H35+G35+F35+E35+D35+C35 -> 10 | O35: 5 | Q35: 89337.569 | R35: 84870.691 | S35: 88265.519 | T35: 91660.346 | U35: 19093.383
A36: KG76NCWE0N | B36: =IFERROR(HYPERLINK(VLOOKUP(A36,ÜRÜNLER!A:C,3,FALSE),VLOOKUP(A36,ÜRÜNLER!A:B,2,FALSE)),"") -> iQ500 Alttan Donduruculu Kulplu Buzdolabı, 75cm, Beyaz | C36: 33 | I36: 1 | L36: 1 | N36: =M36+K36+L36+J36+I36+H36+G36+F36+E36+D36+C36 -> 35 | O36: 0 | Q36: 80897.296 | R36: 76852.431 | S36: 79926.528 | T36: 83000.626 | U36: 12199.622
A37: KG76NCXE0N | B37: =IFERROR(HYPERLINK(VLOOKUP(A37,ÜRÜNLER!A:C,3,FALSE),VLOOKUP(A37,ÜRÜNLER!A:B,2,FALSE)),"") -> iQ500 Alttan Donduruculu Kulpsuz Buzdolabı, 75cm, darkSteel | C37: 113 | I37: 1 | J37: 1 | K37: 1 | M37: 1 | N37: =M37+K37+L37+J37+I37+H37+G37+F37+E37+D37+C37 -> 117 | O37: 0 | Q37: 99433.9 | R37: 94462.205 | S37: 98240.693 | T37: 102019.18 | U37: 23492.04
A38: KG76NVIE0N | B38: =IFERROR(HYPERLINK(VLOOKUP(A38,ÜRÜNLER!A:C,3,FALSE),VLOOKUP(A38,ÜRÜNLER!A:B,2,FALSE)),"") -> iQ300 Alttan Donduruculu Kulpsuz Buzdolabı, 75cm, Inox | C38: 31 | G38: 2 | I38: 1 | L38: 2 | N38: =M38+K38+L38+J38+I38+H38+G38+F38+E38+D38+C38 -> 36 | O38: 0 | Q38: 80743.426 | R38: 76706.255 | S38: 79774.505 | T38: 82842.755 | U38: 13103.891
A39: KG76NVWE0N | B39: =IFERROR(HYPERLINK(VLOOKUP(A39,ÜRÜNLER!A:C,3,FALSE),VLOOKUP(A39,ÜRÜNLER!A:B,2,FALSE)),"") -> iQ300 Alttan Donduruculu Kulpsuz Buzdolabı, 75cm, Beyaz | C39: 17 | I39: 1 | J39: 1 | M39: 1 | N39: =M39+K39+L39+J39+I39+H39+G39+F39+E39+D39+C39 -> 20 | O39: 0 | Q39: 72507.334 | R39: 68881.968 | S39: 71637.246 | T39: 74392.525 | U39: 15693.381
A40: KG76PAIC0N | B40: =IFERROR(HYPERLINK(VLOOKUP(A40,ÜRÜNLER!A:C,3,FALSE),VLOOKUP(A40,ÜRÜNLER!A:B,2,FALSE)),"") -> iQ700 Alttan Donduruculu Kulplu Buzdolabı, 75cm, Inox | C40: 37 | E40: 2 | G40: 1 | I40: 1 | J40: 1 | M40: 1 | N40: =M40+K40+L40+J40+I40+H40+G40+F40+E40+D40+C40 -> 43 | O40: 0 | Q40: 93563.754 | R40: 88885.567 | S40: 92440.989 | T40: 95996.412 | U40: 10784.685
A41: KG76PAWC0N | B41: =IFERROR(HYPERLINK(VLOOKUP(A41,ÜRÜNLER!A:C,3,FALSE),VLOOKUP(A41,ÜRÜNLER!A:B,2,FALSE)),"") -> iQ700 Alttan Donduruculu Kulplu Buzdolabı, 75cm, Beyaz | C41: 18 | E41: 1 | I41: 1 | K41: 1 | L41: 3 | N41: =M41+K41+L41+J41+I41+H41+G41+F41+E41+D41+C41 -> 24 | O41: 1 | Q41: 85858.484 | R41: 81565.56 | S41: 84828.182 | T41: 88090.805 | U41: 8858.4841
A42: KG86NAID2N | B42: =IFERROR(HYPERLINK(VLOOKUP(A42,ÜRÜNLER!A:C,3,FALSE),VLOOKUP(A42,ÜRÜNLER!A:B,2,FALSE)),"") -> iQ500 Alttan Donduruculu Kulplu Buzdolabı, 86cm, Inox | C42: 65 | E42: 1 | I42: 1 | J42: 1 | K42: 1 | L42: 1 | M42: 1 | N42: =M42+K42+L42+J42+I42+H42+G42+F42+E42+D42+C42 -> 71 | O42: 0 | Q42: 104311.67 | R42: 99096.09 | S42: 103059.93 | T42: 107023.78 | U42: 29834.93
A43: KG86NCWE0N | B43: =IFERROR(HYPERLINK(VLOOKUP(A43,ÜRÜNLER!A:C,3,FALSE),VLOOKUP(A43,ÜRÜNLER!A:B,2,FALSE)),"") -> iQ500 Alttan Donduruculu Kulplu Buzdolabı, 86cm, Beyaz | C43: 6 | G43: 1 | I43: 1 | K43: 1 | N43: =M43+K43+L43+J43+I43+H43+G43+F43+E43+D43+C43 -> 9 | O43: 5 | Q43: 89598.547 | R43: 85118.62 | S43: 88523.365 | T43: 91928.11 | U43: 19354.361
A44: KG86NVWE0N | B44: =IFERROR(HYPERLINK(VLOOKUP(A44,ÜRÜNLER!A:C,3,FALSE),VLOOKUP(A44,ÜRÜNLER!A:B,2,FALSE)),"") -> iQ500 Alttan Donduruculu Kulpsuz Buzdolabı, 86cm, Beyaz | C44: 35 | G44: 1 | J44: 1 | N44: =M44+K44+L44+J44+I44+H44+G44+F44+E44+D44+C44 -> 37 | O44: 0 | Q44: 79438.433 | R44: 75466.511 | S44: 78485.172 | T44: 81503.832 | U44: 12124.479
A45: KG86PAIC0N | B45: =IFERROR(HYPERLINK(VLOOKUP(A45,ÜRÜNLER!A:C,3,FALSE),VLOOKUP(A45,ÜRÜNLER!A:B,2,FALSE)),"") -> iQ700 Alttan Donduruculu Kulplu Buzdolabı, 86cm, Inox | C45: 1 | N45: =M45+K45+L45+J45+I45+H45+G45+F45+E45+D45+C45 -> 1 | O45: 0 | Q45: devamı yok | R45: 80000 | S45: 83200 | T45: 86400
A46: KG86PAXB0N | B46: =IFERROR(HYPERLINK(VLOOKUP(A46,ÜRÜNLER!A:C,3,FALSE),VLOOKUP(A46,ÜRÜNLER!A:B,2,FALSE)),"") -> iQ700 Alttan Donduruculu Kulpsuz Buzdolabı, 86cm, darkSteel | C46: 18 | I46: 1 | M46: 1 | N46: =M46+K46+L46+J46+I46+H46+G46+F46+E46+D46+C46 -> 20 | O46: 0 | Q46: 119402.3 | R46: 113432.19 | S46: 117969.48 | T46: 122506.76 | U46: 27669.747
A47: KG86PFIC0N | B47: =IFERROR(HYPERLINK(VLOOKUP(A47,ÜRÜNLER!A:C,3,FALSE),VLOOKUP(A47,ÜRÜNLER!A:B,2,FALSE)),"") -> iQ700 Alttan Donduruculu Kulplu Buzdolabı, 86cm, Inox | C47: 113 | F47: 1 | G47: 1 | I47: 1 | K47: 1 | L47: 1 | M47: 1 | N47: =M47+K47+L47+J47+I47+H47+G47+F47+E47+D47+C47 -> 119 | O47: 0 | Q47: 113812.03 | R47: 108121.43 | S47: 112446.28 | T47: 116771.14 | U47: 28102.725
A48: KG86PFWC0N | B48: =IFERROR(HYPERLINK(VLOOKUP(A48,ÜRÜNLER!A:C,3,FALSE),VLOOKUP(A48,ÜRÜNLER!A:B,2,FALSE)),"") -> iQ700 Alttan Donduruculu Kulplu Buzdolabı, 86cm, Beyaz | C48: 46 | G48: 1 | I48: 1 | J48: 1 | N48: =M48+K48+L48+J48+I48+H48+G48+F48+E48+D48+C48 -> 49 | O48: 0 | Q48: 102827.96 | R48: 97686.559 | S48: 101594.02 | T48: 105501.48 | U48: 24688.422
A49: DONDURUCU | B49: =IFERROR(HYPERLINK(VLOOKUP(A49,ÜRÜNLER!A:C,3,FALSE),VLOOKUP(A49,ÜRÜNLER!A:B,2,FALSE)),"") | N49: =SUM(N2:N48) -> 954 | O49: 0
A50: GS24VVWE0N | B50: =IFERROR(HYPERLINK(VLOOKUP(A50,ÜRÜNLER!A:C,3,FALSE),VLOOKUP(A50,ÜRÜNLER!A:B,2,FALSE)),"") -> iQ300 Derin Dondurucu, 146x60cm, Statik, Beyaz | C50: 93 | G50: 1 | N50: =M50+K50+L50+J50+I50+H50+G50+F50+E50+D50+C50 -> 94 | O50: 0 | P50: PRİM HARİÇ | Q50: 24592.565 | R50: 23000 | S50: 23920 | T50: 24840
A51: GS24VVWF0N | B51: =IFERROR(HYPERLINK(VLOOKUP(A51,ÜRÜNLER!A:C,3,FALSE),VLOOKUP(A51,ÜRÜNLER!A:B,2,FALSE)),"") -> iQ300 Derin Dondurucu, 146x60cm, Statik, Beyaz | E51: 1 | N51: =M51+K51+L51+J51+I51+H51+G51+F51+E51+D51+C51 -> 1 | O51: 0 | P51: PRİM HARİÇ | Q51: devamı yok | R51: 20000 | S51: 20800 | T51: 21600 | W51: 500
A52: GS29NVWE0N | B52: =IFERROR(HYPERLINK(VLOOKUP(A52,ÜRÜNLER!A:C,3,FALSE),VLOOKUP(A52,ÜRÜNLER!A:B,2,FALSE)),"") -> iQ300 Derin Dondurucu, 161x60cm, No-Frost, Beyaz | C52: 11 | F52: 1 | N52: =M52+K52+L52+J52+I52+H52+G52+F52+E52+D52+C52 -> 12 | O52: 0 | P52: PRİM HARİÇ | Q52: 37824.325 | R52: 41606.758 | S52: 43271.028 | T52: 44935.298 | U52: 1794.9133
A53: GS29VVWE0N | B53: =IFERROR(HYPERLINK(VLOOKUP(A53,ÜRÜNLER!A:C,3,FALSE),VLOOKUP(A53,ÜRÜNLER!A:B,2,FALSE)),"") -> iQ300 Derin Dondurucu, 161x60cm, Statik, Beyaz | C53: 101 | F53: 1 | G53: 1 | I53: 1 | K53: 1 | N53: =M53+K53+L53+J53+I53+H53+G53+F53+E53+D53+C53 -> 105 | O53: 0 | P53: PRİM HARİÇ | Q53: 25437.803 | R53: 27981.584 | S53: 29100.847 | T53: 30220.11
A54: GS33VVIE0N | B54: =IFERROR(HYPERLINK(VLOOKUP(A54,ÜRÜNLER!A:C,3,FALSE),VLOOKUP(A54,ÜRÜNLER!A:B,2,FALSE)),"") -> iQ300 Derin Dondurucu, 176x60cm, Statik, Inox | C54: 91 | E54: 2 | F54: 3 | G54: 2 | I54: 1 | L54: 1 | M54: 1 | N54: =M54+K54+L54+J54+I54+H54+G54+F54+E54+D54+C54 -> 101 | O54: 0 | P54: PRİM HARİÇ | Q54: 31580.843 | R54: 34738.927 | S54: 36128.484 | T54: 37518.041
A55: GS33VVWE0N | B55: =IFERROR(HYPERLINK(VLOOKUP(A55,ÜRÜNLER!A:C,3,FALSE),VLOOKUP(A55,ÜRÜNLER!A:B,2,FALSE)),"") -> iQ300 Derin Dondurucu, 176x60cm, Statik, Beyaz | C55: 110 | E55: 5 | F55: 1 | I55: 1 | J55: 1 | N55: =M55+K55+L55+J55+I55+H55+G55+F55+E55+D55+C55 -> 118 | O55: 0 | P55: PRİM HARİÇ | Q55: 28432.702 | R55: 31275.972 | S55: 32527.011 | T55: 33778.05
A56: GS36NVIE0N | B56: =IFERROR(HYPERLINK(VLOOKUP(A56,ÜRÜNLER!A:C,3,FALSE),VLOOKUP(A56,ÜRÜNLER!A:B,2,FALSE)),"") -> iQ300 Derin Dondurucu, 186x60cm, No-Frost Inox | G56: 1 | N56: =M56+K56+L56+J56+I56+H56+G56+F56+E56+D56+C56 -> 1 | O56: 0 | P56: PRİM HARİÇ | Q56: devamı yok | R56: 36000 | S56: 37440 | T56: 38880 | W56: 500
A57: GS36NVIEP | B57: =IFERROR(HYPERLINK(VLOOKUP(A57,ÜRÜNLER!A:C,3,FALSE),VLOOKUP(A57,ÜRÜNLER!A:B,2,FALSE)),"") -> iQ300 Derin Dondurucu, 186x60cm, No-Frost, Inox | N57: =M57+K57+L57+J57+I57+H57+G57+F57+E57+D57+C57 -> 0 | O57: 0 | P57: PRİM HARİÇ | Q57: 34578.683 | R57: 38036.551 | S57: 39558.013 | T57: 41079.475 | U57: 1658.601
A58: GS36NVWF0N | B58: =IFERROR(HYPERLINK(VLOOKUP(A58,ÜRÜNLER!A:C,3,FALSE),VLOOKUP(A58,ÜRÜNLER!A:B,2,FALSE)),"") -> iQ300 Derin Dondurucu, 186x60cm, No-Frost, Beyaz | L58: 1 | N58: =M58+K58+L58+J58+I58+H58+G58+F58+E58+D58+C58 -> 1 | O58: 0 | P58: PRİM HARİÇ | Q58: devamı yok | R58: 30000 | S58: 31200 | T58: 32400 | W58: 500
A59: GS54NVWE0N | B59: =IFERROR(HYPERLINK(VLOOKUP(A59,ÜRÜNLER!A:C,3,FALSE),VLOOKUP(A59,ÜRÜNLER!A:B,2,FALSE)),"") -> iQ300 Derin Dondurucu, 176x70cm, No-Frost, Beyaz | C59: 59 | E59: 3 | N59: =M59+K59+L59+J59+I59+H59+G59+F59+E59+D59+C59 -> 62 | O59: 0 | P59: PRİM HARİÇ | Q59: 41328.219 | R59: 45461.041 | S59: 47279.483 | T59: 49097.925 | U59: 1989.9842
A60: A.DOLAP | B60: =IFERROR(HYPERLINK(VLOOKUP(A60,ÜRÜNLER!A:C,3,FALSE),VLOOKUP(A60,ÜRÜNLER!A:B,2,FALSE)),"") | N60: =SUM(N50:N59) -> 495 | O60: 0
A61: CI24WP03 | B61: =IFERROR(HYPERLINK(VLOOKUP(A61,ÜRÜNLER!A:C,3,FALSE),VLOOKUP(A61,ÜRÜNLER!A:B,2,FALSE)),"") -> iQ700 studioLine Ankastre Şarap Soğutucu, 212.5x60.3cm | D61: 4 | H61: 1 | N61: =M61+K61+L61+J61+I61+H61+G61+F61+E61+D61+C61 -> 5 | O61: 0 | Q61: devamı yok | R61: 279033.76 | S61: 290195.11 | T61: 301356.46 | W61: 250
A62: CI30BP02 | B62: =IFERROR(HYPERLINK(VLOOKUP(A62,ÜRÜNLER!A:C,3,FALSE),VLOOKUP(A62,ÜRÜNLER!A:B,2,FALSE)),"") -> iQ700 studioLine Alttan Donduruculu Ankastre Buzdolabı, 212.5x75.6cm, Düz Menteşe | D62: 2 | H62: 1 | N62: =M62+K62+L62+J62+I62+H62+G62+F62+E62+D62+C62 -> 3 | O62: 0 | Q62: devamı yok | R62: 375000 | S62: 390000 | T62: 405000 | W62: 1000 | Y62: teşhir fiyatı 300 bin tl
A63: CI30RP02 | B63: =IFERROR(HYPERLINK(VLOOKUP(A63,ÜRÜNLER!A:C,3,FALSE),VLOOKUP(A63,ÜRÜNLER!A:B,2,FALSE)),"") -> iQ700 studioLine Ankastre Buzdolabı, 212.5x75.6cm, Düz Menteşe | D63: 5 | G63: 1 | J63: 1 | N63: =M63+K63+L63+J63+I63+H63+G63+F63+E63+D63+C63 -> 7 | O63: 0 | Q63: devamı yok | R63: 400000 | S63: 416000 | T63: 432000 | W63: 1000
A64: CI36TP02 | B64: =IFERROR(HYPERLINK(VLOOKUP(A64,ÜRÜNLER!A:C,3,FALSE),VLOOKUP(A64,ÜRÜNLER!A:B,2,FALSE)),"") -> iQ700 Alttan Donduruculu Ankastre Buzdolabı, 212.5x90.8cm, Düz Menteşe | E64: 1 | H64: 1 | L64: 1 | N64: =M64+K64+L64+J64+I64+H64+G64+F64+E64+D64+C64 -> 3 | O64: 0 | Q64: devamı yok | R64: 325000 | S64: 338000 | T64: 351000 | W64: 1000
A65: FI24NP32 | B65: =IFERROR(HYPERLINK(VLOOKUP(A65,ÜRÜNLER!A:C,3,FALSE),VLOOKUP(A65,ÜRÜNLER!A:B,2,FALSE)),"") -> iQ700 Ankastre Derin Dondurucu, 212.5x60.3cm, Düz Menteşe | F65: 1 | J65: 1 | L65: 1 | N65: =M65+K65+L65+J65+I65+H65+G65+F65+E65+D65+C65 -> 3 | O65: 0 | Q65: devamı yok | R65: 300000 | S65: 312000 | T65: 324000 | W65: 1000
A66: FI24NP33 | B66: =IFERROR(HYPERLINK(VLOOKUP(A66,ÜRÜNLER!A:C,3,FALSE),VLOOKUP(A66,ÜRÜNLER!A:B,2,FALSE)),"") -> iQ700 Ankastre Derin Dondurucu, 212.5x60.3cm, Düz Menteşe | C66: 1 | N66: =M66+K66+L66+J66+I66+H66+G66+F66+E66+D66+C66 -> 1 | O66: 0 | Q66: devamı yok | R66: 323156.5 | S66: 336082.76 | T66: 349009.02
A67: KU21RADE0 | B67: =IFERROR(HYPERLINK(VLOOKUP(A67,ÜRÜNLER!A:C,3,FALSE),VLOOKUP(A67,ÜRÜNLER!A:B,2,FALSE)),"") -> iQ500 Tezgah Altı Ankastre Buzdolabı, 82x59.8cm, softClosing Düz Menteşe | N67: =M67+K67+L67+J67+I67+H67+G67+F67+E67+D67+C67 -> 0 | O67: 3 | Q67: 69903.35 | R67: 66893.158 | S67: 69568.884 | T67: 72244.61
A68: KU21WAHG0 | B68: =IFERROR(HYPERLINK(VLOOKUP(A68,ÜRÜNLER!A:C,3,FALSE),VLOOKUP(A68,ÜRÜNLER!A:B,2,FALSE)),"") -> iQ500 Ankastre Şarap Soğutucu, 81.8x59.8cm | J68: 1 | M68: 1 | N68: =M68+K68+L68+J68+I68+H68+G68+F68+E68+D68+C68 -> 2 | O68: 3 | Q68: 107384.56 | R68: 102760.34 | S68: 106870.76 | T68: 110981.17
A69: KI82LADD0 | B69: =IFERROR(HYPERLINK(VLOOKUP(A69,ÜRÜNLER!A:C,3,FALSE),VLOOKUP(A69,ÜRÜNLER!A:B,2,FALSE)),"") -> iQ500 Derin Donduruculu Ankastre Buzdolabı, 177.2x55.8cm, softClosing Düz Menteşe | C69: 8 | F69: 1 | N69: =M69+K69+L69+J69+I69+H69+G69+F69+E69+D69+C69 -> 9 | O69: 0 | Q69: 100312.21 | R69: 95296.598 | S69: 99108.462 | T69: 102920.33
A70: KI86NHDF0 | B70: =IFERROR(HYPERLINK(VLOOKUP(A70,ÜRÜNLER!A:C,3,FALSE),VLOOKUP(A70,ÜRÜNLER!A:B,2,FALSE)),"") -> iQ500 Alttan Donduruculu Ankastre Buzdolabı, 177.2x55.8cm, softClosing Düz Menteşe | G70: 1 | N70: =M70+K70+L70+J70+I70+H70+G70+F70+E70+D70+C70 -> 1 | O70: 0 | Q70: devamı yok | R70: 75000 | S70: 78000 | T70: 81000 | W70: 1000
A71: KI87SAFE0N | B71: =IFERROR(HYPERLINK(VLOOKUP(A71,ÜRÜNLER!A:C,3,FALSE),VLOOKUP(A71,ÜRÜNLER!A:B,2,FALSE)),"") -> iQ500 Alttan Donduruculu Ankastre Buzdolabı, 177.2x55.8cm, Düz Menteşe | E71: 2 | J71: 1 | L71: 1 | N71: =M71+K71+L71+J71+I71+H71+G71+F71+E71+D71+C71 -> 4 | O71: 5 | Q71: 101735.1 | R71: 97354.167 | S71: 101248.33 | T71: 105142.5
A72: KB96NADD1 | B72: =IFERROR(HYPERLINK(VLOOKUP(A72,ÜRÜNLER!A:C,3,FALSE),VLOOKUP(A72,ÜRÜNLER!A:B,2,FALSE)),"") -> iQ500 Alttan Donduruculu Ankastre Buzdolabı, 193.5x70.8cm, softClosing Düz Menteşe | N72: =M72+K72+L72+J72+I72+H72+G72+F72+E72+D72+C72 -> 0 | O72: 4 | Q72: 125395.81 | R72: 119995.99 | S72: 124795.83 | T72: 129595.67
A73: KB96NADD0 | B73: =IFERROR(HYPERLINK(VLOOKUP(A73,ÜRÜNLER!A:C,3,FALSE),VLOOKUP(A73,ÜRÜNLER!A:B,2,FALSE)),"") -> iQ500 Alttan Donduruculu Ankastre Buzdolabı, 193.5x70.8cm, softClosing Düz Menteşe | C73: 1 | N73: =M73+K73+L73+J73+I73+H73+G73+F73+E73+D73+C73 -> 1 | O73: 5 | Q73: 125395.81 | R73: 119995.99 | S73: 124795.83 | T73: 129595.67
A74: KB96NSDD0 | B74: =IFERROR(HYPERLINK(VLOOKUP(A74,ÜRÜNLER!A:C,3,FALSE),VLOOKUP(A74,ÜRÜNLER!A:B,2,FALSE)),"") -> iQ500 studioLine Alttan Donduruculu Ankastre Buzdolabı, 193.5x70.8cm, Düz Menteşe | D74: 12 | N74: =M74+K74+L74+J74+I74+H74+G74+F74+E74+D74+C74 -> 12 | O74: 0 | Q74: 151937.51 | R74: 126493.43 | S74: 131553.17 | T74: 136612.91 | W74: 500
A75: ÇAMAŞIR MAKİNASI | B75: =IFERROR(HYPERLINK(VLOOKUP(A75,ÜRÜNLER!A:C,3,FALSE),VLOOKUP(A75,ÜRÜNLER!A:B,2,FALSE)),"") | N75: =SUM(N61:N74) -> 51 | O75: 0
A76: WG42A1ZXTR | B76: =IFERROR(HYPERLINK(VLOOKUP(A76,ÜRÜNLER!A:C,3,FALSE),VLOOKUP(A76,ÜRÜNLER!A:B,2,FALSE)),"") -> iQ300 Çamaşır Makinesi, 9kg/1200devir, Gümüş | I76: 1 | N76: =M76+K76+L76+J76+I76+H76+G76+F76+E76+D76+C76 -> 1 | O76: 0 | Q76: devamı yok | R76: 35000 | S76: 36400 | T76: 37800 | W76: 500
A77: WG42A2X3TR | B77: =IFERROR(HYPERLINK(VLOOKUP(A77,ÜRÜNLER!A:C,3,FALSE),VLOOKUP(A77,ÜRÜNLER!A:B,2,FALSE)),"") -> iQ300 Çamaşır Makinesi, 9kg/1200devir, Beyaz | C77: 7 | G77: 1 | I77: 2 | J77: 2 | K77: 1 | M77: 1 | N77: =M77+K77+L77+J77+I77+H77+G77+F77+E77+D77+C77 -> 14 | O77: 0 | Q77: 35478.87 | R77: 33951.072 | S77: 35309.115 | T77: 36667.158 | U77: 1455.6143
A78: WG42K2Z0TR | B78: =IFERROR(HYPERLINK(VLOOKUP(A78,ÜRÜNLER!A:C,3,FALSE),VLOOKUP(A78,ÜRÜNLER!A:B,2,FALSE)),"") -> iQ500 Çamaşır Makinesi, 9kg/1200devir, Beyaz | C78: 32 | I78: 1 | L78: 1 | N78: =M78+K78+L78+J78+I78+H78+G78+F78+E78+D78+C78 -> 34 | O78: 0 | Q78: 45590.828 | R78: 43311.287 | S78: 45043.738 | T78: 46776.19
A79: WG42K2ZXTR | B79: =IFERROR(HYPERLINK(VLOOKUP(A79,ÜRÜNLER!A:C,3,FALSE),VLOOKUP(A79,ÜRÜNLER!A:B,2,FALSE)),"") -> iQ500 Çamaşır Makinesi, 9kg/1200devir, Gümüş | C79: 52 | I79: 1 | J79: 1 | K79: 1 | M79: 1 | N79: =M79+K79+L79+J79+I79+H79+G79+F79+E79+D79+C79 -> 56 | O79: 0 | Q79: 47541.989 | R79: 45164.89 | S79: 46971.485 | T79: 48778.081
A80: WG44A2Z1TR | B80: =IFERROR(HYPERLINK(VLOOKUP(A80,ÜRÜNLER!A:C,3,FALSE),VLOOKUP(A80,ÜRÜNLER!A:B,2,FALSE)),"") -> iQ300 Çamaşır Makinesi, 9kg/1400devir, Beyaz | I80: 1 | N80: =M80+K80+L80+J80+I80+H80+G80+F80+E80+D80+C80 -> 1 | O80: 0 | Q80: devamı yok | R80: 32000 | S80: 33280 | T80: 34560 | W80: 500
A81: WG44B2A0TR | B81: =IFERROR(HYPERLINK(VLOOKUP(A81,ÜRÜNLER!A:C,3,FALSE),VLOOKUP(A81,ÜRÜNLER!A:B,2,FALSE)),"") -> iQ700 Çamaşır Makinesi, 9kg/1400devir, i-dos, Beyaz | J81: 1 | L81: 1 | M81: 1 | N81: =M81+K81+L81+J81+I81+H81+G81+F81+E81+D81+C81 -> 3 | O81: 5 | Q81: 53167.086 | R81: 50878 | S81: 52913.12 | T81: 54948.24
A82: WG44K2Z0TR | B82: =IFERROR(HYPERLINK(VLOOKUP(A82,ÜRÜNLER!A:C,3,FALSE),VLOOKUP(A82,ÜRÜNLER!A:B,2,FALSE)),"") -> iQ500 Çamaşır Makinesi, 9kg/1400devir, Beyaz | C82: 13 | F82: 1 | I82: 1 | J82: 1 | N82: =M82+K82+L82+J82+I82+H82+G82+F82+E82+D82+C82 -> 16 | O82: 0 | Q82: 45245.967 | R82: 42983.669 | S82: 44703.015 | T82: 46422.362
A83: WG52A202TR | B83: =IFERROR(HYPERLINK(VLOOKUP(A83,ÜRÜNLER!A:C,3,FALSE),VLOOKUP(A83,ÜRÜNLER!A:B,2,FALSE)),"") -> iQ300 Çamaşır Makinesi, 10kg/1200devir, Beyaz | I83: 1 | J83: 1 | L83: 1 | N83: =M83+K83+L83+J83+I83+H83+G83+F83+E83+D83+C83 -> 3 | O83: 0 | Q83: devamı yok | R83: 34557 | S83: 35939.28 | T83: 37321.56 | U83: 598.48948 | W83: 500
A84: WG52A203TR | B84: =IFERROR(HYPERLINK(VLOOKUP(A84,ÜRÜNLER!A:C,3,FALSE),VLOOKUP(A84,ÜRÜNLER!A:B,2,FALSE)),"") -> iQ300 Çamaşır Makinesi, 10kg/1200devir, Beyaz | C84: 135 | I84: 1 | J84: 1 | K84: 1 | N84: =M84+K84+L84+J84+I84+H84+G84+F84+E84+D84+C84 -> 138 | O84: 0 | Q84: 41077.18 | R84: 39023.321 | S84: 40584.254 | T84: 42145.187 | U84: 4123.6919
A85: WG52A2A0TR | B85: =IFERROR(HYPERLINK(VLOOKUP(A85,ÜRÜNLER!A:C,3,FALSE),VLOOKUP(A85,ÜRÜNLER!A:B,2,FALSE)),"") -> iQ500 Çamaşır Makinesi, 10kg/1200devir, i-dos, Beyaz | L85: 1 | N85: =M85+K85+L85+J85+I85+H85+G85+F85+E85+D85+C85 -> 1 | O85: 0 | Q85: devamı yok | R85: 40000 | S85: 41600 | T85: 43200 | W85: 500
A86: WG52A2F0TR | B86: =IFERROR(HYPERLINK(VLOOKUP(A86,ÜRÜNLER!A:C,3,FALSE),VLOOKUP(A86,ÜRÜNLER!A:B,2,FALSE)),"") -> iQ500 Çamaşır Makinesi, 10kg/1200devir, i-dos, Beyaz | E86: 1 | I86: 1 | K86: 1 | L86: 1 | M86: 1 | N86: =M86+K86+L86+J86+I86+H86+G86+F86+E86+D86+C86 -> 5 | O86: 0 | Q86: devamı yok | R86: 40000 | S86: 41600 | T86: 43200 | W86: 500
A87: WG52A2Z0TR | B87: =IFERROR(HYPERLINK(VLOOKUP(A87,ÜRÜNLER!A:C,3,FALSE),VLOOKUP(A87,ÜRÜNLER!A:B,2,FALSE)),"") -> iQ500 Çamaşır Makinesi, 10kg/1200devir, Beyaz | L87: 1 | N87: =M87+K87+L87+J87+I87+H87+G87+F87+E87+D87+C87 -> 1 | O87: 0 | Q87: devamı yok | R87: 40000 | S87: 41600 | T87: 43200 | V87: 3490.44 | W87: 500
A88: WG52A2ZXTR | B88: =IFERROR(HYPERLINK(VLOOKUP(A88,ÜRÜNLER!A:C,3,FALSE),VLOOKUP(A88,ÜRÜNLER!A:B,2,FALSE)),"") -> iQ300 Çamaşır Makinesi, 10kg/1200devir, Gümüş | E88: 1 | N88: =M88+K88+L88+J88+I88+H88+G88+F88+E88+D88+C88 -> 1 | O88: 0 | Q88: devamı yok | R88: 40000 | S88: 41600 | T88: 43200 | W88: 500
A89: WG52K2Z0TR | B89: =IFERROR(HYPERLINK(VLOOKUP(A89,ÜRÜNLER!A:C,3,FALSE),VLOOKUP(A89,ÜRÜNLER!A:B,2,FALSE)),"") -> iQ500 Çamaşır Makinesi, 10kg/1200devir, Beyaz | I89: 1 | J89: 1 | N89: =M89+K89+L89+J89+I89+H89+G89+F89+E89+D89+C89 -> 2 | O89: 0 | Q89: devamı yok | R89: 38000 | S89: 39520 | T89: 41040 | W89: 500
A90: WG52K2Z1TR | B90: =IFERROR(HYPERLINK(VLOOKUP(A90,ÜRÜNLER!A:C,3,FALSE),VLOOKUP(A90,ÜRÜNLER!A:B,2,FALSE)),"") -> iQ500 Çamaşır Makinesi, 10kg/1200devir, Beyaz | C90: 12 | F90: 1 | I90: 1 | J90: 1 | K90: 1 | N90: =M90+K90+L90+J90+I90+H90+G90+F90+E90+D90+C90 -> 16 | O90: 0 | Q90: 49269.644 | R90: 46806.162 | S90: 48678.408 | T90: 50550.655
A91: WG52K2ZSTR | B91: =IFERROR(HYPERLINK(VLOOKUP(A91,ÜRÜNLER!A:C,3,FALSE),VLOOKUP(A91,ÜRÜNLER!A:B,2,FALSE)),"") -> iQ500 Çamaşır Makinesi, 10kg/1200devir, Gümüş | C91: 5 | I91: 1 | N91: =M91+K91+L91+J91+I91+H91+G91+F91+E91+D91+C91 -> 6 | O91: 10 | Q91: 51282.033 | R91: 48717.931 | S91: 50666.649 | T91: 52615.366
A92: WG52K2ZXTR | B92: =IFERROR(HYPERLINK(VLOOKUP(A92,ÜRÜNLER!A:C,3,FALSE),VLOOKUP(A92,ÜRÜNLER!A:B,2,FALSE)),"") -> iQ500 Çamaşır Makinesi, 10kg/1200devir, Gümüş | J92: 1 | N92: =M92+K92+L92+J92+I92+H92+G92+F92+E92+D92+C92 -> 1 | O92: 0 | Q92: devamı yok | R92: 40000 | S92: 41600 | T92: 43200 | W92: 500
A93: WG54A2Z0TR | B93: =IFERROR(HYPERLINK(VLOOKUP(A93,ÜRÜNLER!A:C,3,FALSE),VLOOKUP(A93,ÜRÜNLER!A:B,2,FALSE)),"") -> iQ300 Çamaşır Makinesi, 10kg/1400devir, Beyaz | L93: 1 | N93: =M93+K93+L93+J93+I93+H93+G93+F93+E93+D93+C93 -> 1 | O93: 0 | Q93: devamı yok | R93: 42000 | S93: 43680 | T93: 45360 | W93: 500
A94: WG54B200TR | B94: =IFERROR(HYPERLINK(VLOOKUP(A94,ÜRÜNLER!A:C,3,FALSE),VLOOKUP(A94,ÜRÜNLER!A:B,2,FALSE)),"") -> iQ700 Çamaşır Makinesi, 10kg/1400devir, intelligentDosing, Beyaz | N94: =M94+K94+L94+J94+I94+H94+G94+F94+E94+D94+C94 -> 0 | O94: 0 | Q94: 54926.756 | R94: 52561.489 | S94: 54663.948 | T94: 56766.408
A95: WG54B2A1TR | B95: =IFERROR(HYPERLINK(VLOOKUP(A95,ÜRÜNLER!A:C,3,FALSE),VLOOKUP(A95,ÜRÜNLER!A:B,2,FALSE)),"") -> iQ700 Çamaşır Makinesi, 10kg/1400devir, i-dos, Beyaz | L95: 1 | N95: =M95+K95+L95+J95+I95+H95+G95+F95+E95+D95+C95 -> 1 | O95: 0 | Q95: devamı yok | R95: 52000 | S95: 54080 | T95: 56160 | W95: 500
A96: WG54B2AXTR | B96: =IFERROR(HYPERLINK(VLOOKUP(A96,ÜRÜNLER!A:C,3,FALSE),VLOOKUP(A96,ÜRÜNLER!A:B,2,FALSE)),"") -> iQ700 Çamaşır Makinesi, 10kg/1400devir, i-dos, Gümüş | J96: 1 | N96: =M96+K96+L96+J96+I96+H96+G96+F96+E96+D96+C96 -> 1 | O96: 0 | Q96: devamı yok | R96: 55000 | S96: 57200 | T96: 59400 | W96: 500
A97: WG54K2Y0TR | B97: =IFERROR(HYPERLINK(VLOOKUP(A97,ÜRÜNLER!A:C,3,FALSE),VLOOKUP(A97,ÜRÜNLER!A:B,2,FALSE)),"") -> iQ500 Çamaşır Makinesi, 10kg/1400devir, i-dos, Beyaz | C97: 18 | I97: 2 | M97: 1 | N97: =M97+K97+L97+J97+I97+H97+G97+F97+E97+D97+C97 -> 21 | O97: 0 | Q97: 49417.857 | R97: 46946.964 | S97: 48824.843 | T97: 50702.722
A98: WG64B2A0TR | B98: =IFERROR(HYPERLINK(VLOOKUP(A98,ÜRÜNLER!A:C,3,FALSE),VLOOKUP(A98,ÜRÜNLER!A:B,2,FALSE)),"") -> iQ700 Çamaşır Makinesi, 11kg/1400devir, intelligentDosing, Beyaz | N98: =M98+K98+L98+J98+I98+H98+G98+F98+E98+D98+C98 -> 0 | O98: 2 | Q98: 63701.588 | R98: 60958.457 | S98: 63396.796 | T98: 65835.134
A99: WG64B2AXTR | B99: =IFERROR(HYPERLINK(VLOOKUP(A99,ÜRÜNLER!A:C,3,FALSE),VLOOKUP(A99,ÜRÜNLER!A:B,2,FALSE)),"") -> iQ700 Çamaşır Makinesi, 11kg/1400devir, intelligentDosingPlus, Gümüş | M99: 1 | N99: =M99+K99+L99+J99+I99+H99+G99+F99+E99+D99+C99 -> 1 | O99: 2 | Q99: 65605.401 | R99: 62780.288 | S99: 65291.5 | T99: 67802.711
A100: WG64K2F0TR | B100: =IFERROR(HYPERLINK(VLOOKUP(A100,ÜRÜNLER!A:C,3,FALSE),VLOOKUP(A100,ÜRÜNLER!A:B,2,FALSE)),"") -> iQ500 Çamaşır Makinesi, 11kg/1400devir, i-dos, Beyaz | L100: 1 | N100: =M100+K100+L100+J100+I100+H100+G100+F100+E100+D100+C100 -> 1 | O100: 0 | Q100: devamı yok | R100: 40000 | S100: 41600 | T100: 43200 | W100: 500
...

Sheet Bundle Kampanya
C3: 2'li LDA alımında perakende de 5.000 TL İndirim! | D3: 2’li LDA alımında perakende de 5.000 ₺ indirim uygulanır. “diğer kampanyalar ile birleşemez” 4.000 ₺ kdv dahil fiyat farkı hak edişi ödenecektir. (Buzdolabı-Çamaşır-Bulaşık-Kurutma-Derin Dondurucu) (XL-XXL Buzdolapları hariç) | I3: Seçili Ankastre Set Alımına perakende de 5.000 TL İndirim! | J3: Geçerli Ankastre Fırınlar
J5: HB012FBH1T, HB012FBB1T, HB012FBW1T + (phase out iQ300 ve iQ500 segment modeller) Ankastre fırınlarda geçerlidir.
J9: Uygulama koşulları : Seçili ankastre fırınlar ile set (fırın+ocak+dav.) set alana perakende de 5.000 ₺ indirim uygulanır. Diğer fırınlarda geçerli değildir. KDV dahil 3.700 ₺ hak ediş ödenir. Giriş setlerde( HB011* ve giriş segment muadili fırın modelleri, EB6C5PK80O - EB6C5PB82O ocak, LC64PCC20T - LC64PCC50T - LC64PCC60T davlumbaz modelleri) geçerli değildir.
C13: Çamaşır + Kurutma alımında perakende de 10.000 TL İndirim! | D13: Çamaşır ile Kurutma birlikte alımında perakende de 10.000 ₺ indirim uygulanır.“diğer kampanyalar ile birleşemez” 8.000 ₺ kdv dahil fiyat farkı hak edişi ödenecektir. (Çamaşır + Kurutma)
I17: Seçili Fırınlarla Ankastre set alana perakende de 10.000 TL indirim! | J17: Geçerli Ankastre Setler
J19: HB557JEB6T, HB734G1B1, HB776G1B1, HB778G3B1, HR776G3B1, HS736G1B2, VB558C0S0, CM724G1B1, HJ852GYB0T, HJ852GYN0T, HJ852GYW0T, HU736AEN0T, HU736AEA0T, HU736AEV0T, HU736AEG0T, HR232GEB3, HU717ABN0T, HU717ABA0T, HU717ABV0T, CD714GXB1
C23: 150.000 TL ve üzeri Beyaz Eşya alımlarında TE651209RW kahve makinesi perakende de 50% indirimli! | D23: 150.000 TL ve üzeri beyaz eşya alımlarında TE651209RW kahve makinesi perakende de 50% (20.000 TL) indirim uygulanır. Diğer FAEM'lerde aynı tutarda indirim uygulanır. 5.000₺ kdv dahil fiyat farkı hak edişi ödenecektir . (150.000 TL ve üzeri sepet tutarında Buzdolabı-Çamaşır-Bulaşık-Kurutma-Derin Dondurucu ürün grupları dahildir.) | J23: Uygulama koşulları : Seçili ankastre fırınlar ile set (fırın+ocak+dav.) set alana perakende de 10.000 ₺ indirim uygulanır. KDV dahil 7.600 ₺ hak ediş ödenir. Giriş setlerde( HB011* ve giriş segment muadili fırın modelleri, EB6C5PK80O - EB6C5PB82O ocak, LC64PCC20T - LC64PCC50T - LC64PCC60T davlumbaz modelleri) geçerli değildir.

Sheet ÜRÜNLER
A1: Ürün No | B1: Ürün Adı | C1: Ürün Linki | D1: Ürün Grubu | E1: Marka
A2: 50PUS8009/62 | B2: Philips 50" 4K Ambilight LED TV (Titan OS) (50PUS8009/62) | C2: https://www.philips.com.tr/c-p/50PUS8009_62/led-50pus8009-4k-ambilight-tv | D2: Televizyon | E2: Philips
A3: 55PUS8349/62 | B3: Philips 55" 4K Ambilight LED TV (Titan OS) (55PUS8349/62) | C3: https://www.philips.com.tr/c-p/55PUS8349_62/led-55pus8349-4k-ambilight-tv | D3: Televizyon | E3: Philips
A4: AS09IVW32N | B4: Siemens Ev Tipi Klima İç Ünite, 9.000BTU, Beyaz | C4: https://www.siemens-home.bsh-group.com/tr/tr/product/klimalar/AS09XVW32N | D4: Klima | E4: Siemens
A5: AS09OVW32N | B5: Siemens Ev Tipi Klima Dış Ünite, 9.000BTU, Beyaz | C5: https://www.siemens-home.bsh-group.com/tr/tr/product/klimalar/AS09XVW32N | D5: Klima | E5: Siemens
A6: AS12IVW30N | B6: Siemens Ev Tipi Klima İç Ünite, 12.000BTU, Beyaz | C6: https://www.siemens-home.bsh-group.com/tr/tr/product/klimalar/AS12XVW32N | D6: Klima | E6: Siemens
A7: AS12IVW32N | B7: Siemens Ev Tipi Klima İç Ünite, 12.000BTU, Beyaz | C7: https://www.siemens-home.bsh-group.com/tr/tr/product/klimalar/AS12XVW32N | D7: Klima | E7: Siemens
A8: AS12IXB32N | B8: Siemens Ev Tipi Klima İç Ünite, 12.000BTU, Siyah | C8: https://www.siemens-home.bsh-group.com/tr/tr/product/klimalar/AS12XXB32N | D8: Klima | E8: Siemens
A9: AS12OVW30N | B9: Siemens Ev Tipi Klima Dış Ünite, 12.000BTU, Beyaz | C9: https://www.siemens-home.bsh-group.com/tr/tr/product/klimalar/AS12XVW32N | D9: Klima | E9: Siemens
A10: AS12OVW32N | B10: Siemens Ev Tipi Klima Dış Ünite, 12.000BTU, Beyaz | C10: https://www.siemens-home.bsh-group.com/tr/tr/product/klimalar/AS12XVW32N | D10: Klima | E10: Siemens
A11: AS12OXB32N | B11: Siemens Ev Tipi Klima Dış Ünite, 12.000BTU, Beyaz | C11: https://www.siemens-home.bsh-group.com/tr/tr/product/klimalar/AS12XXB32N | D11: Klima | E11: Siemens
A12: AS18IVW30N | B12: Siemens Ev Tipi Klima İç Ünite, 18.000BTU, Beyaz | C12: https://www.siemens-home.bsh-group.com/tr/tr/product/klimalar/AS18XVW32N | D12: Klima | E12: Siemens
... A633: EP6A2PI40O | B633: iQ500 Gazlı Ocak, 60cm, Sert Cam, Beyaz, Döküm | C633: https://www.siemens-home.bsh-group.com/tr/tr/product/pisirme-grubu/ocaklar/gazli-ocaklar/EP6A2PI40O | D633: Ocak | E633: Siemens
A634: TP605EM3 | B634: EQ600 iAroma Tam Otomatik Kahve Makinesi, Siyah/Inox | D634: Kahve Makinesi | E634: Siemens
A635: TP607ET5 | B635: EQ600 iAroma Tam Otomatik Kahve Makinesi, Siyah/Dark Inox | C635: https://www.siemens-home.bsh-group.com/tr/tr/product/kahve-makineleri/tam-otomatik-kahve-makineleri/coffeemachinesautomatedfreestandingeq600/TP607ET5 | D635: Kahve Makinesi | E635: Siemens
A636: TP601E01 | B636: EQ600 iAroma Tam Otomatik Kahve Makinesi, Sabah Sisi Grisi | C636: https://www.siemens-home.bsh-group.com/tr/tr/product/kahve-makineleri/tam-otomatik-kahve-makineleri/coffeemachinesautomatedfreestandingeq600/TP601E01 | D636: Kahve Makinesi | E636: Siemens
A637: TP551E19 | B637: EQ500 iAroma Tam Otomatik Kahve Makinesi, Piano Black | D637: Kahve Makinesi | E637: Siemens
A638: TP553E05 | B638: EQ500 iAroma Tam Otomatik Kahve Makinesi, Piano Black | D638: Kahve Makinesi | E638: Siemens
A639: KD55NNWE1N | B639: iQ300 Üstten Donduruculu Kulpsuz Buzdolabı, 70cm, Beyaz (TF70 Kahvaltılık Çekmeceli) | C639: https://www.siemens-home.bsh-group.com/tr/tr/product/buzdolaplari-ve-derin-dondurucular/solo-buzdolaplari-ve-derin-dondurucular/ustten-donduruculu-solo-buzdolaplari/KD55NNWE1N | D639: Buzdolabı | E639: Siemens
A640: KD55NNLE1N | B640: iQ300 Üstten Donduruculu Kulpsuz Buzdolabı, 70cm, Inox Görünümlü (TF70 Kahvaltılık Çekmeceli) | C640: https://www.siemens-home.bsh-group.com/tr/tr/product/buzdolaplari-ve-derin-dondurucular/solo-buzdolaplari-ve-derin-dondurucular/ustten-donduruculu-solo-buzdolaplari/KD55NNLE1N | D640: Buzdolabı | E640: Siemens
A641: EP6A9HB20 | B641: iQ500 Gazlı Ocak, 60cm, Sert Cam, Antrasit Gri, Döküm, Wok | C641: https://www.siemens-home.bsh-group.com/tr/tr/product/kampanyalar/ankastre-set-indirim/ocaklar/EP6A9HB20 | D641: Ocak | E641: Siemens
A642: LC66GCD50T | B642: iQ300 Düz Davlumbaz, 60cm, 620m3, Cam Dekor Inox | C642: https://www.siemens-home.bsh-group.com/tr/tr/product/LC66GCD50T | D642: Davlumbaz/Aspiratör | E642: Siemens
A643: WT7WH460TR | B643: iQ500 Isı Pompalı Kurutma Makinesi, 9kg, Beyaz | C643: https://www.siemens-home.bsh-group.com/tr/tr/product/camasir-ve-kurutma-makineleri/WT7WH460TR | D643: Kurutma Makinesi | E643: Siemens
A644: KG56NUWF0N | B644: iQ300 Alttan Donduruculu Kulpsuz Buzdolabı, 70cm, Beyaz | C644: https://www.siemens-home.bsh-group.com/tr/tr/product/prsiemensfridge/KG56NUWF0N | D644: Buzdolabı | E644: Siemens
A645: HF12G240 | B645: iQ500 Ankastre Mikrodalga, Izgaralı, Beyaz | C645: https://www.siemens-home.bsh-group.com/tr/tr/product/HF12G240 | D645: Mikrodalga | E645: Siemens
A646: EO7C2HO12O | B646: iQ300 Gazlı Ocak, 67cm, Sert Cam, Beyaz, Wok | C646: https://www.siemens-home.bsh-group.com/tr/tr/product/pisirme-grubu/ocaklar/gazli-ocaklar/EO7C2HO12O | D646: Ocak | E646: Siemens
A647: KG56NVIF0N | B647: iQ300 Alttan Donduruculu Kulpsuz Buzdolabı, 70cm, Inox | C647: https://www.siemens-home.bsh-group.com/tr/tr/product/prsiemensfridge15/KG56NVIF0N | D647: Buzdolabı | E647: Siemens
A648: EO0C6PO12O | B648: iQ300 Gazlı Ocak, 67cm, Sert Cam, Siyah | C648: https://www.siemens-home.bsh-group.com/tr/tr/product/EO0C6PO12O | D648: Ocak | E648: Siemens
A649: EN6B2PO10O | B649: iQ300 Gazlı Ocak, 67cm, Sert Cam, Beyaz | C649: https://www.siemens-home.bsh-group.com/tr/tr/product/EN6B2PO10O | D649: Ocak | E649: Siemens
A650: SN23EW63MT | B650: iQ300 Solo Bulaşık Makinesi, autoOpen dry, Üstten Sepetli, Beyaz | C650: https://www.siemens-home.bsh-group.com/tr/tr/product/bulasik-makineleri/solo-bulasik-makineleri/tam-ebatli-bulasik-makineleri-60cm/SN23EW63MT | D650: Bulaşık Makinesi | E650: Siemens
... A654: SN23IW63KT | B654: iQ300 Solo Bulaşık Makinesi, Beyaz | C654: https://www.siemens-home.bsh-group.com/tr/tr/product/bulasik-makineleri/solo-bulasik-makineleri/tam-ebatli-bulasik-makineleri-60cm/SN23IW63KT | D654: Bulaşık Makinesi | E654: Siemens
